food,Caloric Value,Fat,Saturated Fats,Monounsaturated Fats,Polyunsaturated Fats,Carbohydrates,Sugars,Protein,Dietary Fiber,Cholesterol,Sodium,Water,Vitamin A,Vitamin B1,Vitamin B11,Vitamin B12,Vitamin B2,Vitamin B3,Vitamin B5,Vitamin B6,Vitamin C,Vitamin D,Vitamin E,Vitamin K,Calcium,Copper,Iron,Magnesium,Manganese,Phosphorus,Potassium,Selenium,Zinc,Nutrition Density,Food Category
cream cheese,51,5.0,2.9,1.3,0.2,0.8,0.5,0.9,0.0,14.6,0.016,7.6,0.2,0.033,0.064,0.092,0.097,0.084,0.052,0.096,0.004,0.0,0.0,0.1,0.008,14.1,0.082,0.027,1.3,0.091,15.5,19.1,0.039,7.07,Dairy & Cheese
neufchatel cheese,215,19.4,10.9,4.9,0.8,3.1,2.7,7.8,0.0,62.9,0.3,53.6,0.2,0.099,0.079,0.09,0.1,0.2,0.5,0.078,0.0,0.0,0.3,0.045,99.5,0.034,0.1,8.5,0.088,117.3,129.2,0.054,0.7,130.1,Dairy & Cheese
requeijao cremoso light catupiry,49,3.6,2.3,0.9,0.0,0.9,3.4,0.8,0.1,0.0,0.0,0.0,0.0,0.0,0.0,0.0,0.0,0.0,0.0,0.0,0.0,0.0,0.0,0.0,0.0,0.0,0.0,0.0,0.0,0.0,0.0,0.0,0.0,5.4,Other
ricotta cheese,30,2.0,1.3,0.5,0.002,1.5,0.091,1.5,0.0,9.8,0.017,14.7,0.075,0.019,0.079,0.091,0.027,0.041,0.016,0.007,0.006,0.0,0.001,0.011,0.097,41.2,0.097,0.096,4.0,0.024,30.8,43.8,0.035,5.196,Dairy & Cheese
cream cheese low fat,30,2.3,1.4,0.6,0.042,1.2,0.9,1.2,0.0,8.1,0.046,10.0,0.016,0.08,0.062,0.049,0.026,0.08,0.1,0.003,0.0,0.036,0.009,0.019,22.2,0.072,0.008,1.2,0.098,22.8,37.1,0.034,0.053,27.007,Dairy & Cheese
cream cheese fat free,19,0.2,0.1,0.091,0.075,1.4,1.0,2.8,0.0,2.2,0.1,12.9,0.063,0.02,0.089,0.092,0.021,0.025,0.2,0.038,0.0,0.0,0.049,0.059,63.2,0.039,0.053,4.0,0.028,94.1,50.0,0.013,0.3,67.679,Dairy & Cheese
gruyere cheese,116,9.1,5.3,2.8,0.5,0.1,0.1,8.3,0.0,30.8,0.2,9.3,0.061,0.021,0.072,0.078,0.004,0.043,0.2,0.051,0.0,0.034,0.035,0.048,283.1,0.033,0.094,10.1,0.002,169.4,22.7,0.079,1.1,300.694,Dairy & Cheese
cheddar cheese,113,9.3,5.3,2.6,0.3,0.9,0.1,6.4,0.0,27.7,0.2,10.3,0.054,0.031,0.005,0.073,0.1,0.01,0.1,0.005,0.0,0.06,0.2,0.035,198.8,0.099,0.077,7.6,0.063,127.4,21.3,0.009,1.0,215.53,Dairy & Cheese
parmesan cheese,71,4.5,2.7,1.4,0.1,0.6,0.046,6.4,0.0,12.2,0.2,5.4,0.067,0.062,0.099,0.059,0.057,0.039,0.06,0.066,0.0,0.095,0.018,0.021,213.1,0.051,0.1,7.9,0.073,124.9,16.6,0.045,0.5,224.777,Dairy & Cheese
romano cheese,19,1.3,0.9,0.4,0.035,0.2,0.088,1.6,0.0,5.2,0.008,1.5,0.064,0.058,0.026,0.045,0.059,0.055,0.025,0.029,0.0,0.073,0.078,0.004,53.2,0.046,0.03,2.1,0.002,38.0,4.3,0.087,0.1,56.38,Dairy & Cheese
parmesan cheese grated,21,1.4,0.8,0.4,0.036,0.7,0.075,1.4,0.0,4.3,0.043,1.1,0.017,0.003,0.015,0.091,0.081,0.077,0.057,0.077,0.007,0.0,0.002,0.014,0.012,42.7,0.094,0.094,1.7,0.026,31.4,9.0,0.038,3.745,Dairy & Cheese
port salut cheese,465,37.2,22.0,12.3,1.0,0.8,0.8,31.4,0.0,162.4,0.7,60.0,0.4,0.012,0.035,0.067,0.3,0.019,0.3,0.08,0.0,0.057,0.3,0.094,858.0,0.062,0.6,31.7,0.095,475.2,179.5,0.015,3.4,928.4,Dairy & Cheese
swiss cheese,98,7.7,4.6,2.0,0.3,0.4,0.0,6.7,0.0,23.3,0.057,9.4,0.069,0.008,0.027,0.008,0.018,0.058,0.1,0.036,0.0,0.016,0.2,0.056,222.5,0.026,0.024,8.3,0.062,143.5,18.0,0.031,1.1,237.396,Dairy & Cheese
goat cheese hard,128,10.1,7.0,2.3,0.2,0.6,0.6,8.6,0.0,29.7,0.076,8.2,0.1,0.071,0.035,0.093,0.3,0.7,0.1,0.007,0.0,0.044,0.083,0.039,253.3,0.2,0.5,15.3,0.088,206.3,13.6,0.082,0.4,273.2,Dairy & Cheese
gouda cheese,100,7.7,4.9,2.2,0.2,0.6,0.6,7.0,0.0,31.9,0.2,11.6,0.053,0.016,0.042,0.01,0.009,0.081,0.011,0.053,0.0,0.04,0.026,0.074,196.0,0.013,0.06,8.1,0.08,152.9,33.9,0.05,1.1,211.424,Dairy & Cheese
pepper jack cheese lucerne,75,6.0,4.0,0.0,0.0,0.0,0.0,5.0,2.5,0.0,0.0,0.0,0.0,0.0,0.0,0.0,0.0,0.0,0.0,0.0,0.0,0.0,0.0,0.0,0.0,0.0,0.0,0.0,0.0,0.0,0.0,0.0,0.0,13.5,Dairy & Cheese
gjetost cheese,1058,67.0,43.5,17.9,2.1,96.8,0.0,21.9,0.0,213.4,1.4,30.5,0.8,0.7,0.076,0.047,3.1,1.8,7.6,0.6,0.0,0.0,0.0,0.0,908.0,0.2,1.2,158.9,0.035,1007.9,3198.4,0.039,2.6,1095.7,Dairy & Cheese
tilsit cheese,136,10.4,6.7,2.9,0.3,0.8,0.0,9.8,0.0,40.8,0.3,17.1,0.057,0.036,0.072,0.058,0.1,0.068,0.1,0.036,0.0,0.0,0.0,0.0,280.0,0.033,0.01,5.2,0.086,200.0,26.0,0.026,1.4,301.069,Dairy & Cheese
goat cheese,103,8.4,5.8,1.9,0.2,0.009,0.031,6.1,0.0,22.4,0.1,12.9,0.1,0.013,0.011,0.086,0.2,0.3,0.03,0.087,0.0,0.078,0.082,0.046,84.3,0.2,0.5,8.2,0.008,106.1,44.7,0.005,0.2,99.494,Dairy & Cheese
brick cheese,111,8.9,5.6,2.6,0.2,0.8,0.2,7.0,0.0,28.2,0.2,12.3,0.016,0.042,0.059,0.074,0.1,0.085,0.086,0.033,0.0,0.042,0.072,0.064,202.2,0.093,0.1,7.2,0.085,135.3,40.8,0.056,0.8,219.002,Dairy & Cheese
asadero cheese,402,31.9,20.3,9.1,1.0,3.2,3.2,25.5,0.0,118.7,0.7,47.6,0.098,0.034,0.005,0.043,0.3,0.2,0.3,0.024,0.0,0.071,0.3,0.02,746.9,0.067,0.6,29.4,0.024,500.6,97.2,0.096,3.4,808.175,Dairy & Cheese
camembert cheese,90,7.3,4.6,2.1,0.2,0.1,0.1,5.9,0.0,21.6,0.3,15.5,0.091,0.054,0.043,0.034,0.1,0.2,0.4,0.017,0.0,0.093,0.014,0.024,116.4,0.046,0.063,6.0,0.075,104.1,56.1,0.035,0.7,129.826,Dairy & Cheese
provolone cheese reduced fat,310,19.9,12.8,5.5,0.6,4.0,0.6,27.9,0.0,62.2,1.0,57.2,0.2,0.05,0.063,0.079,0.4,0.2,0.5,0.061,0.0,0.027,0.2,0.076,854.3,0.077,0.6,31.6,0.096,560.5,155.9,0.054,3.6,906.9,Dairy & Cheese
roquefort cheese,314,26.0,16.4,7.2,1.1,1.7,0.0,18.3,0.0,76.5,1.5,33.5,0.2,0.092,0.037,0.002,0.5,0.6,1.5,0.1,0.0,0.0,0.0,0.0,562.7,0.005,0.5,25.5,0.036,333.2,77.4,0.081,1.8,609.4,Dairy & Cheese
queso blanco cheese,366,28.7,16.1,7.6,1.4,3.0,2.1,24.0,0.0,82.6,0.8,57.5,0.2,0.097,0.0,0.022,0.3,0.038,0.5,0.1,0.0,0.05,0.6,0.061,814.2,0.098,0.2,34.2,0.067,551.1,148.7,0.016,3.6,870.3,Dairy & Cheese
queso seco cheese,315,23.6,13.3,6.2,1.2,2.0,0.5,23.8,0.0,75.7,1.8,40.9,0.2,0.038,0.0,0.01,0.2,0.027,0.4,0.049,0.0,0.032,0.5,0.045,641.2,0.091,0.2,26.2,0.083,460.8,112.5,0.048,3.2,691.0,Dairy & Cheese
goat cheese soft,75,6.0,4.1,1.4,0.1,0.0,0.3,5.2,0.0,13.0,0.1,17.2,0.049,0.057,0.037,0.012,0.1,0.1,0.2,0.036,0.0,0.092,0.01,0.093,39.6,0.2,0.5,4.5,0.026,72.4,7.4,0.014,0.3,51.311,Dairy & Cheese
mozzarella cheese,90,6.6,4.2,2.0,0.2,0.7,0.0,6.7,0.0,23.7,0.1,15.0,0.037,0.088,0.088,0.081,0.071,0.013,0.089,0.016,0.0,0.044,0.001,0.008,151.5,0.057,0.1,6.0,0.019,106.2,22.8,0.047,0.9,165.648,Dairy & Cheese
chihuahua cheese,494,39.2,24.9,11.1,1.2,7.3,7.3,28.5,0.0,138.6,0.8,51.7,0.007,0.053,0.031,0.082,0.3,0.2,0.4,0.061,0.0,0.089,0.3,0.011,859.3,0.03,0.6,30.4,0.047,583.4,68.6,0.071,4.6,934.983,Dairy & Cheese
limburger cheese,98,8.2,5.0,2.6,0.1,0.1,0.1,6.0,0.0,27.0,0.2,14.5,0.1,0.021,0.095,0.082,0.2,0.009,0.4,0.002,0.0,0.004,0.055,0.046,149.1,0.036,0.011,6.3,0.054,117.9,38.4,0.029,0.6,163.575,Dairy & Cheese
muenster cheese,486,39.7,25.2,11.5,0.9,1.5,1.5,30.9,0.0,126.7,0.8,55.1,0.4,0.016,0.009,0.085,0.4,0.1,0.3,0.072,0.0,0.065,0.3,0.056,946.4,0.008,0.5,35.6,0.093,617.8,176.9,0.059,3.7,1019.4,Dairy & Cheese
queso fresco cheese,365,29.1,15.8,7.3,1.3,3.6,2.8,22.1,0.0,84.2,0.9,62.7,0.3,0.019,0.029,0.076,0.2,0.05,0.4,0.06,0.0,0.055,0.5,0.087,690.5,0.025,0.2,29.3,0.053,469.7,157.4,0.073,3.1,745.8,Dairy & Cheese
brie cheese,100,8.3,5.2,2.4,0.2,0.1,0.1,6.2,0.0,30.0,0.2,14.5,0.014,0.04,0.025,0.073,0.2,0.1,0.2,0.001,0.0,0.068,0.078,0.056,55.2,0.015,0.2,6.0,0.047,56.4,45.6,0.04,0.7,70.096,Dairy & Cheese
pimento cheese,525,43.7,27.5,12.5,1.4,2.4,0.9,31.0,0.1,131.6,2.0,54.7,0.3,0.023,0.043,0.016,0.5,0.1,0.7,0.011,3.2,0.099,0.4,0.086,859.6,0.032,0.6,30.8,0.031,1041.6,226.8,0.089,4.2,940.9,Dairy & Cheese
mexican cheese,316,21.7,13.0,5.6,0.8,3.8,0.6,27.7,0.0,69.4,0.9,54.0,0.2,0.091,0.027,0.05,0.3,0.017,0.0,0.04,0.0,0.087,0.2,0.073,1283.5,0.034,0.1,39.2,0.0,653.0,104.2,0.006,4.8,1337.0,Dairy & Cheese
feta cheese,80,6.4,4.0,1.4,0.2,1.2,0.0,4.3,0.0,26.7,0.3,16.6,0.014,0.063,0.021,0.076,0.3,0.3,0.3,0.1,0.0,0.06,0.036,0.057,147.9,0.012,0.2,5.7,0.063,101.1,18.6,0.005,0.9,160.058,Dairy & Cheese
mozzarella cheese fat free,159,0.0,0.0,0.0,0.0,4.0,1.7,35.8,2.0,20.3,0.8,68.0,0.1,0.079,0.011,0.025,0.3,0.1,0.0,0.055,0.0,0.0,0.2,0.018,1085.9,0.077,0.4,37.3,0.0,741.3,119.8,0.035,4.4,1128.2,Dairy & Cheese
provolone cheese,463,35.1,22.5,9.8,1.0,2.8,0.7,33.8,0.0,91.1,1.2,54.1,0.3,0.013,0.017,0.005,0.4,0.2,0.6,0.052,0.0,0.028,0.3,0.001,997.9,0.011,0.7,37.0,0.033,654.7,182.2,0.017,4.3,1070.6,Dairy & Cheese
anejo cheese,492,39.6,25.1,11.3,1.2,6.1,6.1,28.3,0.0,138.6,1.5,50.2,0.098,0.069,0.081,0.077,0.3,0.088,0.3,0.011,0.0,0.032,0.3,0.078,897.6,0.058,0.6,37.0,0.067,586.1,114.8,0.095,3.9,972.205,Dairy & Cheese
honey,64,0.0,0.0,0.0,0.0,17.3,17.2,0.08,0.025,0.0,0.011,3.6,0.0,0.0,0.022,0.0,0.003,0.012,0.03,0.004,0.1,0.0,0.0,0.0,1.3,0.061,0.017,0.4,0.098,0.8,10.9,0.021,0.008,18.892,Other
apple butter,35,0.063,0.038,0.066,0.064,8.5,7.1,0.045,0.3,0.0,0.003,11.3,0.0,0.078,0.02,0.0,0.053,0.092,0.005,0.057,0.1,0.0,0.06,0.075,2.8,0.085,0.025,0.8,0.093,1.6,18.2,0.078,0.095,11.836,Spreads & Butters
fruit jam,56,0.095,0.021,0.065,0.0,13.8,9.7,0.0,0.2,0.0,0.052,6.1,0.0,0.083,0.076,0.0,0.024,0.07,0.045,0.037,1.8,0.0,0.062,0.0,4.0,0.022,0.07,0.8,0.002,3.8,15.4,0.054,0.03,19.919,Other
chocolate hazelnut spread,100,5.5,5.3,0.0,0.0,11.5,10.0,1.0,1.0,0.0,0.099,0.2,0.0,0.005,0.02,0.042,0.036,0.072,0.1,0.056,0.0,0.0,0.9,0.071,20.0,0.061,0.8,11.8,0.2,28.1,75.3,0.021,0.2,39.8,Desserts & Sweets
peanut butter,88,7.4,1.4,3.1,1.7,3.6,1.0,3.3,0.9,0.0,0.085,0.2,0.0,0.0,0.081,0.063,0.0,0.041,2.0,0.2,0.078,0.0,0.0,0.9,0.0,8.1,0.079,0.3,26.9,0.2,50.3,88.8,0.044,15.268,Spreads & Butters
peanut spread,101,8.5,1.6,4.2,2.5,2.2,0.5,3.8,1.2,0.0,0.028,0.3,0.0,0.091,0.079,0.0,0.025,2.5,0.2,0.049,0.0,0.0,1.2,0.046,11.2,0.1,0.4,25.4,0.3,54.3,126.8,0.078,0.5,27.3,Spreads & Butters
chicken spread,88,9.8,1.8,2.7,1.3,2.3,0.3,10.1,0.2,31.4,0.4,32.1,0.076,0.06,0.048,0.064,0.003,1.5,0.2,0.016,0.0,0.0,0.0,0.0,9.0,0.049,0.5,6.7,0.083,49.8,59.4,0.029,0.6,31.972,Spreads & Butters
cheese spread,708,68.6,43.2,19.4,2.5,8.4,8.4,17.0,0.0,216.0,1.2,140.4,0.7,0.071,0.027,0.011,0.5,2.3,0.0,0.051,0.0,0.091,1.8,0.098,170.4,0.02,2.7,14.4,0.0,218.4,268.8,0.065,1.2,267.8,Spreads & Butters
tahini,86,7.2,1.0,2.7,3.2,3.9,0.0,2.7,1.4,0.0,0.098,0.5,0.0,0.2,0.034,0.0,0.086,0.9,0.1,0.036,0.0,0.0,0.0,0.0,63.0,0.2,0.4,14.4,0.2,112.8,62.1,0.0,0.7,78.6,Spreads & Butters
orange marmalade,49,0.0,0.0,0.0,0.0,13.3,12.0,0.014,0.1,0.0,0.016,6.6,0.0,0.098,0.06,0.0,0.075,0.065,0.028,0.046,1.0,0.0,0.089,0.0,7.6,0.076,0.053,0.4,0.055,0.8,7.4,0.057,0.046,22.119,Fruits
american cheese spread,46,3.4,2.1,1.0,0.062,1.4,1.2,2.6,0.0,8.8,0.3,7.6,0.043,0.012,0.066,0.022,0.076,0.089,0.1,0.086,0.0,0.014,0.022,0.046,89.9,0.061,0.079,4.6,0.062,140.0,38.7,0.052,0.4,97.357,Spreads & Butters
apricot jam,48,0.01,0.042,0.0,0.0,12.9,8.7,0.1,0.044,0.0,0.004,6.9,0.0,0.0,0.017,0.0,0.053,0.096,0.087,0.068,1.8,0.0,0.048,0.0,4.0,0.07,0.066,0.8,0.099,0.6,15.4,0.009,0.062,18.91,Fruits
chunky peanut butter,94,8.0,1.2,3.7,2.2,3.5,1.3,3.8,1.3,0.0,0.03,0.2,0.0,0.018,0.094,0.0,0.013,2.2,0.2,0.072,0.0,0.0,1.0,0.016,7.2,0.002,0.3,25.6,0.3,51.0,119.2,0.045,0.4,24.1,Spreads & Butters
ham and cheese spread,37,2.8,1.3,1.1,0.2,0.3,0.0,2.4,0.0,9.2,0.2,8.9,0.03,0.0,0.094,0.035,0.066,0.3,0.098,0.041,0.0,0.0,0.0,0.0,32.6,0.087,0.1,2.7,0.063,74.3,24.3,0.065,0.3,38.238,Spreads & Butters
chicken and rice casserole homade,27,1.0,0.0,0.0,0.0,2.4,0.0,2.0,0.3,0.0,0.0,0.0,0.0,0.0,0.0,0.0,0.0,0.0,0.0,0.0,0.0,0.0,0.0,0.0,0.0,0.0,0.0,0.0,0.0,0.0,0.0,0.0,0.0,5.7,Poultry
picnic loaf,65,4.7,1.7,2.2,0.5,1.3,0.0,4.2,0.0,10.6,0.3,16.9,0.0,0.1,0.005,0.004,0.01,0.6,0.2,0.083,0.0,0.025,0.0,0.0,13.2,0.078,0.3,4.2,0.094,35.0,74.8,0.025,0.6,23.7,Other
corn tamale,309,12.0,4.4,4.0,2.6,44.3,12.3,5.8,5.3,0.0,0.5,101.8,0.0,0.098,0.0,0.0,0.023,2.2,0.6,0.3,0.0,0.0,0.7,0.052,39.8,0.02,0.9,48.1,0.4,154.4,308.8,0.075,1.0,108.1,Vegetables
baked potato with cheese sauce bacon,451,25.9,10.1,9.7,4.8,44.4,0.0,18.4,0.0,29.9,1.0,194.4,0.2,0.3,0.011,0.007,0.2,4.0,1.3,0.7,28.7,0.0,0.0,0.0,308.0,0.6,3.1,68.8,0.5,346.8,1178.1,0.01,2.2,428.7,Red Meat
chinese egg roll,223,10.6,1.9,2.7,5.0,24.3,0.0,7.4,2.3,14.2,0.4,45.0,0.0,0.1,0.0,0.079,0.001,2.4,0.3,0.1,0.0,0.0,0.0,0.066,35.6,0.1,1.3,16.0,0.2,75.7,146.9,0.0,0.6,81.5,Eggs
butter croissant,231,12.0,6.6,3.1,0.6,26.1,6.4,4.7,1.5,38.2,0.2,13.2,0.1,0.2,0.021,0.092,0.1,1.2,0.5,0.095,0.1,0.0,0.5,0.022,21.1,0.07,1.2,9.1,0.2,59.9,67.3,0.054,0.4,66.8,Bread & Bakery
enchilada with cheese beef,323,17.6,9.0,6.1,1.4,30.5,0.0,11.9,0.0,40.3,1.3,128.4,0.016,0.056,0.075,0.036,0.4,2.5,1.4,0.3,1.3,0.0,0.0,0.0,228.5,0.5,3.1,82.6,0.6,167.0,574.1,0.092,2.7,292.933,Red Meat
corned beef hash with potatoes,387,24.2,10.2,12.4,0.7,21.9,0.8,20.6,2.6,75.5,1.0,166.0,0.0,0.2,0.013,0.062,0.1,3.7,1.0,0.5,2.1,0.0,0.057,0.017,44.8,0.0,2.4,30.7,0.2,132.2,405.9,0.034,3.3,118.6,Red Meat
biscuit with egg cheese bacon,436,25.3,8.5,11.7,2.8,35.4,2.5,17.4,0.3,240.7,1.2,62.3,0.1,0.4,0.097,0.067,0.4,3.4,1.1,0.2,0.0,0.095,1.5,0.098,149.4,0.4,2.3,21.8,0.2,526.4,190.0,0.087,1.6,230.2,Red Meat
bagel with ham egg cheese,483,18.5,7.9,5.7,3.3,52.4,7.0,26.7,0.4,242.6,1.3,88.7,0.2,0.7,0.1,0.048,0.6,6.0,1.4,0.1,0.0,0.001,1.2,0.018,185.3,0.4,4.1,40.1,0.4,397.3,261.7,0.098,2.4,287.6,Red Meat
quesadilla with chicken,529,27.5,11.1,6.8,7.4,43.3,3.4,27.1,3.1,66.6,1.3,76.7,0.1,0.4,0.073,0.012,0.3,7.6,0.0,0.1,0.2,0.1,0.5,0.03,484.2,0.1,3.2,45.0,0.5,563.4,329.4,0.025,2.6,588.7,Poultry
corn rice,110,0.3,0.02,0.0,0.1,25.2,3.0,1.8,0.4,0.0,0.2,1.1,0.2,1.8,0.0,0.0,1.1,8.6,0.007,1.7,11.2,0.0,0.035,0.0,2.9,0.013,9.9,5.5,0.2,22.3,30.5,0.043,2.2,51.9,Vegetables
kung pao chicken,779,42.2,8.2,13.1,18.2,41.5,18.3,59.0,9.1,157.0,2.4,451.7,0.0,0.2,0.0,0.034,0.3,16.7,3.0,1.5,42.9,0.0,6.2,0.012,120.8,0.4,4.6,145.0,1.5,567.8,1316.7,0.097,4.5,320.1,Poultry
beef empanada,298,16.3,4.6,6.3,3.8,27.8,1.6,10.1,1.8,23.1,0.4,33.4,0.0,0.2,0.0,0.094,0.2,4.2,0.4,0.1,0.0,0.0,0.6,0.072,17.8,0.051,2.4,18.7,0.2,91.7,169.1,0.037,1.7,76.2,Red Meat
frijoles with cheese,225,7.8,4.1,2.6,0.7,28.7,0.0,11.4,0.0,36.7,0.9,115.4,0.008,0.1,0.1,0.085,0.3,1.5,1.1,0.2,1.5,0.0,0.0,0.0,188.7,0.3,2.2,85.2,0.5,175.4,604.5,0.013,1.7,240.305,Dairy & Cheese
burrito with beef,285,8.1,1.7,1.7,4.0,43.9,4.1,9.1,4.4,2.6,0.5,65.8,0.036,0.036,0.4,0.2,0.023,0.2,3.2,1.8,0.1,0.4,0.0,0.5,0.042,67.1,0.2,3.2,40.0,0.5,150.9,270.9,0.002,65.89,Red Meat
crispy chicken sandwich,350,17.6,3.3,4.0,8.4,33.2,3.9,14.8,0.0,0.0,0.7,57.9,0.0,0.0,0.0,0.0,0.0,0.0,0.0,0.0,0.0,0.0,0.0,0.0,46.6,0.09,1.9,25.2,0.3,229.3,233.1,0.0,0.7,114.1,Poultry
enchilada with cheese,374,25.3,11.5,6.4,3.8,21.2,3.6,15.4,2.6,57.5,0.7,71.8,0.7,0.3,0.081,0.073,0.036,0.3,0.9,1.3,0.2,0.8,0.0,1.8,0.0,430.2,0.2,0.9,39.7,0.2,367.2,191.8,0.03,65.6,Dairy & Cheese
pork egg roll,189,6.1,1.3,2.0,2.1,25.1,4.5,8.4,1.8,11.9,0.3,43.6,0.0,0.2,0.019,0.071,0.023,1.9,0.4,0.1,24.9,0.085,0.2,0.064,28.9,0.024,1.3,17.0,0.3,77.4,180.2,0.071,0.8,96.5,Red Meat
corn on the cob with butter,155,3.4,1.6,1.0,0.6,31.9,0.0,4.5,0.0,5.8,0.056,105.2,0.004,0.2,0.045,0.0,0.1,2.2,0.4,0.3,6.9,0.0,0.0,0.0,4.4,0.0,0.9,40.9,0.0,108.0,359.2,0.034,0.9,52.078,Vegetables
pancakes with butter syrup,260,7.0,2.9,2.6,1.0,45.4,0.0,4.1,0.0,29.0,0.6,57.7,0.015,0.2,0.082,0.046,0.3,1.7,0.3,0.051,1.7,0.0,0.7,0.0,63.8,0.073,1.3,24.4,0.2,237.8,125.3,0.075,0.5,123.319,Condiments & Sauces
burrito with beans,224,6.7,3.4,2.4,0.6,35.7,0.0,7.0,0.0,2.2,0.5,57.0,0.0,0.3,0.067,0.093,0.3,2.0,1.0,0.2,1.0,0.0,0.0,0.0,56.4,0.2,2.3,43.4,0.4,48.8,326.6,0.024,0.8,109.1,Legumes & Beans
scrambled eggs,100,7.6,2.9,2.8,0.9,1.0,0.8,6.5,0.0,200.2,0.1,31.3,0.066,0.066,0.045,0.041,0.2,0.095,0.4,0.076,1.6,0.086,0.5,0.001,26.8,0.093,1.2,6.6,0.066,113.7,69.1,0.012,0.8,44.726,Other
baked potato with sour cream,393,22.3,10.0,7.9,3.3,50.0,0.0,6.7,0.0,24.2,0.2,209.7,0.2,0.3,0.086,0.009,0.2,3.7,1.5,0.8,33.8,0.0,0.0,0.0,105.7,0.7,3.1,69.5,0.6,184.2,1383.2,0.088,0.9,221.8,Dairy & Cheese
turkey and gravy,161,6.3,2.0,2.3,1.1,11.1,0.0,14.1,0.0,43.2,1.3,204.2,0.018,0.067,0.058,0.099,0.3,4.3,0.5,0.2,0.0,0.0,0.0,0.0,33.6,0.035,2.2,19.2,0.045,194.4,146.4,0.003,1.7,67.374,Poultry
chicken egg roll,158,3.6,0.8,1.1,1.5,22.8,4.5,8.4,1.9,11.2,0.4,43.3,0.085,0.2,0.013,0.019,0.1,2.9,0.5,0.2,9.0,0.0,0.3,0.072,37.6,0.056,1.4,24.0,0.3,94.4,224.8,0.032,0.4,84.75,Poultry
vegetable egg roll,153,3.6,0.6,1.0,1.7,25.0,5.3,5.2,2.2,0.0,0.4,42.5,0.0,0.2,0.04,0.014,0.1,1.6,0.3,0.1,10.7,0.0,0.4,0.099,35.9,0.082,1.5,20.3,0.4,64.7,195.0,0.005,0.4,84.1,Eggs
ham cheese roll,67,5.2,2.0,2.4,0.6,1.1,0.0,3.8,0.0,16.2,0.3,16.9,0.0,0.2,0.004,0.008,0.033,1.0,0.1,0.019,0.0,0.061,0.037,0.0,16.2,0.078,0.3,4.5,0.0,70.8,82.3,0.018,0.6,26.6,Red Meat
biscuit with ham,386,18.4,11.4,4.8,1.0,43.8,2.2,13.4,0.8,24.9,1.1,32.1,0.05,0.5,0.003,0.0,0.3,3.5,0.4,0.1,0.1,0.08,1.4,0.089,160.5,0.054,2.7,22.6,0.4,553.7,196.6,0.011,1.6,239.732,Red Meat
lemon chicken,1440,74.9,12.2,16.4,36.7,122.0,55.2,68.6,7.0,203.8,1.5,363.6,0.099,0.3,0.069,0.028,0.4,23.3,3.1,1.5,15.9,0.045,8.1,0.2,248.4,0.2,8.4,95.6,0.6,821.7,987.4,0.001,3.2,545.212,Poultry
hummus,435,21.1,2.8,12.0,5.2,49.5,0.7,12.0,9.8,0.0,0.6,159.6,0.0,0.2,0.1,0.0,0.1,1.0,0.7,1.0,19.4,0.0,1.8,0.059,120.5,0.6,3.8,71.3,1.4,270.6,425.6,0.038,2.7,236.1,Other
croissant with egg cheese,368,24.7,14.1,7.5,1.4,24.3,0.0,12.8,0.0,215.9,0.6,57.7,0.0,0.2,0.096,0.043,0.4,1.5,1.1,0.1,0.1,0.0,0.0,0.0,243.8,0.077,2.2,21.6,0.2,348.0,174.0,0.065,1.8,307.9,Eggs
enchirito with cheese beef beans,344,16.1,7.9,6.5,0.3,33.8,0.0,17.9,0.0,50.2,1.3,121.0,0.074,0.2,0.028,0.051,0.7,3.0,1.8,0.2,4.6,0.0,0.0,0.0,218.1,0.3,2.4,71.4,0.4,223.9,559.7,0.016,2.8,292.984,Red Meat
sweet sour pork,38,2.2,0.4,0.5,1.0,3.3,1.4,1.2,0.1,3.4,0.003,7.1,0.003,0.073,0.0,0.002,0.053,0.3,0.086,0.003,0.3,0.0,0.1,0.058,6.4,0.024,0.4,1.8,0.054,18.6,21.3,0.053,0.1,13.977,Red Meat
crab cake,160,10.4,2.2,4.3,3.1,5.1,0.0,11.3,0.2,82.2,0.5,32.0,0.062,0.039,0.07,0.019,0.016,1.2,0.3,0.1,0.2,0.0,0.0,0.0,202.2,0.4,1.1,25.2,0.3,226.8,162.0,0.029,2.1,230.596,Seafood
egg dinner roll,107,2.2,0.6,1.0,0.4,18.2,1.5,3.3,1.3,17.5,0.2,10.6,0.051,0.2,0.096,0.06,0.2,1.2,0.2,0.065,0.0,0.0,0.1,0.082,20.7,0.04,1.2,8.8,0.2,35.4,36.4,0.066,0.4,46.913,Eggs
english muffin with egg cheese sausage,472,29.9,11.4,11.2,4.6,28.8,2.5,22.1,0.3,269.0,0.8,80.6,0.1,0.6,0.001,0.093,0.4,5.3,1.8,0.1,0.0,0.063,1.6,0.051,277.2,0.3,4.3,28.1,0.3,297.0,242.6,0.064,1.7,362.7,Red Meat
buttermilk pancakes,86,3.5,0.7,0.9,1.7,10.9,0.0,2.6,0.0,22.0,0.2,20.0,0.094,0.017,0.009,0.089,0.1,0.6,0.2,0.025,0.2,0.0,0.0,0.0,59.7,0.067,0.6,5.7,0.023,52.8,55.1,0.073,0.2,77.568,Other
omelet,94,7.1,2.0,3.0,1.7,0.4,0.2,6.4,0.0,190.9,0.013,46.4,0.4,0.1,0.006,0.041,0.055,0.2,0.09,0.8,0.003,0.0,0.098,0.8,0.05,29.3,0.07,0.9,6.7,0.031,101.9,71.4,0.03,14.377,Eggs
taco with chicken cheese lettuce,185,6.2,2.5,1.6,1.6,19.3,1.3,13.0,1.2,28.4,0.6,57.3,0.014,0.2,0.029,0.094,0.1,5.1,0.0,0.1,0.2,0.017,0.2,0.075,119.6,0.012,1.6,23.5,0.2,239.1,212.7,0.093,0.7,161.153,Poultry
spinach souffle,230,17.6,10.1,5.0,1.0,8.0,2.5,10.7,1.0,160.5,0.8,96.2,0.2,0.1,0.025,0.061,0.4,0.7,0.6,0.1,9.9,0.063,1.3,0.2,224.4,0.093,1.6,40.8,0.4,189.0,314.2,0.01,1.2,273.4,Vegetables
english muffin with cheese sausage,365,22.3,8.8,8.5,3.4,27.3,2.1,14.3,0.5,46.4,0.7,41.0,0.074,0.5,0.046,0.042,0.2,4.6,0.8,0.096,0.0,0.085,0.6,0.01,226.8,0.3,3.4,22.7,0.3,181.4,193.3,0.036,1.3,294.696,Red Meat
potato gratin,328,18.6,11.6,5.3,0.7,27.6,0.0,12.4,4.4,56.4,1.1,181.3,0.2,0.2,0.053,0.0,0.3,2.4,0.9,0.4,24.3,0.0,0.0,0.0,291.6,0.4,1.6,49.0,0.4,276.9,970.2,0.036,1.7,380.7,Vegetables
biscuit with egg,436,25.3,8.5,11.7,2.8,35.4,2.5,17.4,0.3,240.7,1.2,62.3,0.1,0.4,0.1,0.002,0.4,3.4,0.9,0.2,0.1,0.027,1.5,0.037,149.4,0.077,2.3,21.8,0.3,526.4,190.0,0.007,1.6,230.3,Eggs
french fries deep fried,222,10.5,1.7,4.2,3.8,29.4,0.2,2.4,2.7,0.0,0.1,27.4,0.063,0.0,0.1,0.002,0.0,0.008,2.1,0.4,0.3,3.3,0.0,1.2,0.075,12.8,0.038,0.6,24.9,0.2,88.8,411.1,0.019,45.364,Other
sweet sour chicken,46,2.3,0.4,0.5,1.2,4.4,2.1,1.8,0.2,4.9,0.043,9.5,0.031,0.002,0.0,0.057,0.015,0.7,0.1,0.024,0.4,0.0,0.2,0.098,8.2,0.098,0.4,2.7,0.1,24.7,28.9,0.04,0.057,17.773,Poultry
burrito with beans beef,460,18.0,7.0,7.8,1.4,47.0,5.3,27.8,7.2,62.7,1.4,144.6,0.096,0.4,0.2,0.088,0.3,5.3,0.8,0.5,4.6,0.059,1.1,0.022,216.9,0.3,4.6,60.3,0.6,392.8,648.3,0.031,4.8,326.183,Red Meat
nachos with cinnamon sugar,592,36.0,18.2,11.8,4.1,63.4,0.0,7.2,0.0,39.2,0.4,1.1,0.0,0.2,0.059,0.056,0.4,3.9,1.9,0.2,8.0,0.0,0.0,0.0,85.0,0.2,2.9,19.6,0.5,32.7,78.5,0.044,0.6,202.5,Snacks
arroz con grandules,209,5.7,0.9,1.2,2.7,35.4,0.0,4.0,1.6,0.0,0.7,67.7,0.0,0.01,0.0,0.0,0.076,0.6,0.3,0.026,0.0,0.0,0.8,0.066,9.2,0.1,0.3,16.1,0.7,62.1,96.6,0.0,0.9,56.2,Other
chili con carne,271,8.8,3.2,3.6,1.0,33.1,4.7,14.7,8.3,22.8,1.1,191.5,0.4,0.095,0.049,0.005,0.091,0.029,2.0,3.6,0.3,0.5,0.0,1.3,0.063,83.5,0.6,3.4,70.8,0.4,220.1,667.9,0.039,66.245,Other
arroz con abichuelas,223,5.4,0.8,1.1,2.5,37.3,0.2,6.2,4.1,0.0,0.6,105.6,0.0,0.045,0.0,0.0,0.072,1.3,0.3,0.069,0.0,0.0,0.4,0.046,23.6,0.2,1.9,33.0,0.7,117.8,304.6,0.071,1.1,78.5,Other
biscuit with sausage,412,27.1,8.2,13.5,3.4,33.3,1.8,10.7,0.4,31.1,0.9,36.4,0.0,0.4,0.078,0.012,0.2,3.8,0.5,0.031,0.0,0.044,0.9,0.035,52.2,0.3,2.1,14.4,0.2,378.5,169.8,0.012,0.8,125.8,Red Meat
vegetarian stew,304,7.4,1.2,1.8,3.8,17.3,3.1,42.0,2.7,0.0,1.0,172.9,0.0,1.7,0.3,0.093,1.5,29.6,0.0,2.7,0.0,0.0,1.2,0.041,76.6,1.6,3.2,313.7,0.0,543.4,296.4,0.05,2.7,149.2,Other
chicken sandwich with cheese,632,38.8,12.4,13.7,9.9,41.6,0.0,29.4,0.0,77.5,1.2,104.9,0.2,0.4,0.1,0.092,0.5,9.1,1.3,0.4,3.0,0.0,0.0,0.0,257.6,0.2,3.6,43.3,0.4,405.8,332.9,0.073,2.9,374.2,Poultry
biscuit with egg steak,410,28.4,8.6,11.7,5.8,21.3,0.0,17.9,0.0,272.3,0.9,77.7,0.2,0.4,0.018,0.063,0.5,3.1,1.1,0.2,0.1,0.0,0.0,0.0,137.6,0.1,5.3,25.2,0.2,225.0,306.4,0.039,2.8,210.8,Red Meat
taco salad,212,11.2,5.2,3.9,1.3,17.9,0.0,10.0,0.0,33.0,0.6,108.5,0.0,0.091,0.072,0.097,0.3,1.9,1.0,0.2,2.7,0.0,0.0,0.0,145.5,0.2,1.7,39.0,0.3,108.0,315.0,0.001,2.0,189.0,Other
succotash,213,1.5,0.3,0.3,0.7,46.8,0.0,9.7,0.0,0.0,0.5,131.3,0.0,0.3,0.053,0.0,0.2,2.5,1.1,0.2,15.7,0.0,0.0,0.0,32.6,0.3,2.9,101.8,1.5,224.6,787.2,0.038,1.2,109.2,Other
nachos with cheese jalapeno peppers,608,34.1,14.0,14.4,4.0,60.1,0.0,16.8,0.0,83.6,1.7,87.1,0.4,0.1,0.044,0.05,0.5,2.8,2.4,0.4,1.0,0.0,0.0,0.0,620.2,0.2,2.4,108.1,0.4,393.7,293.8,0.083,2.9,735.0,Dairy & Cheese
biscuit with egg ham,442,27.0,5.9,11.0,7.7,31.4,4.2,20.4,0.8,299.5,1.4,108.7,0.1,0.7,0.058,0.062,0.6,2.0,1.7,0.3,0.0,0.093,2.1,0.057,220.8,0.1,4.6,30.7,0.3,316.8,318.7,0.005,2.2,305.1,Red Meat
ladyfingers,103,2.6,0.9,1.1,0.4,16.9,7.2,3.0,0.3,62.5,0.016,5.5,0.0,0.096,0.078,0.05,0.1,0.6,0.3,0.077,1.0,0.033,0.2,0.002,13.3,0.063,1.0,3.4,0.063,49.0,32.0,0.037,0.3,38.1,Vegetables
mozzarella steak fried,102,5.9,2.2,1.5,1.6,7.7,0.7,4.6,0.6,10.2,0.2,11.8,0.023,0.025,0.097,0.045,0.088,0.3,0.1,0.018,0.0,0.096,0.3,0.071,107.9,0.02,0.2,6.8,0.052,99.8,35.7,0.094,0.6,126.963,Red Meat
tamale navajo,285,11.4,4.5,5.1,1.3,33.7,1.8,11.7,5.8,31.6,0.8,126.7,0.0,0.057,0.069,0.032,0.1,3.0,0.4,0.3,3.2,0.0,0.0,0.0,53.9,0.1,2.3,40.9,0.3,184.1,243.7,0.053,2.8,122.0,Other
blueberry pancakes,84,3.5,0.8,0.9,1.6,11.0,0.0,2.3,0.0,21.3,0.2,20.2,0.023,0.016,0.093,0.044,0.1,0.6,0.2,0.054,0.8,0.0,0.0,0.0,78.3,0.031,0.7,6.1,0.089,57.4,52.4,0.01,0.2,96.631,Other
chimichanga with beef cheese,443,23.4,11.2,9.4,0.7,39.3,0.0,20.1,0.0,51.2,1.0,96.4,0.1,0.4,0.052,0.012,0.9,4.7,1.8,0.2,2.7,0.0,0.0,0.0,237.9,0.4,3.8,60.4,0.5,186.7,203.1,0.085,3.4,327.3,Red Meat
egg cheese sandwich,340,19.4,6.6,8.3,2.6,25.9,0.0,15.6,0.0,290.5,0.8,82.2,0.2,0.3,0.021,0.028,0.6,2.1,0.9,0.1,1.5,0.0,0.0,0.0,224.8,0.1,3.0,21.9,0.2,302.2,188.3,0.067,1.6,290.4,Eggs
biscuit with egg bacon,458,31.1,8.0,13.4,7.5,28.6,3.3,17.0,0.8,352.5,1.3,70.0,0.082,0.1,0.038,0.04,0.2,2.4,1.2,0.1,2.7,0.066,2.0,0.098,189.0,0.1,3.7,24.0,0.3,238.5,250.5,0.059,1.6,272.958,Red Meat
pupusas con queso,300,15.5,7.6,4.0,1.8,26.2,1.4,13.7,3.4,37.4,0.5,58.9,0.1,0.099,0.0,0.066,0.1,0.6,0.4,0.2,0.0,0.0,0.5,0.073,380.3,0.081,0.7,42.1,0.1,317.1,140.4,0.07,2.2,439.9,Other
apple croissant,145,5.0,2.8,1.4,0.4,21.1,0.0,4.2,1.4,17.7,0.2,26.0,0.031,0.1,0.022,0.035,0.022,0.9,0.3,0.038,0.3,0.0,0.0,0.0,17.1,0.006,0.6,7.4,0.1,33.1,51.3,0.024,0.6,49.733,Fruits
refried red beans,336,16.1,2.2,3.9,10.2,36.0,0.0,11.7,11.0,0.0,0.9,164.8,0.0,0.053,0.094,0.0,0.092,1.5,0.4,0.2,0.0,0.0,2.4,0.0,76.9,0.5,4.5,83.9,0.7,212.0,722.3,0.058,1.6,156.2,Legumes & Beans
tostada with guacamole,180,11.6,4.9,4.2,1.5,16.0,0.0,6.2,0.0,19.6,0.4,94.6,0.016,0.092,0.004,0.047,0.3,1.0,1.0,0.1,1.8,0.0,0.0,0.0,211.4,0.1,0.8,36.5,0.2,116.1,324.9,0.096,2.0,247.853,Other
chicken sandwich,468,20.9,4.0,8.4,5.9,39.1,6.8,30.4,2.6,65.5,1.4,91.5,0.077,0.03,0.4,0.1,0.053,0.6,14.4,0.6,0.7,1.5,0.031,4.5,0.012,108.5,0.2,3.3,44.9,0.5,346.0,458.2,0.064,94.051,Poultry
fried rice,228,3.2,0.7,0.8,1.3,43.4,0.6,6.5,1.5,32.2,0.6,85.4,0.076,0.052,0.076,0.0,0.088,0.9,0.0,0.066,0.0,0.059,0.2,0.081,19.6,0.1,1.0,14.0,0.6,77.0,123.2,0.062,1.1,75.203,Grains & Cereals
pupusas del cerdo,283,12.7,3.9,4.8,2.7,28.1,1.8,14.0,3.2,35.4,0.5,64.8,0.064,0.1,0.0,0.057,0.1,2.9,0.8,0.3,0.0,0.0,0.4,0.016,59.8,0.06,1.2,46.4,0.2,197.6,311.1,0.091,2.0,119.087,Other
turkey pot pie,699,34.9,11.4,13.7,5.5,70.3,0.0,25.8,4.4,63.5,1.4,260.8,0.0,0.0,0.0,0.0,0.0,0.0,0.0,0.0,0.0,0.0,0.0,0.0,0.0,0.0,4.0,0.0,0.0,0.0,0.0,0.0,0.0,139.4,Poultry
cheese croissant,331,16.7,8.5,5.2,1.9,37.6,9.1,7.4,2.1,45.6,0.3,16.8,0.2,0.4,0.025,0.068,0.3,1.7,0.7,0.064,0.2,0.0,1.2,0.022,42.4,0.018,1.7,19.2,0.3,104.0,105.6,0.027,0.8,108.3,Dairy & Cheese
chimichanga with beef,425,19.7,8.5,8.1,1.1,42.8,0.0,19.6,0.0,8.7,0.9,88.2,0.0,0.5,0.068,0.042,0.6,5.8,2.1,0.3,4.7,0.0,0.0,0.0,62.6,0.4,4.5,62.6,0.6,123.5,586.4,0.029,5.0,153.9,Red Meat
french toast with butter,178,9.4,3.9,3.5,1.2,18.0,0.0,5.2,0.0,58.1,0.3,34.2,0.088,0.3,0.083,0.084,0.2,2.0,0.3,0.004,0.004,0.0,0.0,0.0,36.5,0.072,0.9,8.1,0.1,72.9,88.4,0.065,0.3,70.093,Breakfast Foods
ham egg cheese sandwich,347,16.3,7.4,5.7,1.7,30.9,0.0,19.2,0.0,246.0,1.0,73.1,0.2,0.4,0.042,0.095,0.6,4.2,0.9,0.2,2.7,0.0,0.0,0.0,211.6,0.1,3.1,25.7,0.2,346.1,210.2,0.067,2.0,284.0,Red Meat
english muffin with butter,189,5.8,2.4,1.5,1.3,30.4,0.0,4.9,0.0,12.6,0.4,20.6,0.089,0.3,0.098,0.0,0.3,2.6,0.1,0.005,0.8,0.0,0.1,0.0,102.7,0.098,1.6,13.2,0.2,85.1,69.3,0.092,0.4,146.209,Bread & Bakery
savoury noodle one pan dinner tandaco,172,1.2,0.5,32.9,3.6,5.5,0.0,0.0,0.0,0.0,0.0,0.0,0.0,0.0,0.0,0.0,0.0,0.0,0.0,0.0,0.0,0.0,0.0,0.0,0.0,0.0,0.0,0.0,0.0,0.0,0.0,0.0,0.0,6.7,Pasta & Noodles
ham cheese sandwich,352,15.5,6.4,6.7,1.4,33.3,0.0,20.7,0.0,58.4,0.8,74.2,0.019,0.3,0.07,0.026,0.5,2.7,1.0,0.2,2.8,0.0,0.3,0.0,129.9,0.2,3.2,16.1,0.1,151.8,290.5,0.078,1.4,205.416,Red Meat
sweet gefilte fish,35,0.7,0.2,0.3,0.1,3.1,0.0,3.8,0.0,12.6,0.2,33.7,0.062,0.028,0.064,0.076,0.024,0.4,0.085,0.067,0.3,0.0,0.0,0.0,9.7,0.01,1.0,3.8,0.051,30.7,38.2,0.038,0.3,18.677,Seafood
poached egg,72,4.7,1.6,1.8,1.0,0.4,0.2,6.3,0.0,185.0,0.1,37.9,0.088,0.059,0.051,0.061,0.2,0.022,0.8,0.09,0.0,0.084,0.5,0.032,28.0,0.071,0.9,6.0,0.044,98.5,69.0,0.014,0.6,40.398,Eggs
tostada with beef cheese,315,16.3,10.4,3.3,1.0,22.8,0.0,19.0,0.0,40.8,0.9,101.1,0.022,0.034,0.076,0.069,0.6,3.1,1.9,0.2,2.6,0.0,0.0,0.0,216.8,0.3,2.9,63.6,0.5,179.3,572.1,0.093,3.7,280.498,Red Meat
tostada with beans cheese,223,9.9,5.4,3.1,0.7,26.5,0.0,9.6,0.0,30.2,0.5,95.4,0.011,0.1,0.05,0.017,0.3,1.3,1.1,0.2,1.3,0.0,0.0,0.0,210.2,0.2,1.9,59.0,0.4,116.6,403.2,0.072,1.9,259.467,Dairy & Cheese
pork tamale,247,12.8,3.8,4.6,2.9,22.4,0.7,10.4,3.4,28.4,0.7,93.8,0.037,0.045,0.0,0.045,0.05,1.8,0.5,0.2,0.0,0.0,0.8,0.033,106.5,0.043,1.2,36.9,0.3,170.4,215.8,0.048,1.7,156.766,Red Meat
nachos with cheese,274,17.2,1.7,11.2,4.0,27.9,1.7,3.5,2.6,2.4,0.3,29.9,0.044,0.09,0.065,0.041,0.006,0.1,0.5,0.9,0.2,0.9,0.0,3.3,0.05,50.4,0.029,0.6,33.6,0.2,158.4,289.6,0.068,51.581,Dairy & Cheese
pulled pork in barbecue sauce,418,11.0,3.5,4.5,1.9,46.7,37.8,32.8,3.0,87.2,1.7,151.9,0.0,0.4,0.042,0.067,0.3,7.5,2.0,0.6,0.5,0.064,2.2,0.099,109.6,0.2,3.1,54.8,0.2,400.9,759.5,0.049,4.6,206.7,Red Meat
baked potato with cheese sauce,474,28.7,10.6,10.7,6.0,46.5,0.0,14.6,0.0,17.8,0.4,194.6,0.3,0.2,0.078,0.01,0.2,3.3,1.3,0.7,26.0,0.0,0.0,0.0,310.8,0.6,3.0,65.1,0.5,319.7,1166.2,0.042,1.9,429.9,Dairy & Cheese
baked beans,310,10.3,3.9,4.3,1.5,43.3,0.0,11.1,11.0,10.0,0.8,130.3,0.0,0.0,0.3,0.031,0.0,0.036,0.8,0.3,0.2,2.2,0.0,0.0,0.0,122.0,0.3,4.0,86.0,0.5,218.0,716.0,0.052,76.2,Legumes & Beans
arroz con frijoles,220,5.6,1.1,1.3,2.3,35.6,1.3,6.8,5.0,0.0,0.6,95.6,0.0,0.2,0.0,0.0,0.024,1.5,0.4,0.071,0.0,0.0,0.7,0.096,54.0,0.2,2.3,38.0,0.6,127.0,327.0,0.069,1.1,109.3,Other
taco with beef cheese lettuce,156,8.8,3.0,3.0,2.1,13.7,0.6,6.1,2.7,19.3,0.3,39.3,0.043,0.07,0.025,0.075,0.098,1.1,0.0,0.056,0.3,0.06,0.4,0.057,61.4,0.005,0.8,22.1,0.2,122.8,144.2,0.083,1.2,93.825,Red Meat
burrito with beans cheese beef,165,6.6,3.6,2.2,0.5,19.8,0.0,7.3,0.0,61.9,0.5,65.9,0.0,0.2,0.034,0.045,0.4,1.9,0.8,0.1,2.5,0.0,0.0,0.0,65.0,0.2,1.9,25.4,0.2,70.0,205.0,0.051,1.2,103.1,Red Meat
egg mix,30,2.2,0.8,0.8,0.4,0.098,0.091,2.4,0.0,81.5,0.012,0.1,0.078,0.092,0.091,0.085,0.069,0.093,0.073,0.3,0.034,0.0,0.049,0.2,0.078,12.2,0.055,0.4,1.7,0.015,31.5,27.0,0.043,4.876,Eggs
falafel,57,3.0,0.4,1.7,0.7,5.4,0.0,2.3,0.0,0.0,0.081,5.9,0.0,0.0,0.006,0.009,0.0,0.074,0.2,0.011,0.01,0.3,0.0,0.0,0.0,9.2,0.002,0.6,13.9,0.1,32.6,99.5,0.018,10.763,Other
taco salad with chili con carne,193,8.8,4.0,3.0,1.0,17.7,0.0,11.6,0.0,3.5,0.6,133.6,0.1,0.1,0.067,0.063,0.3,1.7,1.0,0.3,2.3,0.0,0.0,0.0,163.6,0.2,1.8,34.8,0.2,102.7,261.0,0.0,2.2,205.9,Other
wonton wrappers,93,0.5,0.022,0.033,0.2,18.5,0.0,3.1,0.6,2.9,0.2,9.2,0.097,0.2,0.082,0.0,0.1,1.7,0.051,0.007,0.0,0.0,0.0,0.0,15.0,0.039,1.1,6.4,0.2,25.9,26.2,0.02,0.2,38.815,Other
hushpuppies,512,20.5,3.2,5.0,11.0,69.9,3.1,11.7,4.3,68.4,1.0,44.1,0.074,0.5,0.1,0.008,0.5,4.2,0.5,0.2,0.3,0.0,1.9,0.01,422.6,0.1,4.6,36.5,0.3,287.3,218.9,0.078,1.0,533.994,Other
chicken pot pie,598,34.6,12.6,11.9,8.3,57.3,7.2,14.6,3.0,51.3,1.2,191.6,0.0,0.2,0.1,0.024,0.03,4.5,1.1,0.2,3.0,0.024,1.1,0.034,63.4,0.1,1.8,33.2,0.6,226.5,317.1,0.003,1.3,177.7,Poultry
general tsos chicken,1578,87.5,14.8,20.8,40.1,128.3,62.1,69.0,4.8,283.6,2.3,241.6,0.081,0.1,0.049,0.08,0.6,15.3,3.3,1.1,8.6,0.015,6.5,0.2,64.2,0.2,6.2,96.3,0.4,679.5,1075.4,0.065,7.0,368.673,Poultry
burrito with beans cheese,379,11.2,4.3,2.3,4.1,57.8,3.2,13.6,7.8,9.3,1.0,98.4,0.033,0.4,0.2,0.081,0.2,3.7,0.0,0.2,0.7,0.02,1.0,0.02,229.4,0.3,4.4,62.9,0.8,301.6,482.9,0.04,1.6,324.946,Dairy & Cheese
vegetarian fillets,247,15.3,2.4,3.7,7.9,7.7,0.7,19.6,5.2,0.0,0.4,38.3,0.0,0.9,0.026,0.014,0.8,10.2,0.0,1.3,0.0,0.0,2.9,0.0,80.8,0.8,1.7,19.6,0.0,382.5,510.0,0.043,1.2,130.3,Other
biscuit with egg sausage,505,33.6,10.4,16.2,4.8,34.1,1.5,18.0,0.3,260.8,1.1,72.1,0.071,0.5,0.035,0.083,0.4,4.0,1.5,0.1,0.0,0.047,1.5,0.042,82.6,0.4,3.1,21.1,0.2,505.4,241.4,0.002,1.5,171.757,Red Meat
chicken chow mein,513,16.9,3.0,3.7,7.4,50.1,10.5,40.8,6.0,96.6,1.9,489.3,0.093,0.2,0.0,0.092,0.1,8.9,1.6,1.1,12.1,0.0,2.6,0.1,126.8,0.2,4.0,66.4,0.6,326.2,749.0,0.086,1.9,256.797,Poultry
fruit burrito,231,9.5,4.6,3.4,1.1,35.0,0.0,2.5,0.0,3.7,0.2,26.4,0.0,0.2,0.029,0.015,0.2,1.9,0.9,0.079,0.7,0.0,0.0,0.0,15.5,0.051,1.1,7.4,0.1,14.8,104.3,0.024,0.4,64.3,Other
arroz con leche,369,9.3,4.8,2.6,1.1,63.0,38.6,8.1,1.3,20.2,0.3,170.5,0.0,0.088,0.0,0.062,0.2,0.8,1.3,0.018,0.0,0.0,0.5,0.0,227.7,0.03,0.6,27.8,0.3,210.0,359.3,0.006,1.3,310.0,Other
caramel custard flan,444,12.3,5.5,3.9,1.2,69.7,70.8,13.9,0.0,275.4,0.2,208.2,0.1,0.092,0.036,0.05,0.6,0.3,1.6,0.1,0.0,0.0,0.7,0.081,254.0,0.053,1.2,27.5,0.021,293.8,361.1,0.05,1.4,351.2,Desserts & Sweets
gelatin dessert,167,0.0,0.0,0.0,0.0,38.3,36.4,3.3,0.0,0.0,0.2,227.9,0.0,0.0,0.064,0.0,0.015,0.062,0.071,0.0,0.0,0.0,0.0,0.0,8.1,0.087,0.094,2.7,0.021,59.4,2.7,0.079,0.014,49.792,Other
chocolate milk dessert,229,1.4,0.8,0.5,0.084,51.6,51.6,5.9,0.0,0.0,0.1,76.7,0.0,0.039,0.013,0.076,0.4,0.1,0.0,0.074,1.0,0.0,0.0,0.0,211.0,0.1,0.02,61.7,0.0,168.5,456.2,0.053,0.6,270.99,Dairy & Cheese
chocolate mousse,338,24.0,13.7,7.5,1.3,24.1,22.2,6.2,0.9,210.0,0.081,94.4,0.2,0.058,0.03,0.099,0.3,0.2,0.8,0.022,0.2,0.0,0.8,0.044,144.0,0.1,0.8,30.0,0.023,175.5,214.5,0.047,1.0,200.4,Desserts & Sweets
dulce de leche,60,1.4,0.9,0.4,0.063,10.5,9.5,1.3,0.0,5.5,0.036,5.5,0.094,0.011,0.044,0.008,0.094,0.015,0.2,0.074,0.5,0.04,0.087,0.008,47.7,0.059,0.001,4.2,0.076,36.7,66.5,0.058,0.2,61.415,Other
apple crisp,454,9.7,1.9,3.8,3.2,87.0,55.5,4.9,3.9,0.0,1.0,177.4,0.001,0.2,0.039,0.0,0.2,2.4,0.3,0.1,6.2,0.0,1.1,0.056,98.7,0.2,2.3,22.6,0.4,79.0,220.0,0.055,0.5,212.724,Fruits
spinach spaghetti cooked,182,0.9,0.1,0.1,0.4,36.6,0.0,6.4,0.0,0.0,0.061,95.4,0.0,0.1,0.086,0.0,0.1,2.1,0.3,0.1,0.0,0.0,0.0,0.0,42.0,0.3,1.5,86.8,2.1,151.2,81.2,0.045,1.5,87.4,Vegetables
corn pasta cooked,176,1.0,0.1,0.3,0.5,39.1,0.0,3.7,6.7,0.0,0.0,95.6,0.0,0.074,0.015,0.0,0.032,0.8,0.2,0.03,0.0,0.0,0.0,0.0,1.4,0.002,0.4,50.4,0.2,106.4,43.4,0.081,0.9,52.3,Vegetables
spaghetti with meat sauce,255,2.9,1.0,0.9,0.9,43.1,7.4,14.3,5.1,17.0,0.7,220.2,0.0,0.3,0.1,0.077,3.8,0.5,0.2,0.2,15.3,0.0,1.4,0.002,50.9,0.4,3.5,42.5,0.6,138.7,407.5,0.061,1.4,135.1,Condiments & Sauces
pasta with meatballs in tomato sauce,273,13.0,5.0,5.7,0.9,28.3,7.2,10.6,6.9,23.0,0.7,199.5,0.052,0.2,0.089,0.042,0.3,5.1,0.5,0.2,7.7,0.061,2.0,0.027,30.6,0.2,3.3,35.7,0.6,117.3,359.6,0.023,1.5,100.474,Condiments & Sauces
cheese tortellini,332,7.8,3.9,2.2,0.5,50.8,1.0,14.6,2.1,45.4,0.4,32.9,0.079,0.3,0.051,0.038,0.3,2.9,0.0,0.015,0.0,0.0,0.2,0.087,164.2,0.053,1.6,22.7,0.0,229.0,96.1,0.064,1.1,241.181,Dairy & Cheese
pasta with sliced franks in tomato sauce,227,6.0,2.5,2.5,1.0,32.0,8.0,11.0,4.0,22.7,0.7,197.1,0.054,0.2,0.1,0.031,0.2,2.9,0.6,0.2,9.6,0.07,1.9,0.072,151.2,0.3,2.3,35.3,0.3,108.4,481.3,0.02,1.3,216.154,Condiments & Sauces
lasagna,166,6.1,2.9,2.2,0.5,18.9,3.8,9.0,2.1,20.9,0.5,87.2,0.2,0.074,0.096,0.0,0.0,0.025,1.9,0.4,0.2,3.1,0.0,1.0,0.08,108.2,0.1,0.9,24.6,0.2,141.5,241.1,0.001,36.675,Pasta & Noodles
macaroni cheese,310,9.4,3.1,4.2,2.0,43.7,3.0,12.6,2.3,15.1,0.9,120.2,0.2,0.015,0.3,0.0,0.02,0.2,2.2,0.8,0.056,0.0,0.0,1.0,0.0,160.7,0.1,2.2,28.4,0.4,442.3,151.2,0.0,68.319,Dairy & Cheese
vegetable lasagna,316,13.7,5.5,3.3,2.6,32.2,5.8,15.6,4.3,31.8,1.0,161.7,0.052,0.3,0.012,0.098,0.4,1.8,0.4,0.2,2.5,0.0,1.0,0.082,340.5,0.2,1.2,47.7,0.4,317.8,385.9,0.087,2.0,410.066,Pasta & Noodles
spinach egg noodles cooked,211,2.5,0.6,0.8,0.6,38.8,1.1,8.1,3.7,52.8,0.068,109.6,0.037,0.4,0.1,0.071,0.2,2.4,0.4,0.2,0.0,0.053,0.9,0.2,30.4,0.1,1.7,38.4,0.5,91.2,59.2,0.028,1.0,85.297,Eggs
cheese lasagna,316,13.0,5.1,3.8,2.5,33.6,10.3,15.9,4.1,31.6,0.7,176.9,0.084,0.3,0.036,0.093,0.4,3.3,0.5,0.2,41.6,0.0,2.1,0.097,269.7,0.3,3.1,51.0,0.5,260.0,442.3,0.059,2.2,381.08,Dairy & Cheese
pasta with tomato sauce,176,1.8,0.4,0.3,0.5,35.1,10.1,5.6,2.3,15.1,1.0,207.0,0.071,0.099,0.1,0.018,0.0,0.1,3.3,0.0,0.1,0.0,0.0,1.6,0.083,32.8,0.1,2.3,35.3,0.4,98.3,483.8,0.065,45.091,Condiments & Sauces
spinach pasta cooked,37,0.3,0.078,0.073,0.043,7.1,0.0,1.4,0.0,9.3,0.004,19.4,0.039,0.084,0.041,0.069,0.091,0.3,0.079,0.071,0.0,0.0,0.0,0.0,5.1,0.093,0.3,6.8,0.044,16.1,10.5,0.0,0.2,14.201,Vegetables
vegetable chicken soup,166,4.8,1.4,2.2,1.0,21.1,3.4,12.3,1.0,16.9,0.075,201.0,0.05,0.069,0.09,0.031,0.2,3.3,0.0,0.083,5.5,0.0,0.7,0.054,26.5,0.2,1.5,9.6,0.0,106.0,368.7,0.038,2.2,72.737,Soups
bean ham soup,198,2.5,0.6,1.0,0.7,33.5,7.8,10.3,9.8,4.9,0.5,195.8,0.0,0.1,0.099,0.0,0.068,0.8,0.3,0.1,2.7,0.0,1.0,0.035,93.1,0.2,2.5,46.6,0.6,31.9,387.1,0.021,1.3,154.4,Soups
cream of chicken soup,227,14.5,4.3,5.2,2.7,18.0,1.4,6.0,0.0,20.2,1.8,208.5,0.1,0.064,0.027,0.0,0.1,1.0,0.5,0.0,0.3,0.0,1.4,0.052,35.3,0.3,2.7,10.1,0.2,78.1,123.5,0.084,0.7,76.9,Soups
tomato soup canned,139,3.3,1.8,0.8,0.3,22.6,16.5,6.3,1.5,10.1,0.5,216.7,0.014,0.036,0.097,0.061,0.3,1.4,0.5,0.2,15.9,0.07,0.5,0.083,173.9,0.2,1.4,30.2,0.2,156.2,461.2,0.067,0.9,224.932,Soups
egg drop soup,65,1.5,0.4,0.5,0.3,10.3,0.2,2.8,1.0,55.4,0.9,223.8,0.002,0.013,0.021,0.0,0.079,0.4,0.3,0.096,15.7,0.08,0.3,0.041,16.9,0.081,0.6,4.8,0.023,36.2,53.0,0.028,0.2,48.808,Soups
scotch broth,197,6.4,2.7,1.9,1.3,23.0,0.0,12.1,3.0,11.9,2.1,249.7,0.0,0.059,0.085,0.031,0.1,2.8,0.8,0.2,2.1,0.0,0.2,0.0,35.8,0.6,2.0,8.9,0.9,134.1,387.4,0.026,3.9,84.4,Soups
cream of onion soup,268,12.8,3.6,5.1,3.5,31.7,11.1,6.7,1.2,36.6,1.9,247.1,0.08,0.1,0.049,0.0,0.2,1.2,0.7,0.007,3.1,0.0,1.3,0.035,82.4,0.3,1.5,15.3,0.6,91.5,298.9,0.095,0.4,139.473,Soups
chicken broth dry,10,0.2,0.055,0.013,0.069,1.1,0.0,0.7,0.0,0.6,1.2,0.1,0.0,0.052,0.062,0.03,0.018,0.2,0.009,0.089,0.07,0.0,0.074,0.0,9.1,0.0,0.059,2.7,0.049,9.2,18.0,0.075,0.079,11.198,Soups
vegetable soup with beef broth,162,3.8,0.9,1.1,1.6,26.3,4.0,6.0,3.2,2.5,1.3,204.8,0.2,0.1,0.008,0.0,0.04,1.9,0.7,0.1,4.7,0.0,0.3,0.065,34.4,0.3,1.9,12.3,0.7,78.7,386.2,0.041,1.6,80.5,Soups
chili with beans canned,287,14.1,6.0,6.0,0.9,30.5,3.0,14.6,11.3,43.5,1.3,193.3,0.0,0.1,0.018,0.0,0.3,0.9,3.6,0.3,4.4,0.0,1.3,0.074,120.3,0.3,8.8,115.2,0.3,394.2,934.4,0.018,5.1,204.0,Legumes & Beans
beef noodle soup,168,6.2,2.3,2.5,1.0,17.9,5.2,9.6,1.5,10.0,1.6,211.1,0.037,0.1,0.017,0.037,0.1,2.1,0.4,0.079,0.8,0.0,2.5,0.02,30.0,0.3,2.2,12.5,0.5,92.5,197.5,0.063,3.1,68.232,Soups
consomme dry,17,0.2,0.0,0.0,0.0,1.9,1.1,2.2,0.0,0.0,0.8,235.9,0.0,0.1,0.048,0.0,0.2,1.3,0.051,0.039,0.2,0.0,0.033,0.0,12.5,0.021,0.2,7.5,0.08,14.9,57.3,0.058,0.082,17.2,Soups
chicken mushroom soup,126,6.1,1.6,2.7,1.5,15.1,1.0,2.0,4.0,10.1,0.8,101.3,0.04,0.019,0.065,0.03,0.1,1.6,0.3,0.046,0.0,0.0,0.8,0.061,29.0,0.048,0.9,8.8,0.1,27.7,158.8,0.046,1.0,57.171,Soups
beef vegetable soup,120,2.9,1.0,0.7,0.9,15.4,3.1,8.0,3.0,17.5,0.8,220.6,0.3,0.094,0.085,0.027,0.086,2.4,0.0,0.3,9.0,0.0,1.1,0.04,45.0,0.049,1.3,25.0,0.2,120.0,435.0,0.002,1.4,84.9,Soups
black bean soup,234,3.4,0.9,1.2,1.1,39.6,6.4,12.4,17.5,0.0,2.5,193.6,0.0,0.1,0.2,0.0,0.1,1.1,0.4,0.2,0.5,0.0,0.9,0.035,90.0,0.8,3.9,84.8,1.3,192.8,642.5,0.0,2.8,167.3,Soups
split pea soup with ham bacon,189,3.1,0.9,1.2,0.6,28.6,0.0,11.6,4.1,4.1,1.0,88.3,0.0,0.0,0.0,0.0,0.0,0.0,0.0,0.0,0.0,0.0,0.0,0.0,0.0,0.0,2.1,0.0,0.0,0.0,0.0,0.0,0.0,49.5,Soups
cream of mushroom soup,199,13.4,2.4,3.1,7.3,17.1,1.0,3.4,1.8,0.0,1.7,213.4,0.057,0.02,0.008,0.0,0.079,0.9,0.4,0.035,0.0,0.071,1.3,0.024,30.2,0.016,0.5,7.6,0.028,60.5,161.3,0.093,0.3,66.404,Soups
green pea soup,320,5.7,2.7,1.9,0.7,51.7,16.7,16.7,10.0,0.0,1.7,175.5,0.067,0.2,0.072,0.0,0.1,2.4,0.3,0.1,3.3,0.0,0.5,0.024,53.8,0.7,3.8,76.8,1.3,243.2,371.2,0.099,3.3,145.005,Soups
chicken broth soup,78,2.6,0.8,1.2,0.6,1.9,0.9,11.1,0.0,2.5,1.6,231.7,0.0,0.054,0.092,0.067,0.1,5.6,0.1,0.035,0.0,0.0,0.048,0.0,15.1,0.3,1.0,5.0,0.5,151.2,428.4,0.024,0.5,31.7,Soups
chicken mushroom chowder soup,431,23.7,6.2,4.5,9.4,38.3,0.0,16.2,7.5,32.3,1.8,453.8,0.0,0.0,0.0,0.0,0.0,0.0,0.0,0.0,10.8,0.0,0.0,0.0,0.0,0.0,2.6,0.0,0.0,0.0,0.0,0.0,0.0,99.1,Soups
chicken dumplings soup,235,13.4,3.2,6.1,3.2,14.7,1.4,13.6,1.2,80.5,1.8,249.8,0.077,0.074,0.027,0.024,0.2,4.3,0.4,0.037,0.0,0.0,1.3,0.086,35.8,0.3,1.5,8.9,1.2,149.0,283.1,0.048,0.9,80.269,Soups
chicken vegetable soup,148,5.6,1.7,2.5,1.2,17.0,3.0,7.1,1.7,16.9,1.7,207.0,0.028,0.061,0.093,0.076,0.1,2.4,0.3,0.013,1.9,0.0,0.6,0.036,33.9,0.2,1.7,12.1,0.7,79.9,304.9,0.001,0.7,68.983,Soups
turkey vegetable soup,72,3.0,0.9,1.3,0.7,8.6,2.6,3.1,0.5,2.4,0.9,223.9,0.1,0.031,0.076,0.077,0.097,1.0,0.9,0.079,0.0,0.0,0.8,0.017,16.9,0.2,0.8,4.8,0.5,41.0,175.9,0.017,0.6,33.0,Soups
wonton soup,71,0.6,0.1,0.2,0.2,11.7,0.8,4.6,0.4,8.9,0.9,203.3,0.043,0.08,0.06,0.074,0.043,1.3,0.3,0.2,1.6,0.0,0.1,0.058,11.2,0.041,0.5,6.7,0.042,40.1,71.4,0.074,0.3,30.692,Soups
beef stock,31,0.2,0.003,0.1,0.005,2.9,1.3,4.7,0.0,0.0,0.5,230.1,0.0,0.044,0.038,0.0,0.2,2.1,0.0,0.1,0.0,0.0,0.048,0.024,19.2,0.1,0.6,16.8,0.0,74.4,444.0,0.019,0.4,27.6,Soups
mushroom barley soup,186,5.5,1.1,2.4,1.7,29.3,0.0,4.6,0.0,0.0,1.7,258.9,0.0,0.009,0.077,0.0,0.2,2.1,0.3,0.4,0.0,0.0,0.0,0.0,30.5,0.5,1.2,21.4,0.3,152.5,231.8,0.0,1.2,71.1,Soups
gazpacho soup,70,0.4,0.008,0.059,0.1,6.6,2.2,10.7,0.7,0.0,1.1,346.0,0.0,0.058,0.012,0.0,0.091,1.4,0.3,0.2,10.7,0.0,0.7,0.041,36.9,0.2,1.5,11.1,1.1,55.4,339.5,0.019,0.4,67.5,Soups
beef mushroom soup,186,7.3,3.7,3.1,0.3,15.9,0.0,14.0,0.6,15.3,2.2,260.8,0.0,0.071,0.044,0.035,0.2,2.7,0.6,0.1,0.0,0.0,0.0,0.0,12.2,0.6,2.1,21.4,0.9,88.5,384.3,0.0,3.4,52.1,Soups
chicken rice soup,127,3.2,1.0,1.4,0.7,13.0,1.4,12.3,1.0,12.0,0.9,208.3,0.047,0.018,0.074,0.051,0.002,4.1,0.4,0.012,3.8,0.0,0.6,0.084,33.6,0.2,1.9,9.6,0.2,72.0,108.0,0.077,1.0,68.818,Soups
pepperpot soup,100,4.5,2.0,2.0,0.3,9.1,0.0,6.2,0.5,9.7,0.9,219.8,0.0,0.071,0.02,0.024,0.027,1.2,0.3,0.08,1.2,0.0,0.097,0.0,26.7,0.1,0.9,4.9,0.6,41.3,148.2,0.0,1.2,49.1,Soups
vegetable soup,149,4.0,0.6,1.7,1.5,24.6,7.9,4.3,1.3,0.0,1.3,214.0,0.0,0.1,0.051,0.0,0.049,1.9,0.7,0.1,3.0,0.0,2.9,0.041,42.8,0.3,2.2,15.1,0.9,70.6,430.9,0.088,1.0,82.2,Soups
chili beef soup,308,6.7,3.3,2.7,0.2,49.6,13.4,13.4,6.6,26.3,2.1,186.4,0.2,0.0,0.1,0.004,0.067,0.2,2.1,0.6,0.3,8.2,0.0,2.8,0.072,86.8,0.8,4.3,50.0,2.1,297.2,1052.0,0.001,77.607,Soups
chicken soup,174,6.5,1.9,2.9,1.3,16.9,2.1,12.4,1.5,29.4,0.9,206.1,0.027,0.055,0.072,0.049,0.2,4.3,0.4,0.03,1.2,0.0,0.3,0.085,24.5,0.2,1.7,7.4,0.2,110.3,171.5,0.099,1.0,64.716,Soups
bean with frankfurters soup,188,7.0,2.1,2.7,1.7,22.0,0.0,10.0,0.0,12.5,1.1,207.6,0.0,0.1,0.038,0.0,0.018,1.0,0.1,0.1,1.0,0.0,0.0,0.0,87.5,0.4,2.4,47.5,0.8,165.0,477.5,0.073,1.2,129.9,Soups
pea soup,161,2.8,1.4,1.0,0.4,25.6,8.3,8.3,4.9,0.0,0.015,219.0,0.055,0.1,0.008,0.0,0.074,1.2,0.0,0.008,1.6,0.0,0.2,0.066,31.1,0.4,1.9,38.9,0.0,121.7,183.9,0.041,1.7,76.26,Soups
turkey soup,135,4.4,1.2,1.8,1.1,14.1,0.0,10.2,0.0,9.4,0.9,203.8,0.0,0.045,0.014,0.079,0.1,3.6,0.9,0.3,6.4,0.0,0.0,0.0,49.6,0.2,1.9,23.6,0.2,103.8,361.1,0.0,2.1,86.6,Soups
stockpot soup,201,7.8,1.7,2.0,3.5,23.1,0.0,9.8,0.0,7.7,2.1,211.3,0.0,0.002,0.092,0.0,0.1,2.5,0.7,0.2,4.1,0.0,0.0,0.0,43.9,0.3,1.8,7.7,0.5,108.4,477.3,0.0,2.3,90.5,Soups
hot sour soup,91,2.8,0.5,0.7,0.7,10.1,1.0,6.0,1.2,48.9,0.9,211.2,0.088,0.032,0.021,0.006,0.03,1.2,0.5,0.1,0.0,0.017,0.9,0.059,44.3,0.032,1.5,21.0,0.2,74.6,128.2,0.084,0.5,65.954,Soups
cheese soup,203,9.7,6.1,2.7,0.3,28.0,9.3,2.0,5.5,7.4,1.7,202.6,0.2,0.023,0.055,0.0,0.3,0.8,0.2,0.034,0.0,0.0,1.4,0.074,89.3,0.2,0.4,29.8,0.5,81.8,91.8,0.036,0.4,135.1,Soups
cream of potato soup,186,4.7,2.4,1.1,0.8,32.2,3.6,3.8,3.3,2.5,1.5,215.2,0.087,0.012,0.067,0.0,0.096,1.1,1.8,0.0,0.5,0.0,0.2,0.056,42.8,0.5,0.9,32.8,0.8,103.3,415.8,0.05,0.4,88.202,Soups
bean with bacon soup,106,2.1,1.0,0.9,0.2,16.4,0.6,5.5,9.0,2.7,0.9,237.8,0.0,0.086,0.069,0.0,0.3,0.4,0.084,0.099,1.1,0.0,0.6,0.009,55.7,0.3,1.3,29.2,0.5,90.1,326.0,0.015,0.7,91.1,Soups
fish stock,40,1.9,0.5,0.5,0.3,0.0,0.0,5.3,0.0,2.3,0.4,225.9,0.036,0.009,0.072,0.047,0.2,2.8,0.8,0.086,0.2,0.0,0.4,0.0,7.0,0.1,0.019,16.3,0.1,130.5,335.5,0.068,0.1,14.488,Soups
split pea soup with ham,381,8.9,3.5,3.6,1.3,56.2,0.0,20.7,4.6,16.2,1.7,177.3,0.0,0.3,0.041,0.0,0.2,3.0,0.5,0.1,3.0,0.0,0.0,0.0,43.2,0.7,4.6,97.2,1.4,429.3,801.9,0.081,2.7,141.2,Soups
beef broth soup,17,0.5,0.3,0.2,0.049,0.01,0.0,2.7,0.0,0.0,0.9,234.1,0.0,0.023,0.095,0.072,0.055,1.9,0.011,0.054,0.0,0.0,0.0,0.0,14.4,0.0,0.4,4.8,0.035,31.2,129.6,0.023,0.0,18.049,Soups
lentil soup with ham,139,2.8,1.1,1.3,0.3,20.2,0.0,9.3,0.0,7.4,1.3,212.7,0.0,0.2,0.036,0.056,0.1,1.4,0.3,0.2,4.2,0.0,0.0,0.0,42.2,0.2,2.7,22.3,0.3,183.5,357.1,0.011,0.7,81.4,Soups
tomato soup,98,0.7,0.2,0.2,0.2,22.5,12.2,2.2,1.6,0.0,0.6,119.6,0.0,0.044,0.0,0.0,0.076,1.3,0.0,0.1,19.1,0.0,0.5,0.034,19.2,0.012,0.9,20.7,0.2,45.9,831.8,0.081,0.3,66.2,Soups
fish broth,39,1.5,0.3,0.3,0.6,1.0,0.2,4.9,0.0,0.0,0.5,234.2,0.068,0.0,0.055,0.022,0.089,3.3,0.0,0.057,0.0,0.0,0.4,0.094,73.2,0.1,0.5,2.4,0.0,73.2,209.8,0.071,0.2,81.193,Soups
chili without beans canned,283,17.0,5.4,5.9,1.1,14.6,0.0,18.1,0.0,50.4,0.9,186.4,0.0,0.044,0.0,0.039,0.3,3.0,0.4,0.3,4.3,0.0,0.0,0.0,72.0,0.5,4.8,48.0,0.7,184.8,444.0,0.043,2.7,130.8,Legumes & Beans
minestrone soup,167,5.0,1.1,1.4,2.2,22.6,3.7,8.6,2.0,2.5,1.3,204.1,0.0,0.1,0.086,0.0,0.008,1.9,0.7,0.2,2.2,0.0,1.1,0.052,68.9,0.2,1.8,14.8,0.7,113.2,627.3,0.029,1.5,111.1,Soups
clam chowder soup,154,4.4,0.8,0.8,2.6,24.5,6.8,4.4,3.0,5.0,1.8,212.4,0.051,0.087,0.053,0.065,0.086,1.6,0.4,0.2,8.1,0.0,2.6,0.011,47.9,0.3,3.3,20.2,0.8,83.2,378.0,0.057,1.9,95.69,Soups
tomato vegetable soup,54,0.8,0.4,0.3,0.054,9.9,2.4,1.9,0.7,0.0,0.3,230.9,0.0,0.088,0.03,0.0,0.091,1.2,0.1,0.095,2.9,0.0,0.4,0.079,19.6,0.1,0.6,9.8,0.1,34.3,164.2,0.06,0.2,36.4,Soups
cream of rice coup,127,0.2,0.07,0.071,0.032,28.1,0.022,2.2,0.2,0.0,0.4,213.5,0.0,0.0,0.028,0.0,0.0,1.0,0.2,0.029,0.0,0.0,0.092,0.0,7.3,0.004,0.5,7.3,0.4,41.5,48.8,0.008,0.4,38.5,Dairy & Cheese
cream of celery soup,181,11.2,2.8,2.6,5.0,17.7,3.4,3.3,1.5,27.7,1.3,214.1,0.042,0.069,0.052,0.0,0.049,0.7,2.3,0.001,0.5,0.0,3.5,0.002,80.6,0.3,1.3,12.6,0.5,75.6,247.0,0.051,0.3,116.189,Soups
chicken gravy,188,13.6,3.4,6.1,3.6,12.9,1.9,4.6,1.0,4.8,1.0,203.1,0.088,0.091,0.02,0.057,0.1,1.1,0.076,0.012,0.0,0.0,0.3,0.046,47.6,0.2,1.1,4.8,0.5,69.0,259.4,0.02,1.9,80.872,Poultry
tomato rice soup,240,5.5,1.0,1.2,2.7,44.1,15.2,4.2,3.4,2.6,1.6,199.0,0.042,0.1,0.049,0.0,0.1,2.1,0.3,0.2,29.7,0.0,4.5,0.081,46.4,0.3,1.6,10.3,0.8,67.1,663.1,0.098,1.0,134.933,Soups
vegetable beef soup,128,2.0,0.6,0.7,0.3,9.6,0.0,18.1,4.4,8.8,1.1,258.7,0.0,0.0,0.0,0.0,0.0,0.0,0.0,0.0,0.0,0.0,0.0,0.0,0.0,0.0,0.0,0.0,0.0,0.0,0.0,0.0,0.0,34.1,Soups
tomato beef noodle soup,281,8.6,3.2,3.5,1.4,42.3,0.0,8.9,3.0,7.5,1.8,185.9,0.0,0.2,0.05,0.077,0.2,3.7,0.4,0.2,0.0,0.0,1.6,0.0,35.1,0.3,2.2,15.1,0.5,113.0,441.8,0.037,1.5,100.1,Soups
oyster stew soup,118,7.7,5.0,1.8,0.3,8.2,0.0,4.2,0.0,27.1,1.8,221.1,0.0,0.068,0.028,0.061,0.077,0.5,0.2,0.058,6.4,0.0,0.0,0.0,44.3,3.2,2.0,9.8,0.7,95.9,98.4,0.035,20.7,72.8,Soups
ramen noodle soup dry,371,13.3,6.4,5.6,1.2,53.9,1.3,8.9,2.0,0.0,1.7,4.2,0.0,0.9,0.008,0.035,0.2,3.5,0.2,0.014,0.3,0.0,1.3,0.038,24.7,0.1,3.4,19.6,0.4,101.2,152.2,0.021,0.7,106.5,Soups
chicken noodle soup,145,4.7,1.2,1.6,1.0,18.4,0.0,7.2,2.7,24.2,2.1,267.2,0.029,0.011,0.2,0.097,0.001,0.2,3.7,0.5,0.1,0.0,0.0,0.2,0.0,18.2,0.4,2.0,24.2,0.3,115.1,145.4,0.095,33.513,Soups
chicken bouillon dry,11,0.6,0.1,0.2,0.2,0.7,0.7,0.7,0.0,0.5,1.0,0.043,0.0,0.078,0.086,0.004,0.008,0.016,0.085,0.026,0.048,0.0,0.06,0.0,7.5,0.0,0.061,2.2,0.048,6.6,12.4,0.079,0.083,9.502,Poultry
cream of asparagus soup,174,8.2,2.1,1.9,3.7,21.5,1.8,4.6,1.0,10.1,1.7,211.8,0.091,0.1,0.089,0.0,0.2,1.6,0.3,0.033,5.5,0.0,1.2,0.01,58.0,0.3,1.6,7.6,0.8,78.1,347.8,0.009,1.8,100.43,Soups
turkey noodle soup,139,4.0,1.1,1.6,1.0,17.3,1.0,7.8,1.5,10.1,1.6,217.7,0.082,0.1,0.06,0.052,0.1,2.8,0.4,0.017,0.3,0.0,0.4,0.062,22.7,0.3,1.9,10.1,0.5,95.8,151.2,0.028,1.2,55.582,Soups
cream of shrimp soup,181,10.4,6.5,3.0,0.4,16.5,0.0,5.6,0.5,32.8,1.7,213.8,0.026,0.085,0.08,0.015,0.029,0.9,0.3,0.054,0.0,0.0,0.0,0.0,35.3,0.3,1.1,17.6,0.8,65.5,118.4,0.024,1.5,69.41,Soups
bean with pork soup,335,11.5,3.0,4.2,3.5,44.1,7.8,15.3,15.3,5.2,1.7,182.4,0.021,0.2,0.054,0.0,0.03,1.1,0.029,0.036,3.1,0.0,2.3,0.011,156.0,0.4,4.0,85.8,0.6,254.8,975.0,0.052,2.0,249.324,Soups
chicken broth,12,0.5,0.008,0.1,0.042,1.0,0.0,1.0,0.0,0.0,0.9,229.8,0.0,0.028,0.0,0.0,0.03,1.2,0.04,0.072,16.5,0.0,0.0,0.0,14.1,0.077,0.5,2.4,0.1,30.6,188.0,0.0,0.2,33.6,Soups
beef broth powder,8,0.3,0.2,0.1,0.04,0.6,0.6,0.6,0.0,0.4,0.9,0.1,0.0,0.029,0.073,0.008,0.075,0.2,0.075,0.044,0.0,0.0,0.068,0.016,2.2,0.0,0.03,1.8,0.033,11.5,16.1,0.032,0.0,3.739,Soups
split pea soup,180,2.3,0.8,0.9,0.4,29.9,12.8,9.7,4.8,5.1,0.4,208.5,0.0,0.2,0.019,0.0,0.079,1.2,0.6,0.2,0.0,0.0,0.5,0.022,43.0,0.3,1.9,35.4,0.5,136.6,463.0,0.088,1.0,91.6,Soups
escarole soup,61,4.0,1.2,1.8,0.8,4.0,0.0,3.4,0.0,5.5,2.3,535.8,0.0,0.2,0.058,0.06,0.1,5.1,0.4,0.5,10.0,0.0,0.0,0.0,71.9,0.8,1.7,11.1,2.8,177.0,591.7,0.0,5.0,95.0,Soups
chicken stock,86,2.9,0.8,1.4,0.5,8.5,3.8,6.0,0.0,7.2,0.3,221.2,0.009,0.073,0.059,0.0,0.2,3.8,0.0,0.1,0.5,0.0,0.046,0.081,7.2,0.1,0.5,9.6,0.0,64.8,252.0,0.091,0.3,25.696,Soups
tomato bisque soup,248,5.0,1.1,1.4,2.2,47.7,0.0,4.5,2.1,10.3,1.8,194.3,0.017,0.1,0.097,0.0,0.1,2.3,0.3,0.2,11.9,0.0,0.0,0.0,80.0,0.3,1.7,18.1,0.5,121.3,838.5,0.0,1.2,152.913,Soups
shark fin soup,99,4.3,1.1,1.3,0.7,8.2,0.0,6.9,0.0,4.3,1.1,194.7,0.0,0.019,0.048,0.009,0.086,1.1,0.3,0.017,0.2,0.0,0.0,0.0,21.6,0.2,2.0,15.1,0.002,45.4,114.5,0.0,1.8,43.2,Soups
onion soup,113,3.5,0.5,1.5,1.3,16.4,6.7,7.5,1.7,0.0,1.3,212.4,0.02,0.022,0.099,0.0,0.016,1.2,0.0,0.095,2.5,0.0,0.5,0.088,54.1,0.2,1.4,4.9,0.5,22.1,137.8,0.073,1.2,87.173,Soups
chicken gumbo soup,113,2.9,0.7,1.3,0.7,16.8,4.9,5.3,4.0,7.6,1.7,221.8,0.0,0.5,0.041,0.0,0.8,1.3,0.4,0.1,10.1,0.0,0.9,0.024,47.9,0.3,1.8,7.6,0.5,50.4,151.2,0.084,0.8,88.8,Soups
crab soup,95,0.8,0.2,0.2,0.3,12.5,0.0,10.4,2.4,41.5,0.6,217.4,0.0,0.064,0.07,0.088,0.1,2.5,0.3,0.1,9.3,0.0,0.0,0.041,83.0,0.5,1.9,41.5,0.5,153.7,434.3,0.049,1.9,120.3,Soups
tripe soup,148,5.2,2.1,2.2,0.6,8.1,0.0,17.2,0.0,118.0,0.8,166.8,0.0,0.041,0.0,0.093,0.011,1.0,0.3,0.013,0.0,0.0,0.8,0.031,44.0,0.049,1.4,20.0,0.1,84.0,162.0,0.039,2.1,75.9,Soups
little india little lunch,164,10.6,15.6,12.2,1.4,2.0,0.0,0.0,0.0,0.0,0.0,0.0,0.0,0.0,0.0,0.0,0.0,0.0,0.0,0.0,0.0,0.0,0.0,0.0,0.0,0.0,0.0,0.0,0.0,0.0,0.0,0.0,0.0,12.6,Other
original chicken sandwich chick fil a,125,5.1,11.6,7.9,0.6,0.0,0.0,0.0,0.0,0.0,0.0,0.0,0.0,0.0,0.0,0.0,0.0,0.0,0.0,0.0,0.0,0.0,0.0,0.0,0.0,0.0,0.0,0.0,0.0,0.0,0.0,0.0,0.0,5.1,Fast Food
sausage mcmuffin mcdonalds,383,24.2,8.3,8.9,3.7,28.2,2.2,14.6,1.6,44.9,0.8,44.8,0.0,0.4,0.008,0.03,0.3,4.8,0.6,0.2,0.0,0.0,0.3,0.0,257.6,0.1,2.3,24.2,0.3,187.5,216.2,0.0,1.5,328.5,Fast Food
sausage mcgriddles mcdonalds,421,24.0,7.3,10.2,3.5,42.2,15.2,11.4,1.4,32.4,1.0,54.1,0.0,0.3,0.037,0.038,0.2,4.2,0.5,0.1,0.0,0.0,0.0,0.0,85.1,0.1,1.9,18.9,0.3,426.6,195.8,0.0,1.0,166.0,Fast Food
crispy chicken drumstick kentucky fried chicken,70,3.0,0.8,1.2,0.8,0.0,0.0,10.6,0.0,56.2,0.2,26.6,0.025,0.08,0.0,0.08,0.1,2.2,0.5,0.1,0.0,0.0,0.0,0.0,6.6,0.098,0.4,9.4,0.091,91.8,111.9,0.015,1.0,20.632,Fast Food
chicken crispy drumsticks kentucky fried chicken,156,10.1,2.2,3.4,3.6,4.5,0.0,11.8,0.0,62.1,0.4,29.3,0.071,0.045,0.0,0.028,0.1,2.6,0.6,0.1,0.0,0.0,0.0,0.0,14.3,0.2,0.5,12.0,0.06,112.9,135.1,0.064,1.0,41.248,Fast Food
biscuit kentucky fried chicken,185,9.1,2.2,6.1,0.6,22.1,1.7,3.8,0.8,0.5,0.5,15.1,0.0,0.2,0.0,0.074,0.1,1.7,0.2,0.035,0.0,0.0,0.7,0.071,31.2,0.009,1.5,7.8,0.2,304.7,59.8,0.076,0.3,68.5,Fast Food
english muffin mcdonalds,97,2.3,1.1,15.4,1.1,2.9,1.5,5.7,0.2,20.7,0.031,0.0,0.3,0.004,0.0,0.2,2.7,0.3,0.036,0.0,0.0,0.3,0.0,166.4,0.08,1.8,13.1,0.3,68.4,73.0,0.0,0.5,0.0,24.548,Fast Food
french fries mcdonalds,378,18.1,2.7,8.6,5.5,49.8,0.2,4.0,4.6,0.0,0.2,42.9,0.052,0.0,0.2,0.0,0.0,0.037,3.8,0.7,0.4,6.6,0.0,1.6,0.003,22.2,0.1,0.9,43.3,0.3,148.6,697.3,0.07,77.129,Fast Food
hotdog,383,23.0,8.1,10.8,2.7,28.5,0.0,16.4,0.0,69.8,1.1,83.6,0.0,0.4,0.096,0.043,0.4,5.8,0.8,0.094,0.2,0.0,0.0,0.0,37.2,0.1,3.7,20.2,0.1,153.5,226.3,0.09,3.1,109.0,Fast Food
french fries burger king,207,9.2,1.6,2.4,4.4,28.6,0.4,2.4,2.1,0.0,0.2,32.5,0.085,0.0,0.1,0.0,0.0,0.026,1.6,0.4,0.2,1.6,0.0,1.8,0.083,12.6,0.005,0.5,20.0,0.2,88.1,345.6,0.0,42.635,Fast Food
original taco with beef cheese lettuce taco bell,158,8.8,3.0,3.0,2.1,13.7,0.6,6.1,2.7,19.3,0.3,39.3,0.0,0.056,0.056,0.052,0.065,1.1,0.0,0.086,0.3,0.0,0.4,0.068,61.4,0.094,0.8,22.1,0.2,122.8,144.2,0.021,1.2,93.8,Fast Food
hotdog with chili,296,13.4,4.9,6.6,1.2,31.3,0.0,13.5,0.0,51.3,0.5,54.5,0.0,0.2,0.031,0.017,0.4,3.7,0.5,0.003,2.7,0.0,0.0,0.0,19.4,0.1,3.3,10.3,0.1,191.5,166.4,0.038,0.8,83.6,Fast Food
chicken crispy wings kentucky fried chicken,148,10.1,2.1,3.3,3.8,5.1,0.0,9.2,0.0,47.1,0.3,18.4,0.033,0.029,0.0,0.051,0.033,2.4,0.5,0.1,0.0,0.0,0.0,0.0,15.4,0.2,0.3,9.7,0.015,84.5,98.1,0.003,0.5,40.161,Fast Food
egg white delight mcdonalds,250,16.0,4.0,18.0,4.0,0.0,0.0,0.0,0.0,0.0,0.0,0.0,0.0,0.0,0.0,0.0,0.0,0.0,0.0,0.0,0.0,0.0,0.0,0.0,0.0,0.0,0.0,0.0,0.0,0.0,0.0,0.0,0.0,16.0,Fast Food
french toast sticks burger king,73,3.7,0.8,2.0,0.5,8.7,2.1,1.3,0.3,0.0,0.014,7.0,0.0,0.066,0.0,0.0,0.039,0.5,0.072,0.037,0.0,0.0,0.2,0.009,11.1,0.036,0.4,4.0,0.068,18.3,23.3,0.049,0.1,25.5,Fast Food
mcchicken mcdonalds,358,17.3,3.1,5.8,6.5,36.6,4.7,13.7,1.7,35.4,0.8,60.4,0.1,0.0,0.3,0.0,0.034,0.3,5.2,0.0,0.0,0.0,0.0,0.0,0.0,115.3,0.1,2.3,26.2,0.5,182.1,226.6,0.0,69.5,Fast Food
nachos supreme taco bell,480,26.6,7.8,13.7,2.8,45.0,0.0,14.8,8.0,37.1,0.8,104.9,0.0,0.2,0.031,0.044,0.3,1.9,0.5,0.3,0.0,0.0,1.4,0.074,142.4,0.2,4.2,89.7,0.5,384.2,471.9,0.055,2.7,241.0,Fast Food
crispy chicken wing kentucky fried chicken,104,5.3,1.1,1.7,1.8,1.3,0.0,12.6,0.0,64.2,0.3,23.7,0.019,0.029,0.0,0.023,0.032,3.1,0.5,0.2,0.0,0.0,0.0,0.0,13.2,0.006,0.4,11.0,0.085,99.4,116.6,0.033,0.8,32.851,Fast Food
chicken strips burger king,105,5.5,1.0,1.5,2.7,7.4,0.0,6.6,0.5,15.8,0.3,15.5,0.055,0.076,0.08,0.02,0.065,0.046,2.9,0.2,0.1,0.4,0.0,1.4,0.046,4.7,0.005,0.2,9.7,0.036,104.8,113.4,0.07,20.168,Fast Food
crispy chicken breast kentucky fried chicken,214,6.7,1.7,2.4,2.3,0.4,0.0,38.2,0.0,121.8,0.7,92.0,0.061,0.049,0.0,0.055,0.2,15.3,2.3,0.6,0.0,0.0,0.0,0.0,28.0,0.008,0.7,39.2,0.092,354.2,432.6,0.042,1.2,74.065,Fast Food
sausage biscuit mcdonalds,440,29.7,12.5,10.3,4.0,31.8,2.3,11.3,1.4,33.9,1.0,40.6,0.049,0.5,0.1,0.029,0.3,5.0,0.6,0.1,0.0,0.0,0.9,0.0,64.4,0.031,2.4,15.2,0.2,377.9,207.1,0.0,1.0,141.05,Fast Food
sausage burrito mcdonalds,339,17.1,6.1,6.5,2.4,24.2,1.4,13.0,1.2,172.9,0.8,55.8,0.004,0.2,0.045,0.036,0.3,1.9,0.9,0.4,0.9,0.0,0.2,0.0,203.4,0.005,1.8,19.2,0.2,247.5,154.8,0.0,1.3,261.627,Fast Food
onion rings fried,27,1.6,0.3,0.4,0.8,2.8,0.4,0.3,0.2,0.0,0.015,1.6,0.0,0.045,0.0,0.0,0.07,0.001,0.076,0.076,0.055,0.0,0.3,0.0,7.5,0.075,0.038,1.2,0.021,10.3,10.9,0.011,0.007,12.551,Vegetables
onion rings burger king,379,23.0,3.8,6.3,11.1,39.7,4.9,3.5,2.5,0.0,0.7,22.3,0.0,0.1,0.0,0.0,0.063,0.6,0.3,0.1,1.3,0.0,4.5,0.0,104.7,0.012,0.7,17.3,0.3,143.8,152.0,0.023,0.5,175.4,Fast Food
turkey patty fried,79,5.0,1.3,2.1,1.3,4.4,0.053,3.9,0.1,21.0,0.2,13.9,0.088,0.096,0.083,0.054,0.032,0.6,0.1,0.069,0.0,0.078,0.3,0.074,3.9,0.027,0.6,4.2,0.049,75.6,77.0,0.054,0.4,17.934,Poultry
hotcakes with syrup mcdonalds,601,17.8,1.8,1.9,4.6,101.8,45.5,9.0,2.0,19.9,0.6,89.7,0.0,0.4,0.1,0.0,0.4,3.2,1.1,0.1,0.0,0.0,0.0,0.0,126.0,0.1,2.8,28.7,0.4,391.2,276.3,0.0,0.6,259.4,Fast Food
crispy chicken thigh kentucky fried chicken,163,9.1,2.5,3.8,2.1,0.0,0.0,20.4,0.0,107.4,0.5,59.8,0.078,0.043,0.0,0.057,0.2,4.8,1.2,0.3,0.0,0.0,0.0,0.0,19.1,0.037,0.9,20.0,0.095,202.9,246.6,0.04,1.7,49.591,Fast Food
corn dog,195,9.4,2.7,3.7,2.6,21.0,5.9,6.7,0.8,34.3,0.5,39.2,0.1,0.028,0.1,0.014,0.023,0.1,2.2,0.6,0.059,0.4,0.044,0.5,0.086,56.2,0.1,1.5,13.3,0.029,174.7,97.5,0.012,38.257,Fast Food
chicken box mcdonalds,70,4.0,0.8,2.8,0.011,5.5,0.5,0.2,0.0,0.0,0.0,0.0,0.0,0.0,0.0,0.0,0.0,0.0,0.0,0.0,0.0,0.0,0.0,0.0,0.0,0.0,0.0,0.0,0.0,0.0,0.0,0.0,0.0,9.7,Fast Food
potato wedges kentucky fried chicken,379,19.8,4.0,11.9,2.4,45.0,0.0,5.4,4.2,0.0,1.0,59.2,0.0,0.2,0.0,0.0,0.026,2.9,0.8,0.3,0.0,0.0,1.1,0.068,34.8,0.2,1.4,40.2,0.4,142.0,699.5,0.0,0.6,110.6,Fast Food
scrambled eggs mcdonalds,98,7.5,2.1,2.7,1.1,0.9,0.1,7.7,0.0,217.8,0.04,34.1,0.046,0.018,0.029,0.008,0.3,0.034,0.6,0.011,0.0,0.0,0.7,0.0,33.7,0.096,1.1,6.1,0.049,133.1,70.9,0.0,0.7,50.931,Fast Food
egg mcmuffin mcdonalds,287,12.2,4.5,3.4,2.2,27.3,2.7,17.2,1.4,207.9,0.8,66.3,0.1,0.0,0.3,0.038,0.0,0.5,3.9,1.1,0.2,1.5,0.0,0.7,0.0,241.9,0.1,2.9,25.2,0.3,252.0,218.0,0.0,58.5,Fast Food
nachos taco bell,362,21.9,4.7,12.6,2.6,36.0,0.0,5.1,3.8,4.0,0.5,33.9,0.0,0.1,0.036,0.0,0.1,0.9,0.3,0.2,0.0,0.0,1.0,0.07,88.1,0.1,1.1,51.5,0.3,280.2,180.2,0.048,1.1,156.0,Fast Food
biscuit large mcdonalds,310,14.4,8.3,3.4,2.0,39.4,2.7,5.5,1.8,0.0,0.9,27.6,0.095,0.4,0.1,0.046,0.3,3.7,0.4,0.088,0.0,0.0,1.1,0.0,68.4,0.091,2.5,9.9,0.2,397.8,108.0,0.0,0.4,132.022,Fast Food
crispy chicken strips kentucky fried chicken,129,7.2,1.4,2.0,3.2,6.4,0.0,9.5,0.7,24.0,0.4,22.5,0.0,0.075,0.0,0.006,0.015,4.0,0.6,0.2,0.0,0.0,0.4,0.092,11.8,0.014,0.3,15.5,0.1,140.1,156.5,0.067,0.3,35.9,Fast Food
hotcakes mcdonalds,113,2.9,0.6,0.6,1.5,19.0,4.4,3.0,0.7,6.4,0.2,23.9,0.0,0.1,0.088,0.0,0.1,1.1,0.4,0.005,0.0,0.0,0.3,0.0,41.7,0.054,0.9,9.4,0.1,129.0,85.8,0.0,0.2,68.2,Fast Food
chicken crispy breast kentucky fried chicken,375,23.2,5.0,7.6,8.8,11.9,0.0,29.7,0.0,106.4,0.8,72.0,0.023,0.067,0.0,0.083,0.1,11.4,1.9,0.4,0.0,0.0,0.0,0.0,37.8,0.6,0.8,33.6,0.2,301.0,361.2,0.09,1.1,103.428,Fast Food
hotcakes sausage mcdonalds,776,34.9,7.3,9.0,6.5,102.4,45.7,15.5,2.1,50.2,0.9,107.4,0.0,0.6,0.1,0.004,0.5,5.2,1.4,0.2,0.0,0.0,0.0,0.0,134.6,0.2,3.2,37.0,0.4,451.4,390.7,0.0,1.3,292.7,Fast Food
chicken mcnuggets mcdonalds,48,3.2,0.5,1.3,0.9,2.4,0.025,2.5,0.0,7.0,0.009,7.5,0.071,0.0,0.023,0.0,0.005,0.049,1.2,0.1,0.072,0.2,0.0,0.0,0.0,1.8,0.017,0.1,3.8,0.073,43.5,40.3,0.0,8.181,Fast Food
chips chipotle,151,7.1,0.9,19.3,1.1,2.1,2.1,0.2,0.0,0.0,0.0,0.0,0.0,0.0,0.0,0.0,0.0,0.0,0.0,0.0,0.0,0.0,0.0,0.0,0.0,0.0,0.0,0.0,0.0,0.0,0.0,0.0,0.0,9.4,Snacks
biscuit mcdonalds,261,12.2,7.0,2.8,1.7,33.3,2.2,4.7,1.5,0.0,0.7,23.3,0.07,0.4,0.1,0.022,0.3,3.1,0.3,0.049,0.0,0.0,0.9,0.0,57.8,0.049,2.1,8.4,0.2,335.9,91.2,0.0,0.3,111.687,Fast Food
rice bowl with chicken,36,0.4,0.01,0.1,0.1,6.4,1.2,1.6,0.2,4.5,0.064,19.6,0.026,0.068,0.094,0.014,0.07,0.6,0.1,0.07,0.8,0.0,0.08,0.043,3.7,0.057,0.008,4.0,0.075,26.6,34.8,0.035,0.1,13.178,Poultry
spaghetti with meatballs,200,8.2,2.9,3.3,1.1,22.9,5.8,8.7,5.4,14.0,0.6,157.6,0.2,0.072,0.2,0.08,0.083,0.1,4.0,0.6,0.1,3.8,0.049,1.0,0.036,58.0,0.1,2.1,26.0,0.3,114.0,434.0,0.057,45.656,Pasta & Noodles
meat ravioli canned,259,8.9,3.7,4.2,0.6,36.0,6.3,8.9,4.2,13.1,0.9,205.1,0.088,0.1,0.039,0.063,0.2,3.4,0.0,0.2,0.0,0.0,1.4,0.09,34.1,0.1,2.8,34.1,0.4,112.7,442.8,0.019,1.2,94.963,Pasta & Noodles
cheese ravioli canned,186,3.5,1.7,1.0,0.4,33.0,9.0,6.0,3.1,7.3,0.7,195.8,0.0,0.2,0.011,0.0,0.2,2.6,0.7,0.2,0.0,0.0,2.1,0.067,79.9,0.3,1.8,36.3,0.4,121.0,561.4,0.043,0.9,127.3,Dairy & Cheese
premium crispy chicken ranch blt sandwich mcdonalds,586,22.9,4.7,9.1,7.8,59.8,13.3,35.3,3.4,72.0,1.2,116.7,0.0,0.5,0.0,0.0,0.4,12.6,2.3,0.0,10.3,0.0,0.0,0.0,84.0,0.0,3.4,0.0,0.0,0.0,0.0,0.0,0.0,219.1,Fast Food
steak sandwich,459,14.1,3.8,5.3,3.3,52.0,0.0,30.3,0.0,73.4,0.8,104.2,0.0,0.4,0.004,0.038,0.4,7.3,0.9,0.4,5.5,0.0,0.0,0.0,91.8,0.2,5.2,49.0,0.4,297.8,524.3,0.008,4.5,198.9,Red Meat
cheeseburger burger king,380,19.7,9.1,7.6,2.0,31.5,6.0,19.4,3.7,59.9,0.8,59.3,0.0,0.4,0.0,0.0,0.3,4.5,0.3,0.1,0.3,0.0,0.1,0.093,123.7,0.1,3.3,31.9,0.4,190.2,236.7,0.028,3.2,201.6,Fast Food
cheeseburger mcdonalds,313,14.0,5.3,4.3,0.4,33.1,7.4,15.4,1.3,41.7,0.7,53.6,0.0,0.3,0.095,0.02,0.3,4.8,0.0,0.0,0.7,0.0,0.0,0.0,198.7,0.1,2.8,23.8,0.3,166.6,238.0,0.0,2.3,266.0,Fast Food
double cheeseburger,643,36.9,15.9,13.7,3.0,41.0,9.5,37.0,2.1,114.0,0.9,107.5,1.6,0.1,0.5,0.1,0.062,0.5,7.9,0.6,0.5,6.6,0.033,0.8,0.054,342.0,0.2,5.4,47.9,0.3,376.2,515.3,0.017,119.347,Fast Food
double hamburger,942,58.6,21.6,22.9,11.3,51.4,13.2,52.1,5.2,172.0,1.1,206.8,1.5,0.0,0.7,0.2,0.036,0.7,12.1,0.7,0.4,0.7,0.059,2.5,0.094,130.9,0.4,10.5,67.3,0.7,415.1,718.1,0.026,169.626,Fast Food
premium grilled chicken classic sandwich mcdonalds,366,8.6,1.7,2.3,4.1,44.6,10.0,28.3,2.8,68.0,0.8,114.6,0.051,0.4,0.0,0.065,0.4,13.0,1.9,0.6,6.4,0.0,1.1,0.0,74.0,0.1,3.0,56.0,0.7,390.0,456.0,0.0,1.4,167.718,Fast Food
big n tasty with cheese mcdonalds,573,36.0,10.8,10.7,7.1,39.7,9.5,27.2,3.2,91.4,1.0,140.1,0.0,0.3,0.1,0.07,0.7,7.8,0.0,0.0,4.4,0.0,0.0,0.0,224.8,0.2,4.4,44.5,0.4,281.6,491.5,0.0,5.1,339.7,Fast Food
premium grilled chicken club sandwich mcdonalds,493,18.0,6.4,5.6,4.8,44.3,6.4,38.3,2.7,102.6,1.0,117.1,0.0,0.4,0.0,0.0,0.4,12.4,1.8,0.0,9.8,0.0,0.0,0.0,211.9,0.0,3.1,0.0,0.0,0.0,0.0,0.0,0.0,328.1,Fast Food
quarter pounder mcdonalds,417,19.8,6.9,7.2,0.5,37.9,8.8,24.1,2.7,66.7,0.7,86.1,0.0,0.3,0.052,0.029,0.6,7.6,0.0,0.0,1.5,0.0,0.0,0.0,143.6,0.2,4.1,37.6,0.3,212.0,388.2,0.0,4.6,233.7,Fast Food
premium crispy chicken classic sandwich mcdonalds,524,20.0,3.2,7.3,8.5,58.6,12.4,27.8,3.2,59.8,1.0,119.6,0.0,0.5,0.1,0.0,0.4,12.7,2.4,0.0,5.8,0.0,0.0,0.0,78.2,0.2,3.3,62.1,1.0,370.3,522.1,0.0,1.5,196.9,Fast Food
veggie burger,124,4.4,1.0,1.2,1.4,10.0,0.7,11.0,3.4,3.5,0.4,42.8,0.0,1.9,0.045,0.02,0.2,2.6,0.2,0.2,3.2,0.0,0.2,0.069,95.2,0.1,1.7,39.2,0.7,144.2,233.1,0.017,0.9,128.9,Fast Food
quarter pounder with cheese mcdonalds,513,28.3,11.2,9.2,0.9,39.7,9.8,29.0,2.8,93.5,1.2,97.3,0.0,0.3,0.1,0.068,0.7,7.7,0.0,0.0,1.6,0.0,0.0,0.0,286.6,0.2,4.2,43.8,0.3,320.4,435.8,0.0,5.2,392.2,Fast Food
cheeseburger,292,13.2,6.0,5.1,1.4,28.7,5.9,15.0,1.6,41.4,0.6,55.3,0.5,0.087,0.4,0.083,0.091,0.2,3.5,0.3,1.1,0.7,0.042,0.3,0.04,105.8,0.1,3.2,25.3,0.3,154.1,204.7,0.021,60.289,Fast Food
premium grilled chicken ranch blt sandwich mcdonalds,412,10.9,3.0,3.8,3.4,44.3,10.5,33.7,2.8,76.8,1.0,108.3,0.0,0.4,0.0,0.0,0.4,12.5,1.8,0.0,9.9,0.0,0.0,0.0,76.8,0.0,3.0,0.0,0.0,0.0,0.0,0.0,0.0,181.4,Fast Food
double whopper with cheese burger king,1061,68.1,27.9,25.1,11.9,53.9,14.4,57.7,6.4,187.5,1.5,212.6,0.0,1.1,0.1,0.0,0.8,12.0,0.8,0.4,0.8,0.0,0.2,0.082,311.2,0.3,21.1,75.8,0.6,510.7,754.1,0.075,14.0,519.2,Fast Food
big mac mcdonalds,563,32.8,8.3,7.6,0.7,44.0,8.7,25.9,3.5,78.8,1.0,112.3,0.0,0.4,0.1,0.048,0.5,7.4,0.0,0.0,0.9,0.0,0.0,0.0,254.0,0.2,4.4,43.8,0.5,267.2,396.4,0.0,4.2,365.5,Fast Food
sandwich with cold cuts,833,39.3,13.9,14.5,7.5,79.9,12.4,41.1,4.7,105.6,2.2,221.0,0.5,0.004,1.3,0.4,0.051,1.0,16.9,1.5,0.8,29.3,0.012,1.6,0.023,668.6,0.5,7.1,78.2,0.9,437.9,1102.6,0.065,166.871,Other
filet o fish mcdonalds,378,19.6,3.8,5.4,8.0,35.4,4.9,15.1,1.9,42.9,0.6,61.3,0.0,0.3,0.073,0.054,0.2,3.0,0.0,0.0,0.4,0.0,1.6,0.058,160.8,0.025,2.1,36.2,0.4,183.6,294.8,0.017,0.8,235.3,Fast Food
hand breaded chicken tenders carls jr,57,2.9,0.6,2.9,5.5,0.2,0.0,0.0,0.0,0.0,0.0,0.0,0.0,0.0,0.0,0.0,0.0,0.0,0.0,0.0,0.0,0.0,0.0,0.0,0.0,0.0,0.0,0.0,0.0,0.0,0.0,0.0,0.0,3.1,Fast Food
grilled chicken sandwich wendys,370,8.0,42.0,34.0,0.0,0.0,0.0,0.0,0.0,0.0,0.0,0.0,0.0,0.0,0.0,0.0,0.0,0.0,0.0,0.0,0.0,0.0,0.0,0.0,0.0,0.0,0.0,0.0,0.0,0.0,0.0,0.0,0.0,8.0,Fast Food
sandwich with roast beef,410,13.0,7.1,1.8,2.6,44.3,0.0,28.6,0.0,73.4,0.8,127.4,0.03,0.4,0.053,0.015,0.4,6.0,0.8,0.3,5.6,0.0,0.0,0.0,41.0,0.4,2.8,67.0,0.4,192.2,330.5,0.073,4.4,135.393,Red Meat
hamburger burger king,258,10.4,3.8,4.2,1.2,26.5,5.5,14.7,2.0,34.7,0.5,45.5,0.5,0.0,0.3,0.026,0.0,0.2,3.9,0.2,0.056,0.2,0.0,0.068,0.049,75.2,0.1,2.8,24.8,0.3,124.7,214.8,0.055,54.28,Fast Food
big n tasty mcdonalds,524,31.7,8.6,9.7,6.9,38.5,8.8,24.7,3.2,76.6,0.7,133.9,0.0,0.3,0.1,0.017,0.6,7.7,0.0,0.0,4.4,0.0,0.0,0.0,150.8,0.2,4.4,41.8,0.4,227.4,464.0,0.0,4.8,257.7,Fast Food
roast beef sandwich,364,15.3,5.1,5.9,2.6,33.1,5.7,22.6,1.9,44.7,1.0,74.4,0.6,0.035,0.3,0.015,0.012,0.4,6.5,0.9,0.3,0.0,0.0,0.6,0.039,82.0,0.1,3.9,34.3,0.1,298.0,333.8,0.055,73.951,Red Meat
roast beef sandwich with cheese,473,18.0,9.0,3.7,3.5,45.4,0.0,32.2,0.0,77.4,1.6,76.6,0.082,0.4,0.065,0.063,0.5,5.9,0.7,0.3,0.0,0.0,0.0,0.0,183.0,0.2,5.1,40.5,0.3,401.3,345.0,0.021,5.4,283.72,Red Meat
hamburger,255,9.9,3.5,3.7,1.3,28.7,5.8,12.9,1.7,28.1,0.5,43.5,0.4,0.088,0.3,0.082,0.092,0.2,3.9,0.3,0.1,0.3,0.041,0.053,0.068,112.5,0.027,2.8,21.3,0.2,106.7,191.1,0.017,53.859,Fast Food
premium fish sandwich burger king,572,27.4,4.3,5.7,13.8,58.7,7.8,22.6,2.0,68.2,1.3,106.6,0.0,0.4,0.0,0.0,0.4,4.6,0.4,0.054,0.4,0.0,0.0,0.014,81.4,0.2,3.3,55.0,0.6,255.2,453.2,0.08,1.1,195.8,Fast Food
whopper burger king,790,48.4,18.3,16.0,12.0,52.8,13.0,35.4,3.2,113.8,1.4,173.5,0.0,0.7,0.2,0.0,0.6,8.1,0.6,0.2,0.6,0.0,0.3,0.008,259.1,0.2,6.3,56.9,0.6,357.1,534.0,0.032,5.1,405.8,Fast Food
sandwich with tuna salad,584,28.0,5.3,13.4,7.3,55.4,0.0,29.7,0.0,48.6,1.3,139.0,0.004,0.5,0.1,0.076,0.3,11.3,1.9,0.2,3.6,0.0,0.0,0.0,74.2,0.4,2.6,79.4,0.5,220.2,335.4,0.019,1.9,193.569,Seafood
original chicken sandwich burger king,569,29.2,5.4,7.4,14.4,52.2,6.0,24.2,4.8,61.7,1.3,89.0,0.0,0.6,0.075,0.0,0.3,9.4,0.9,0.3,0.4,0.0,0.0,0.019,91.5,0.2,3.6,45.8,0.8,254.7,390.0,0.037,1.2,205.9,Fast Food
double whopper burger king,942,58.6,21.6,22.9,11.3,51.4,13.2,52.1,5.2,172.0,1.1,206.8,0.0,0.7,0.2,0.0,0.7,12.1,0.7,0.4,0.7,0.0,0.0,0.023,130.9,0.4,10.5,67.3,0.7,415.1,718.1,0.082,11.2,309.4,Fast Food
premium crispy chicken club sandwich mcdonalds,635,29.9,8.5,10.7,9.0,57.4,12.7,39.1,3.0,96.5,1.2,122.0,0.0,0.4,0.0,0.0,0.4,12.1,2.3,0.0,9.7,0.0,0.0,0.0,233.7,0.0,3.4,0.0,0.0,0.0,0.0,0.0,0.0,376.2,Fast Food
hamburger mcdonalds,251,9.6,3.3,3.6,1.3,28.8,5.7,12.3,1.2,25.7,0.5,42.3,0.4,0.0,0.2,0.03,0.008,0.2,4.3,0.0,0.0,0.6,0.0,0.0,0.0,120.7,0.049,2.7,20.0,0.3,101.7,182.4,0.066,52.357,Fast Food
pepperoni pizza dominos,308,12.6,5.4,3.8,2.4,36.0,4.2,12.7,2.4,28.3,0.7,49.0,0.0,0.4,0.0,0.014,0.2,3.9,0.0,0.024,0.9,0.0,1.1,0.034,159.3,0.1,2.6,27.1,0.4,215.8,206.8,0.038,1.5,226.5,Fast Food
sausage pizza,325,14.3,5.8,4.7,2.7,35.5,3.9,13.3,2.7,26.7,0.7,49.9,0.3,0.019,0.4,0.1,0.055,0.2,4.4,0.0,0.099,2.0,0.0,1.1,0.078,167.0,0.1,2.8,27.8,0.4,223.9,228.5,0.003,66.337,Fast Food
pepperoni pizza,313,13.2,5.7,4.3,2.3,35.5,3.6,13.0,2.6,27.8,0.8,46.4,0.3,0.035,0.5,0.1,0.001,0.2,4.6,0.0,0.093,1.0,0.0,1.0,0.05,169.8,0.1,2.8,26.6,0.4,219.8,216.5,0.022,64.836,Fast Food
pepperoni pizza pizza hut,269,10.9,5.0,3.9,2.0,30.3,3.5,12.3,1.6,25.0,0.8,39.7,0.087,0.3,0.0,0.073,0.3,3.9,0.4,0.1,0.0,0.0,0.7,0.037,148.8,0.038,2.1,22.1,0.4,209.3,198.7,0.021,1.6,206.086,Fast Food
cheese pizza pizza hut,260,10.5,4.8,2.8,1.8,30.0,3.2,11.5,1.7,23.0,0.7,41.6,0.075,0.3,0.0,0.033,0.2,3.2,0.3,0.1,0.0,0.0,0.7,0.039,200.6,0.003,1.9,21.1,0.3,239.0,166.1,0.022,1.6,256.272,Fast Food
cheese pizza,285,10.4,4.8,2.8,1.8,35.7,3.8,12.2,2.5,18.2,0.6,46.2,0.3,0.001,0.4,0.014,0.023,0.2,4.1,0.0,0.066,1.5,0.0,0.9,0.082,201.2,0.1,2.7,25.7,0.4,231.1,184.0,0.031,61.304,Fast Food
cheese pizza dominos,278,9.7,4.4,2.3,2.0,35.9,4.3,11.7,2.4,18.4,0.6,48.5,0.068,0.3,0.0,0.037,0.2,3.6,0.5,0.051,1.0,0.0,1.1,0.028,180.4,0.1,2.5,25.9,0.3,220.3,173.9,0.026,1.3,243.663,Fast Food
meat vegetable pizza,332,14.8,6.0,5.2,2.6,34.5,5.1,15.0,3.0,36.7,0.8,68.5,0.032,0.3,0.045,0.045,0.4,4.2,0.6,0.1,0.1,0.0,1.2,0.065,163.2,0.2,2.5,31.3,0.4,248.9,250.2,0.075,1.7,233.148,Fast Food
haddock cooked,135,0.8,0.2,0.1,0.3,0.0,0.0,30.0,0.0,99.0,0.4,119.5,0.012,0.099,0.035,0.045,0.1,6.2,0.7,0.5,0.0,0.064,0.8,0.004,21.0,0.042,0.3,39.0,0.06,417.0,526.5,0.055,0.6,52.159,Seafood
burbot cooked,104,0.9,0.2,0.2,0.3,0.0,0.0,22.3,0.0,69.3,0.1,66.1,0.071,0.4,0.059,0.087,0.2,1.8,0.2,0.3,0.0,0.0,0.0,0.0,57.6,0.2,1.0,36.9,0.8,230.4,466.2,0.002,0.9,81.891,Seafood
pollock cooked,356,3.8,0.5,0.4,1.9,0.0,0.0,75.3,0.0,274.8,0.3,217.5,0.045,0.2,0.092,0.093,0.7,12.0,1.2,1.0,0.0,0.0,0.0,0.0,232.5,0.2,1.8,259.7,0.026,854.7,1377.1,0.1,1.8,313.428,Seafood
whitefish cooked,265,11.6,1.8,3.9,4.2,0.0,0.0,37.7,0.0,118.6,0.1,100.2,0.082,0.3,0.0,0.027,0.2,5.9,1.3,0.5,0.0,0.0,0.0,0.0,50.8,0.1,0.7,64.7,0.1,532.8,625.2,0.08,2.0,100.864,Seafood
carp cooked,275,12.2,2.4,5.1,3.1,0.0,0.0,38.9,0.0,142.8,0.1,118.4,0.02,0.2,0.056,0.09,0.1,3.6,1.5,0.4,2.7,0.0,0.0,0.0,88.4,0.1,2.7,64.6,0.074,902.7,725.9,0.082,3.2,144.989,Seafood
wolffish cooked,293,7.3,1.1,2.6,2.6,0.0,0.0,53.4,0.0,140.4,0.3,176.7,0.3,0.5,0.063,0.08,0.2,6.2,1.6,1.1,0.0,0.0,0.0,0.0,19.0,0.048,0.3,90.4,0.075,609.3,916.3,0.1,2.4,80.3,Seafood
snapper cooked,218,2.9,0.6,0.5,1.0,0.0,0.0,44.7,0.0,79.9,0.066,119.6,0.071,0.009,0.094,0.05,0.065,0.6,1.5,0.8,2.7,0.0,0.0,0.0,68.0,0.027,0.4,62.9,0.034,341.7,887.4,0.07,0.7,118.742,Seafood
roe cooked,58,2.3,0.5,0.6,1.0,0.5,0.0,8.1,0.0,135.6,0.055,16.6,0.066,0.001,0.055,0.056,0.3,0.6,0.3,0.085,4.6,0.0,0.0,0.0,7.9,0.078,0.2,7.4,0.033,145.7,80.1,0.052,0.4,23.609,Seafood
whiting cooked,84,1.2,0.3,0.3,0.4,0.0,0.0,16.9,0.0,60.5,0.018,53.8,0.064,0.04,0.075,0.045,0.05,1.2,0.2,0.1,0.0,0.027,0.3,0.075,44.6,0.01,0.3,19.4,0.017,205.2,312.5,0.077,0.4,63.037,Seafood
skipjack tuna cooked,407,4.0,1.3,0.7,1.2,0.0,0.0,86.9,0.0,184.8,0.1,191.8,0.059,0.1,0.06,0.041,0.4,57.8,1.5,3.0,3.1,0.0,0.0,0.0,114.0,0.3,4.9,135.5,0.067,877.8,1607.8,0.1,3.2,212.936,Seafood
salmon cooked,733,44.0,8.5,14.9,16.2,0.0,0.0,78.7,0.0,224.3,0.2,230.5,0.2,1.2,0.1,0.01,0.5,28.6,5.3,2.3,13.2,0.046,4.1,0.044,53.4,0.2,1.2,106.8,0.095,897.1,1367.0,0.1,1.5,190.7,Seafood
chum salmon cooked,474,14.9,3.3,6.1,3.5,0.0,0.0,79.5,0.0,292.6,0.2,210.8,0.1,0.3,0.045,0.017,0.7,26.3,2.7,1.4,0.0,0.0,0.0,0.0,43.1,0.2,2.2,86.2,0.09,1118.0,1694.0,0.1,1.8,139.8,Seafood
american shad cooked,363,25.4,0.0,0.0,0.0,0.0,0.0,31.3,0.0,138.2,0.043,85.3,0.031,0.3,0.008,0.065,0.4,15.5,1.2,0.7,0.0,0.0,0.0,0.0,86.4,0.1,1.8,54.7,0.027,502.6,708.5,0.035,0.7,144.967,Seafood
shark cooked,65,3.9,0.9,1.7,1.0,1.8,0.0,5.3,0.0,16.7,0.068,17.0,0.058,0.034,0.05,0.066,0.013,0.8,0.2,0.063,0.0,0.0,0.0,0.0,14.2,0.031,0.3,12.2,0.057,54.9,43.9,0.064,0.1,25.548,Seafood
trout cooked,118,5.3,0.9,2.6,1.2,0.0,0.0,16.5,0.0,45.9,0.027,39.3,0.02,0.3,0.019,0.026,0.3,3.6,1.4,0.1,0.3,0.0,0.0,0.0,34.1,0.1,1.2,17.4,0.7,194.7,287.1,0.096,0.5,57.496,Seafood
rainbow trout cooked,119,5.2,1.2,1.7,1.3,0.0,0.0,16.9,0.0,49.7,0.041,48.8,0.09,0.024,0.1,0.035,0.011,0.077,4.7,1.4,0.3,2.1,0.092,2.0,0.003,21.3,0.093,0.3,21.3,0.043,191.7,319.5,0.059,22.557,Seafood
fish sandwich with cheese,374,19.6,3.8,5.4,8.0,35.4,4.9,15.1,0.0,49.6,0.6,61.3,0.0,0.3,0.0,0.007,0.3,3.1,0.3,0.044,2.0,0.0,0.0,0.0,160.8,0.092,2.1,36.2,0.4,183.6,294.8,0.0,0.8,235.0,Seafood
jellyfish dried,21,0.8,0.2,0.1,0.3,0.0,0.0,3.2,0.0,2.9,5.6,39.4,0.024,0.082,0.033,0.0,0.05,0.1,0.0,0.054,0.0,0.0,0.05,0.059,1.2,0.08,1.3,1.2,0.0,11.6,1.7,0.014,0.2,6.517,Seafood
halibut cooked,353,5.1,1.1,1.8,1.1,0.0,0.0,71.7,0.0,190.8,0.3,242.1,0.043,0.007,0.2,0.01,0.043,0.1,25.2,1.3,2.0,0.0,0.089,2.4,0.0,28.6,0.095,0.6,89.0,0.071,912.7,1679.0,0.2,78.934,Seafood
orange roughy cooked,30,0.3,0.046,0.1,0.076,0.0,0.0,6.4,0.0,22.6,0.079,19.0,0.049,0.025,0.035,0.043,0.009,0.5,0.025,0.022,0.0,0.0,0.5,0.076,3.1,0.043,0.3,5.1,0.061,28.9,51.2,0.024,0.095,10.146,Fruits
florida pompano cooked,186,10.7,4.0,2.9,1.3,0.0,0.0,20.8,0.0,56.3,0.05,55.4,0.025,0.6,0.055,0.006,0.1,3.3,0.8,0.2,0.0,0.0,0.0,0.0,37.8,0.087,0.6,27.3,0.023,300.1,559.7,0.089,0.6,69.911,Seafood
fish sandwich,565,27.4,4.3,5.7,13.8,58.7,7.8,22.6,0.0,77.0,1.3,106.6,0.2,0.0,0.5,0.0,0.0,0.3,4.7,0.8,0.2,4.0,0.0,0.0,0.0,81.4,0.2,3.3,55.0,0.6,255.2,453.2,0.1,109.3,Seafood
cuttlefish cooked,45,0.4,0.08,0.061,0.061,0.5,0.0,9.2,0.0,63.4,0.2,17.3,0.05,0.07,0.046,0.057,0.5,0.6,0.3,0.015,2.4,0.0,0.0,0.0,50.9,0.3,3.1,17.0,0.056,164.1,180.3,0.037,1.0,66.521,Seafood
cod cooked,189,1.5,0.3,0.2,0.5,0.0,0.0,41.1,0.0,99.0,0.1,136.7,0.077,0.2,0.024,0.071,0.1,4.5,0.3,0.5,1.8,0.097,1.5,0.028,25.2,0.01,0.9,75.6,0.016,248.4,439.2,0.09,1.0,70.534,Seafood
spot cooked,79,3.1,0.9,0.9,0.7,0.0,0.0,11.9,0.0,38.5,0.022,34.6,0.051,0.051,0.036,0.093,0.1,4.3,0.4,0.2,0.0,0.0,0.0,0.0,9.0,0.025,0.2,27.0,0.098,119.0,318.0,0.029,0.3,24.239,Other
walleye pike cooked,148,1.9,0.4,0.5,0.7,0.0,0.0,30.4,0.0,136.4,0.069,91.1,0.085,0.4,0.032,0.047,0.2,3.5,1.1,0.2,0.0,0.0,0.0,0.0,174.8,0.3,2.1,47.1,1.3,333.6,618.8,0.073,1.0,209.213,Seafood
salt mackerel,415,34.1,9.7,11.3,8.4,0.0,0.0,25.2,0.0,129.2,6.1,58.5,0.031,0.05,0.061,0.065,0.3,4.5,0.0,0.6,0.0,0.03,3.2,0.043,89.8,0.1,1.9,81.6,0.0,345.4,707.2,0.082,1.5,151.025,Other
mackerel cooked,231,15.7,3.7,6.2,3.8,0.0,0.0,21.0,0.0,66.0,0.064,46.9,0.065,0.1,0.014,0.097,0.4,6.0,0.9,0.4,0.4,0.0,0.0,0.0,13.2,0.086,1.4,85.4,0.008,244.6,352.9,0.038,0.8,51.733,Other
tilapia cooked,111,2.3,0.8,0.8,0.5,0.0,0.0,22.8,0.0,49.6,0.011,62.3,0.0,0.021,0.006,0.037,0.072,4.1,0.6,0.1,0.0,0.013,0.7,0.053,12.2,0.049,0.6,29.6,0.083,177.5,330.6,0.034,0.4,37.9,Seafood
atlantic croaker fried,192,11.0,3.0,4.6,2.5,6.6,0.0,15.8,0.3,73.1,0.3,52.0,0.004,0.006,0.044,0.032,0.1,3.7,0.6,0.2,0.0,0.0,0.0,0.0,27.8,0.096,0.7,36.5,0.079,188.8,295.8,0.038,0.5,62.209,Other
pumpkin seed sunfish cooked,42,0.3,0.025,0.083,0.1,0.0,0.0,9.2,0.0,31.8,0.046,27.3,0.087,0.001,0.038,0.062,0.028,0.5,0.3,0.066,0.4,0.0,0.0,0.0,38.1,0.1,0.6,14.1,0.3,85.5,166.1,0.025,0.7,48.674,Nuts & Seeds
bluefin tuna cooked,276,9.4,2.4,3.1,2.8,0.0,0.0,44.9,0.0,73.5,0.02,88.6,1.1,0.4,0.034,0.062,0.5,15.8,2.1,0.8,0.0,0.0,0.0,0.0,15.0,0.2,2.0,96.0,0.028,489.0,484.5,0.036,1.2,72.4,Seafood
scup cooked,68,1.8,0.0,0.0,0.0,0.0,0.0,12.1,0.0,33.5,0.061,34.2,0.093,0.004,0.051,0.037,0.044,2.5,0.4,0.2,0.0,0.0,0.0,0.0,25.5,0.078,0.3,14.5,0.034,118.5,184.0,0.015,0.3,39.718,Seafood
herring cooked,290,16.6,3.7,6.8,3.9,0.0,0.0,32.9,0.0,110.1,0.2,91.7,0.076,0.2,0.067,0.06,0.4,5.9,1.1,0.5,1.0,0.0,2.0,0.074,105.8,0.2,2.0,58.6,0.082,433.3,599.2,0.066,1.8,158.304,Seafood
sheepshead cooked,234,3.0,0.7,0.7,0.7,0.0,0.0,48.4,0.0,119.0,0.1,128.4,0.069,0.061,0.058,0.062,0.089,3.3,1.6,0.7,0.0,0.0,0.0,0.0,68.8,0.2,1.2,65.1,0.085,651.0,952.3,0.065,1.2,121.48,Seafood
bass cooked,91,2.9,0.6,1.1,0.8,0.0,0.0,15.0,0.0,53.9,0.078,42.6,0.073,0.081,0.085,0.002,0.009,0.9,0.5,0.023,1.3,0.0,0.0,0.0,63.9,0.047,1.2,23.6,0.7,158.7,282.7,0.026,0.5,84.379,Seafood
pout cooked,279,3.2,1.1,1.2,0.1,0.0,0.0,58.4,0.0,183.6,0.2,208.5,0.062,0.3,0.077,0.017,0.2,7.0,0.5,0.8,0.0,0.0,0.0,0.0,35.6,0.1,1.0,46.6,0.022,701.4,1405.6,0.1,3.6,98.207,Seafood
sablefish cooked,755,59.3,12.4,31.2,7.9,0.0,0.0,51.9,0.0,190.3,0.2,189.8,0.3,0.4,0.085,0.046,0.3,15.5,2.6,1.0,0.0,0.0,0.0,0.0,135.9,0.013,5.0,214.4,0.095,649.3,1386.2,0.1,1.2,252.4,Other
tuna salad,383,19.0,3.2,5.9,8.5,19.3,0.0,32.9,0.0,26.7,0.8,129.5,0.004,0.028,0.059,0.049,0.1,13.7,0.5,0.2,4.5,0.0,0.0,0.0,34.9,0.3,2.1,39.0,0.082,364.9,364.9,0.001,1.1,112.727,Seafood
coho salmon cooked,255,11.8,2.8,5.2,2.8,0.0,0.0,34.7,0.0,90.1,0.06,95.8,0.063,0.1,0.064,0.086,0.2,10.6,1.8,0.8,2.1,0.0,0.0,0.0,17.2,0.1,0.6,48.6,0.056,474.8,657.8,0.081,0.7,66.478,Seafood
pink salmon cooked,349,12.0,2.2,3.7,2.2,0.0,0.0,56.0,0.0,125.4,0.2,161.1,0.029,0.055,0.2,0.043,0.012,0.3,21.9,2.8,1.6,0.0,0.041,1.1,0.066,18.2,0.2,1.0,73.0,0.003,713.6,1000.9,0.089,69.873,Seafood
sockeye salmon cooked,493,17.3,3.0,5.8,4.1,0.0,0.0,82.1,0.0,189.1,0.3,208.7,0.087,0.2,0.5,0.035,0.04,0.8,31.4,4.3,2.6,0.0,0.016,3.1,0.089,34.1,0.2,1.6,111.6,0.096,945.5,1351.6,0.1,102.315,Seafood
greenland halibut cooked,760,56.4,9.9,34.2,5.6,0.0,0.0,58.6,0.0,187.6,0.3,196.8,0.093,0.2,0.07,0.004,0.3,6.1,0.9,1.5,0.0,0.0,0.0,0.0,12.7,0.1,2.7,104.9,0.075,667.8,1093.9,0.1,1.6,130.404,Seafood
northern pike cooked,350,2.7,0.5,0.6,0.8,0.0,0.0,76.5,0.0,155.0,0.2,226.2,0.095,0.2,0.098,0.088,0.2,8.7,2.7,0.4,11.8,0.0,0.0,0.0,226.3,0.2,2.2,124.0,1.0,874.2,1026.1,0.024,2.7,319.506,Seafood
turbot cooked,388,12.0,0.0,0.0,0.0,0.0,0.0,65.4,0.0,197.2,0.6,224.0,0.02,0.2,0.04,0.026,0.3,8.5,2.1,0.8,5.4,0.0,0.0,0.0,73.1,0.1,1.5,206.7,0.064,524.7,969.9,0.1,0.9,157.453,Seafood
surimi,28,0.3,0.059,0.043,0.1,1.9,0.0,4.3,0.0,8.5,0.042,21.6,0.084,0.072,0.006,0.035,0.078,0.062,0.055,0.064,0.0,0.0,0.2,0.003,2.5,0.007,0.057,12.2,0.043,79.8,31.7,0.047,0.026,9.072,Other
chinook salmon cooked,711,41.2,9.9,17.7,8.2,0.0,0.0,79.2,0.0,261.8,0.2,202.0,0.5,0.1,0.1,0.065,0.5,30.9,2.7,1.4,12.6,0.0,0.0,0.0,86.2,0.2,2.8,375.8,0.074,1142.7,1555.4,0.1,1.7,222.5,Seafood
mullet cooked,140,4.5,1.3,1.3,0.9,0.0,0.0,23.1,0.0,58.6,0.001,65.6,0.053,0.022,0.034,0.084,0.09,5.9,0.8,0.5,1.1,0.0,0.0,0.0,28.8,0.1,1.3,30.7,0.048,226.9,425.9,0.027,0.8,58.866,Seafood
sea bass cooked,125,2.6,0.7,0.5,1.0,0.0,0.0,23.9,0.0,53.5,0.058,72.9,0.053,0.1,0.048,0.046,0.2,1.9,0.9,0.5,0.0,0.0,0.0,0.0,13.1,0.046,0.4,53.5,0.056,250.5,331.3,0.023,0.5,40.067,Seafood
sturgeon cooked,184,7.0,1.6,3.4,1.2,0.0,0.0,28.2,0.0,104.7,0.019,95.1,0.4,0.1,0.072,0.087,0.1,13.7,1.2,0.3,0.0,0.073,0.9,0.039,23.1,0.054,1.2,61.2,0.038,368.6,495.0,0.044,0.7,59.9,Seafood
fish fillet fried,211,11.2,2.6,2.3,5.7,15.4,0.0,13.3,0.5,30.9,0.5,48.7,0.095,0.043,0.05,0.054,0.089,1.9,0.2,0.066,0.0,0.0,0.0,0.0,16.4,0.003,1.9,21.8,0.2,155.6,291.2,0.035,0.4,58.716,Seafood
rainbow smelt cooked,35,0.9,0.2,0.2,0.3,0.0,0.0,6.4,0.0,25.5,0.047,20.6,0.005,0.072,0.021,0.089,0.083,0.5,0.2,0.041,0.0,0.0,0.0,0.0,21.8,0.01,0.3,10.8,0.3,83.5,105.3,0.062,0.6,29.428,Seafood
dolphinfish cooked,173,1.4,0.4,0.2,0.3,0.0,0.0,37.7,0.0,149.5,0.2,113.2,0.046,0.092,0.096,0.086,0.1,11.8,1.4,0.7,0.0,0.0,0.0,0.0,30.2,0.052,2.3,60.4,0.018,291.0,847.5,0.057,0.9,71.625,Seafood
crayfish cooked,25,0.4,0.089,0.022,0.1,0.0,0.0,5.0,0.0,38.8,0.058,22.9,0.094,0.045,0.056,0.076,0.051,0.5,0.1,0.058,0.1,0.0,0.0,0.0,14.4,0.2,0.3,9.3,0.072,68.2,67.4,0.047,0.4,20.222,Seafood
perch cooked,54,0.5,0.1,0.029,0.2,0.0,0.0,11.4,0.0,52.9,0.043,33.7,0.019,0.006,0.099,0.02,0.088,0.9,0.4,0.07,0.8,0.0,0.0,0.0,46.9,0.085,0.5,17.5,0.4,118.2,158.2,0.08,0.7,60.112,Seafood
milkfish cooked,54,2.4,0.0,0.0,0.0,0.0,0.0,7.4,0.0,19.0,0.076,17.7,0.027,0.069,0.08,0.061,0.058,2.3,0.2,0.1,0.0,0.0,0.0,0.0,18.4,0.05,0.1,10.8,0.003,58.9,105.8,0.065,0.3,28.341,Seafood
catfish fried,199,11.6,2.9,4.9,2.9,7.0,0.0,15.7,0.6,61.8,0.2,51.2,0.0,0.04,0.015,0.054,0.1,2.0,0.6,0.2,0.0,0.0,0.0,0.0,38.3,0.01,1.2,23.5,0.05,187.9,295.8,0.098,0.7,74.4,Seafood
flounder cooked,109,3.0,0.7,0.8,0.6,0.0,0.0,19.4,0.0,71.1,0.5,103.0,0.047,0.067,0.094,0.014,0.018,0.002,1.6,0.3,0.1,0.0,0.005,1.0,0.1,31.8,0.099,0.3,27.9,0.077,392.4,250.2,0.049,22.622,Other
fish sticks,78,4.5,1.0,0.9,2.2,6.1,0.5,3.1,0.4,7.8,0.1,13.9,0.055,0.006,0.037,0.039,0.3,0.082,0.4,0.0,0.038,0.0,0.0,1.9,0.089,4.5,0.3,0.2,7.0,0.0,53.5,51.8,0.072,14.563,Seafood
monkfish cooked,27,0.6,0.0,0.0,0.0,0.0,0.0,5.3,0.0,9.1,0.004,22.2,0.006,0.014,0.011,0.024,0.045,0.7,0.01,0.039,0.3,0.0,0.0,0.0,2.8,0.033,0.1,7.6,0.082,72.4,145.2,0.036,0.1,9.165,Other
yellowtail cooked,546,19.6,0.0,0.0,0.0,0.0,0.0,86.6,0.0,207.3,0.1,196.6,0.045,0.5,0.085,0.034,0.1,25.5,2.0,0.5,8.5,0.0,0.0,0.0,84.7,0.2,1.8,111.0,0.095,586.9,1571.0,0.1,2.0,201.282,Seafood
yellowfin tuna cooked,37,0.2,0.054,0.095,0.038,0.0,0.0,8.2,0.0,13.3,0.011,19.5,0.098,0.065,0.019,0.059,0.093,6.2,0.021,0.3,0.0,0.009,0.042,0.023,1.1,0.001,0.3,11.9,0.014,94.2,149.1,0.003,0.1,9.861,Seafood
ling cooked,168,1.2,0.0,0.0,0.0,0.0,0.0,36.8,0.0,77.0,0.3,111.6,0.025,0.2,0.009,0.06,0.3,4.2,0.6,0.5,0.0,0.0,0.0,0.0,66.4,0.2,1.3,122.3,0.035,383.5,733.9,0.079,1.5,105.731,Seafood
eel cooked,67,4.2,0.9,2.6,0.3,0.0,0.0,6.7,0.0,45.6,0.069,16.8,0.3,0.008,0.074,0.058,0.066,1.3,0.067,0.031,0.5,0.0,0.0,0.0,7.4,0.075,0.2,7.4,0.058,78.4,98.8,0.01,0.6,19.3,Seafood
salmon nuggets,60,3.3,0.4,1.3,0.9,4.0,0.0,3.6,0.0,7.4,0.005,17.1,0.0,0.018,0.076,0.086,0.059,1.3,0.1,0.046,0.0,0.0,0.0,0.0,2.3,0.039,0.4,5.7,0.06,49.8,46.7,0.0,0.1,13.6,Seafood
butterfish cooked,47,2.6,0.0,0.0,0.0,0.0,0.0,5.5,0.0,20.8,0.042,16.7,0.029,0.055,0.092,0.057,0.016,1.4,0.2,0.041,0.0,0.0,0.0,0.0,7.0,0.028,0.2,8.0,0.095,77.0,120.3,0.02,0.2,15.35,Seafood
caviar,42,2.9,0.6,0.7,1.2,0.6,0.0,3.9,0.0,94.1,0.2,7.6,0.054,0.037,0.038,0.083,0.003,0.051,0.6,0.005,0.0,0.0,0.3,0.065,44.0,0.086,1.9,48.0,0.068,57.0,29.0,0.098,0.2,53.325,Seafood
catfish cooked,206,10.3,2.3,4.5,1.9,0.0,0.0,26.4,0.0,94.4,0.2,106.7,0.066,0.045,0.044,0.066,0.021,0.1,3.6,1.2,0.3,0.0,0.035,1.4,0.01,12.9,0.098,0.4,32.9,0.011,353.2,523.4,0.03,37.141,Seafood
cusk cooked,106,0.8,0.0,0.0,0.0,0.0,0.0,23.1,0.0,50.4,0.047,66.2,0.016,0.097,0.015,0.007,0.2,3.1,0.3,0.4,0.0,0.0,0.0,0.0,12.4,0.077,1.0,38.0,0.048,248.9,477.9,0.012,0.5,37.306,Seafood
sucker cooked,148,3.7,0.7,1.1,1.3,0.0,0.0,26.6,0.0,65.7,0.019,91.7,0.006,0.053,0.043,0.026,0.1,1.8,1.1,0.3,0.0,0.0,0.0,0.0,111.6,0.3,2.1,47.1,1.0,333.6,603.9,0.0,1.2,144.006,Seafood
drum cooked,236,9.7,2.2,4.3,2.3,0.0,0.0,34.6,0.0,126.3,0.1,109.2,0.099,0.1,0.058,0.019,0.3,4.4,1.3,0.5,1.5,0.0,0.0,0.0,118.6,0.5,1.8,58.5,1.4,355.7,543.6,0.076,1.3,166.292,Seafood
tilefish cooked,441,14.1,2.6,4.0,3.7,0.0,0.0,73.5,0.0,192.0,0.2,210.7,0.022,0.4,0.067,0.01,0.6,10.5,2.6,0.9,0.0,0.0,0.0,0.0,78.0,0.2,0.9,99.0,0.064,708.0,1536.0,0.2,1.6,166.521,Seafood
bluefish cooked,186,6.4,1.4,2.7,1.6,0.0,0.0,30.1,0.0,88.9,0.045,73.3,0.2,0.012,0.066,0.019,0.1,8.5,1.1,0.5,0.0,0.0,0.0,0.0,10.5,0.049,0.7,49.1,0.015,340.5,558.1,0.084,1.2,47.9,Seafood
grouper cooked,238,2.6,0.6,0.5,0.8,0.0,0.0,50.2,0.0,94.9,0.1,148.2,0.1,0.2,0.023,0.083,0.035,0.8,1.8,0.7,0.0,0.0,0.0,0.0,42.4,0.063,2.3,74.7,0.075,288.9,959.5,0.088,1.0,97.6,Seafood
herring kippered,87,4.9,1.1,2.0,1.2,0.0,0.0,9.8,0.0,32.8,0.4,23.9,0.005,0.07,0.02,0.068,0.1,1.8,0.4,0.2,0.4,0.004,0.6,0.086,33.6,0.081,0.6,18.4,0.062,130.0,178.8,0.053,0.5,49.314,Seafood
ocean perch cooked,48,0.9,0.2,0.3,0.2,0.0,0.0,9.3,0.0,31.5,0.2,37.1,0.011,0.031,0.071,0.095,0.044,0.018,0.6,0.2,0.021,0.0,0.042,0.5,0.069,17.0,0.073,0.1,13.5,0.075,150.0,113.0,0.004,10.368,Seafood
lingcod cooked,329,4.1,0.8,1.3,1.2,0.0,0.0,68.4,0.0,202.3,0.2,228.6,0.054,0.1,0.024,0.015,0.4,7.0,2.6,1.0,0.0,0.0,0.0,0.0,54.4,0.1,1.2,99.7,0.067,779.2,1691.2,0.1,1.8,128.139,Other
rockfish cooked,162,2.4,0.6,0.7,0.7,0.0,0.0,33.1,0.0,90.9,0.1,111.3,0.012,0.006,0.081,0.068,0.055,0.3,4.3,0.6,0.4,0.0,0.004,0.7,0.0,25.3,0.046,0.5,49.2,0.013,369.5,695.8,0.1,35.955,Seafood
seatrout cooked,247,8.6,2.4,2.1,1.7,0.0,0.0,39.9,0.0,197.2,0.1,133.8,0.006,0.1,0.033,0.032,0.4,5.4,1.6,0.9,0.0,0.0,0.0,0.0,40.9,0.071,0.7,74.4,0.048,597.1,812.8,0.002,1.1,90.142,Seafood
swordfish cooked,182,8.4,2.0,3.8,1.5,0.0,0.0,24.9,0.0,82.7,0.1,72.4,0.075,0.078,0.094,0.048,0.005,0.01,9.8,0.4,0.7,0.0,0.038,2.6,0.022,6.4,0.045,0.5,37.1,0.041,322.2,528.9,0.028,34.203,Seafood
sardine canned in oil,310,17.1,2.3,5.8,7.7,0.0,0.0,36.7,0.0,211.6,0.5,88.8,0.051,0.1,0.067,0.075,0.3,7.8,1.0,0.2,0.0,0.04,3.0,0.063,569.2,0.3,4.4,58.1,0.2,730.1,591.5,0.077,2.0,627.452,Seafood
anchovy canned in oil,8,0.4,0.001,0.2,0.1,0.0,0.0,1.2,0.0,3.4,0.1,2.0,0.012,0.0,0.007,0.061,0.071,0.8,0.008,0.082,0.0,0.07,0.1,0.013,9.3,0.097,0.2,2.8,0.005,10.1,21.8,0.023,0.031,11.106,Seafood
salmon canned,520,20.3,5.5,7.1,5.6,0.0,0.0,79.1,0.0,143.9,1.8,261.1,0.064,0.079,0.072,0.055,0.6,25.8,2.1,1.4,0.0,0.0,5.9,0.02,918.8,0.4,2.6,110.7,0.022,1306.3,1107.0,0.2,3.7,1020.882,Seafood
sardines in tomato sauce canned,165,9.3,2.4,4.3,1.9,0.5,0.4,18.6,0.009,54.3,0.4,59.5,0.036,0.014,0.093,0.098,0.2,3.7,0.6,0.1,0.9,0.017,1.2,0.012,213.6,0.2,2.0,30.3,0.2,325.7,303.5,0.024,1.2,244.978,Condiments & Sauces
sockeye salmon canned,563,24.9,4.9,8.4,6.0,0.0,0.0,79.5,0.0,266.2,1.4,229.4,0.2,0.1,0.096,0.014,0.7,25.7,1.8,0.4,0.0,0.09,7.0,0.018,781.8,0.2,2.2,104.5,0.008,1139.1,1058.2,0.1,2.8,888.6,Seafood
tuna canned,102,2.4,0.6,0.6,0.9,0.0,0.0,18.9,0.0,33.6,0.3,58.6,0.017,0.032,0.087,0.075,0.079,4.6,0.086,0.2,0.0,0.07,0.7,0.099,11.2,0.099,0.8,26.4,0.078,173.6,189.6,0.025,0.4,33.32,Seafood
pink salmon canned,530,20.4,3.5,5.0,5.8,0.0,0.0,80.9,0.0,226.1,1.7,304.3,0.025,0.061,0.054,0.031,0.8,26.9,2.3,1.2,0.0,0.018,2.6,0.044,883.7,0.3,2.6,123.3,0.07,1385.1,1413.8,0.1,3.1,987.651,Seafood
cod canned,328,2.7,0.5,0.4,0.9,0.0,0.0,71.0,0.0,171.6,0.7,235.9,0.046,0.3,0.06,0.04,0.2,7.8,0.5,0.9,3.1,0.066,2.6,0.063,65.5,0.1,1.5,127.9,0.061,811.2,1647.4,0.1,1.8,143.814,Seafood
eastern oyster canned,110,4.0,1.0,0.4,1.2,6.3,0.0,11.4,0.0,89.1,0.2,137.9,0.1,0.2,0.009,0.089,0.3,2.0,0.3,0.2,8.1,0.0,1.4,0.056,72.9,7.2,10.9,87.5,0.7,225.2,371.0,0.078,147.3,113.7,Seafood
chum salmon canned,520,20.3,5.5,7.1,5.6,0.0,0.0,79.1,0.0,143.9,0.3,261.1,0.014,0.092,0.054,0.012,0.6,25.8,2.1,1.4,0.0,0.0,0.0,0.0,918.8,0.4,2.6,110.7,0.037,1306.3,1107.0,0.2,3.7,1020.805,Seafood
tuna canned in oil,331,14.4,2.3,5.8,5.3,0.0,0.0,47.2,0.0,55.2,0.7,114.0,0.03,0.044,0.022,0.033,0.1,20.8,0.7,0.8,0.0,0.0,4.1,0.073,7.1,0.2,1.2,60.5,0.081,475.3,592.7,0.1,0.8,69.953,Seafood
wild pink salmon oceans,320,16.0,0.0,48.0,0.0,0.0,0.0,0.0,0.0,0.0,0.0,0.0,0.0,0.0,0.0,0.0,0.0,0.0,0.0,0.0,0.0,0.0,0.0,0.0,0.0,0.0,0.0,0.0,0.0,0.0,0.0,0.0,0.0,16.0,Seafood
shrimp canned,128,1.7,0.2,0.1,0.9,0.0,0.0,26.1,0.0,322.6,1.1,97.1,0.0,0.039,0.078,0.081,0.099,0.7,0.2,0.054,5.2,0.0,1.4,0.0,185.6,0.3,2.7,42.2,0.5,249.6,102.4,0.036,2.5,221.3,Seafood
scallops fried,64,3.2,0.8,2.1,0.1,6.4,0.0,2.6,0.0,18.0,0.2,11.5,0.059,0.049,0.081,0.089,0.1,0.0,0.075,0.013,0.0,0.0,0.0,0.0,3.1,0.099,0.3,5.3,0.008,48.7,49.0,0.032,0.2,15.698,Other
shrimp cooked,7,0.092,0.023,0.003,0.0,0.013,0.0,1.3,0.0,11.6,0.012,3.9,0.021,0.031,0.098,0.077,0.002,0.1,0.026,0.041,0.0,0.08,0.1,0.001,5.0,0.01,0.009,2.0,0.077,16.8,9.4,0.08,0.008,6.398,Seafood
clams fried,19,1.0,0.3,0.4,0.3,1.0,0.0,1.3,0.0,5.7,0.068,5.8,0.008,0.091,0.059,0.083,0.042,0.2,0.01,0.011,0.9,0.0,0.0,0.0,5.9,0.069,1.3,1.3,0.078,17.7,30.6,0.022,0.1,11.464,Other
alaska king crab cooked,130,2.1,0.2,0.2,0.7,0.0,0.0,25.9,0.0,71.0,1.4,103.9,0.018,0.005,0.002,0.02,0.07,1.8,0.5,0.2,10.2,0.0,0.0,0.0,79.1,1.6,1.0,84.4,0.093,375.2,351.1,0.003,10.2,118.35,Seafood
scallops cooked,11,0.058,0.092,0.096,0.086,0.5,0.0,2.1,0.0,4.1,0.06,7.0,0.05,0.091,0.011,0.015,0.067,0.049,0.1,0.004,0.032,0.0,0.0,0.0,0.0,1.0,0.057,0.041,3.7,0.004,42.6,31.4,0.042,2.732,Other
squid fried,140,6.0,1.5,2.2,1.7,6.2,0.0,14.4,0.0,208.0,0.2,51.6,0.035,0.048,0.06,0.05,0.4,2.1,0.4,0.033,3.4,0.0,0.0,0.0,31.2,1.7,0.8,30.4,0.046,200.8,223.2,0.087,1.4,62.028,Seafood
abalone,89,0.6,0.1,0.02,0.091,5.1,0.0,14.5,0.0,72.3,0.3,63.4,0.056,0.2,0.038,0.057,0.09,1.3,2.6,0.1,1.7,0.0,3.4,0.043,26.4,0.2,2.7,40.8,0.014,161.5,212.5,0.095,0.7,51.092,Seafood
whelk cooked,78,0.2,0.003,0.068,0.037,4.4,0.0,13.5,0.0,36.8,0.1,9.1,0.013,0.076,0.057,0.084,0.055,0.6,0.1,0.2,1.9,0.0,0.0,0.0,32.0,0.6,2.8,48.7,0.3,79.8,196.4,0.047,0.9,54.806,Seafood
oyster cooked,41,1.2,0.3,0.2,0.4,2.5,0.0,4.7,0.0,25.0,0.066,16.0,0.082,0.099,0.005,0.007,0.1,0.9,0.2,0.043,3.2,0.0,0.2,0.047,4.0,0.7,2.3,11.0,0.3,60.8,75.5,0.064,8.3,17.971,Seafood
eastern oyster cooked,8,0.2,0.073,0.004,0.018,0.7,0.0,0.7,0.0,3.7,0.038,8.0,0.09,0.02,0.086,0.099,0.012,0.2,0.083,0.023,0.6,0.0,0.0,0.0,5.5,0.1,0.8,3.2,0.081,11.3,14.9,0.011,4.4,8.598,Seafood
blue mussels cooked,344,9.0,1.7,2.0,2.4,14.8,0.0,47.6,0.0,112.0,0.7,122.3,0.2,0.6,0.2,0.026,0.8,6.0,1.9,0.2,27.2,0.0,0.0,0.0,66.0,0.3,13.4,74.0,13.6,570.0,536.0,0.2,5.3,178.2,Other
spiny lobster cooked,233,3.2,0.5,0.6,1.2,5.1,0.0,43.0,0.0,146.7,0.4,108.8,0.06,0.097,0.032,0.068,0.016,8.0,0.7,0.3,3.4,0.0,0.0,0.0,102.7,0.7,2.3,83.1,0.019,373.3,339.0,0.042,11.9,159.731,Seafood
queen crab cooked,98,1.3,0.2,0.3,0.5,0.0,0.0,20.2,0.0,60.4,0.6,63.8,0.007,0.007,0.029,0.04,0.2,2.5,0.3,0.1,6.1,0.0,0.0,0.0,28.1,0.5,2.4,53.6,0.036,108.8,170.0,0.056,3.1,58.197,Seafood
dungeness crab cooked,140,1.6,0.2,0.3,0.5,1.2,0.0,28.3,0.0,96.5,0.5,93.1,0.06,0.024,0.054,0.039,0.3,4.6,0.5,0.2,4.6,0.0,0.0,0.0,74.9,0.9,0.5,73.7,0.1,222.3,518.2,0.032,6.9,111.171,Seafood
shrimp fried,52,3.2,0.7,2.0,0.3,4.8,0.086,1.3,0.1,9.9,0.2,7.2,0.01,0.037,0.029,0.075,0.065,0.2,0.0,0.021,0.0,0.0,0.4,0.04,4.9,0.012,0.1,2.7,0.015,31.5,13.9,0.021,0.069,14.433,Seafood
blue crab cooked,71,0.6,0.2,0.1,0.2,0.0,0.0,15.2,0.0,82.5,0.3,67.7,0.004,0.029,0.036,0.048,0.096,0.033,2.3,0.8,0.1,2.8,0.0,1.6,0.027,77.4,0.7,0.4,30.6,0.087,198.9,220.2,0.076,16.719,Seafood
shrimp imitation,29,0.4,0.019,0.014,0.2,2.6,0.0,3.5,0.0,10.2,0.2,21.2,0.046,0.02,0.02,0.076,0.085,0.084,0.023,0.005,0.0,0.0,0.0,0.0,5.4,0.053,0.2,12.2,0.08,79.8,25.2,0.088,0.036,12.119,Seafood
conch baked,165,1.5,0.5,0.4,0.3,2.2,0.0,33.4,0.0,82.6,0.2,88.1,0.099,0.069,0.2,0.088,0.1,1.3,0.0,0.095,0.0,0.0,8.0,0.016,124.5,0.6,1.8,302.3,0.0,275.6,207.0,0.007,2.2,163.446,Seafood
scallop imitation,28,0.1,0.065,0.085,0.098,3.0,0.0,3.6,0.0,6.2,0.2,20.9,0.008,0.079,0.046,0.04,0.017,0.091,0.09,0.045,0.0,0.0,0.0,0.0,2.3,0.067,0.058,12.2,0.034,79.8,29.1,0.095,0.019,9.105,Seafood
clams canned,227,2.5,0.5,0.3,0.5,9.4,0.0,38.8,0.0,80.0,0.2,104.4,0.2,0.031,0.099,0.01,0.1,0.9,0.4,0.071,0.0,0.063,1.8,0.037,104.0,0.1,4.3,51.2,0.2,523.2,1004.8,0.089,1.3,159.2,Other
lobster cooked,134,1.3,0.3,0.4,0.5,0.0,0.0,28.5,0.0,219.0,0.7,117.2,0.077,0.074,0.077,0.071,0.099,0.031,2.7,2.5,0.2,0.0,0.0,1.5,0.0,144.0,2.3,0.4,64.5,0.049,277.5,345.0,0.1,32.314,Seafood
eastern oyster fried,29,1.8,0.5,0.7,0.5,1.7,0.0,1.3,0.0,10.4,0.015,9.4,0.0,0.026,0.003,0.016,0.084,0.2,0.081,0.007,0.6,0.0,0.0,0.0,9.1,0.6,1.0,8.5,0.063,23.2,35.6,0.092,12.7,15.5,Seafood
octopus cooked,139,1.8,0.4,0.3,0.4,3.7,0.0,25.3,0.0,81.6,0.4,51.4,0.09,0.075,0.016,0.031,0.079,3.2,0.8,0.6,6.8,0.0,1.0,0.088,90.1,0.6,8.1,51.0,0.013,237.2,535.5,0.054,2.9,135.853,Seafood
oyster fried,61,3.0,0.8,1.2,0.8,6.7,0.0,2.1,0.0,18.1,0.1,11.1,0.036,0.039,0.035,0.081,0.02,0.7,0.2,0.019,0.7,0.0,0.0,0.0,4.6,0.1,0.7,3.9,0.015,32.7,30.4,0.074,2.6,17.861,Seafood
sturgeon smoked,49,1.2,0.3,0.7,0.1,0.0,0.0,8.8,0.0,22.6,0.2,17.7,0.02,0.026,0.006,0.011,0.078,3.1,0.3,0.09,0.0,0.048,0.1,0.022,4.8,0.06,0.3,13.3,0.042,79.5,107.3,0.077,0.2,15.175,Seafood
chinook salmon smoked,159,5.9,1.3,2.8,1.4,0.0,0.0,24.9,0.0,31.3,1.1,97.9,0.019,0.01,0.019,0.007,0.1,6.4,1.2,0.4,0.0,0.09,1.8,0.039,15.0,0.3,1.2,24.5,0.055,223.0,238.0,0.027,0.4,47.038,Seafood
cisco smoked,50,3.4,0.5,1.6,0.6,0.0,0.0,4.6,0.0,9.1,0.1,19.8,0.05,0.079,0.031,0.04,0.0,0.7,0.009,0.08,0.0,0.047,0.098,0.094,7.4,0.015,0.1,4.8,0.047,42.5,82.9,0.05,0.076,15.576,Seafood
haddock smoked,33,0.3,0.049,0.006,0.055,0.0,0.0,7.1,0.0,21.8,0.2,20.2,0.087,0.05,0.079,0.08,0.094,1.4,0.094,0.1,0.0,0.074,0.2,0.078,13.9,0.001,0.4,15.3,0.075,71.0,117.4,0.063,0.1,21.719,Seafood
whitefish smoked,147,1.3,0.3,0.4,0.4,0.0,0.0,31.8,0.0,44.9,1.4,96.3,0.086,0.08,0.082,0.017,0.1,3.3,0.1,0.5,0.0,0.078,0.3,0.097,24.5,0.4,0.7,31.3,0.091,179.5,575.3,0.03,0.7,58.398,Seafood
red salmon sockeye filets smoked,373,12.3,2.8,4.3,3.7,0.0,0.0,65.5,0.0,167.4,0.065,25.8,0.047,0.5,0.078,0.088,0.6,24.6,3.0,0.9,0.0,0.0,1.3,0.0,62.6,0.2,1.1,62.6,0.048,702.0,1036.8,0.026,1.2,141.587,Seafood
eggnog,224,10.6,6.6,3.3,0.5,20.4,20.4,11.6,0.0,149.9,0.1,209.7,0.1,0.074,0.02,0.006,0.5,0.3,1.1,0.1,3.8,0.055,0.5,0.011,330.2,0.051,0.5,48.3,0.024,276.9,419.1,0.094,1.2,377.2,Dairy & Cheese
beer light,96,0.0,0.0,0.0,0.0,5.4,0.3,0.8,0.0,0.0,0.095,313.1,0.0,0.083,0.079,0.0,0.069,1.3,0.067,0.1,0.0,0.0,0.0,0.0,13.2,0.095,0.014,16.5,0.094,39.6,69.3,0.077,0.044,19.456,Alcoholic Beverages
beer budweiser,12,0.0,0.0,0.0,0.0,0.9,0.0,0.1,0.0,0.0,0.095,27.4,0.0,0.0,0.0,0.0,0.0,0.0,0.0,0.0,0.0,0.0,0.0,0.0,1.2,0.095,0.0,2.1,0.038,3.8,9.7,0.0,0.0,2.2,Alcoholic Beverages
weizenbier erdinger,220,18.0,13.0,1.0,0.0,0.0,0.0,0.0,0.0,0.0,0.0,0.0,0.0,0.0,0.0,0.0,0.0,0.0,0.0,0.0,0.0,0.0,0.0,0.0,0.0,0.0,0.0,0.0,0.0,0.0,0.0,0.0,0.0,18.0,Other
beer light budweiser,9,0.0,0.0,0.0,0.0,0.4,0.0,0.066,0.0,0.0,0.016,28.0,0.0,0.0,0.0,0.0,0.0,0.0,0.0,0.0,0.0,0.0,0.0,0.0,0.9,0.088,0.0,2.1,0.007,3.2,7.7,0.0,0.0,1.32,Alcoholic Beverages
beer,142,0.0,0.0,0.0,0.0,11.7,0.0,1.5,0.0,0.0,0.067,303.5,0.0,0.093,0.062,0.0,0.017,1.7,0.1,0.2,0.0,0.0,0.0,0.0,13.2,0.096,0.031,19.8,0.085,46.2,89.1,0.087,0.001,26.436,Alcoholic Beverages
root beer,202,0.0,0.0,0.0,0.0,52.3,52.3,0.0,0.0,0.0,0.068,440.2,0.0,0.0,0.0,0.0,0.0,0.0,0.0,0.0,0.0,0.0,0.0,0.0,0.0,24.7,0.037,0.2,4.9,0.059,0.0,4.9,0.095,52.334,Alcoholic Beverages
whiskey sour mix,26,0.072,0.069,0.034,0.012,6.3,6.3,0.051,0.0,0.0,0.073,23.1,0.0,0.089,0.0,0.0,0.07,0.0,0.032,0.0,0.8,0.0,0.0,0.0,0.6,0.0,0.047,0.3,0.0,1.8,8.3,0.015,0.08,7.914,Alcoholic Beverages
whiskey sour,158,0.0,0.018,0.092,0.024,13.9,0.0,0.0,0.0,0.0,0.067,77.0,0.0,0.035,0.0,0.0,0.092,0.003,0.05,0.0,1.7,0.0,0.0,0.0,1.1,0.019,0.047,1.1,0.01,6.4,5.3,0.03,0.069,16.717,Alcoholic Beverages
tequila sunrise,232,0.2,0.0,0.0,0.0,23.8,0.0,0.6,0.0,0.0,0.1,166.3,0.0,0.085,0.01,0.0,0.015,0.4,0.2,0.1,40.7,0.0,0.0,0.0,0.0,0.01,0.038,14.8,0.046,21.1,21.1,0.0,1.3,65.357,Alcoholic Beverages
daiquiri,112,0.036,0.063,0.038,0.012,4.2,3.3,0.035,0.001,0.0,0.008,41.8,0.0,0.021,0.047,0.0,0.065,0.022,0.074,0.003,1.0,0.0,0.092,0.009,1.8,0.098,0.033,1.2,0.04,3.0,12.6,0.04,0.091,7.243,Other
pina colada,245,2.7,2.3,0.1,0.035,32.0,31.5,0.6,0.4,0.0,0.089,91.6,0.0,0.0,0.038,0.038,0.0,0.002,0.2,0.01,0.019,6.9,0.0,0.056,0.08,11.3,0.1,0.3,11.3,0.7,9.9,100.1,0.064,35.877,Other
whiskey,58,0.0,0.0,0.0,0.0,0.1,0.078,0.0,0.0,0.0,0.0,14.7,0.0,0.085,0.0,0.0,0.056,0.073,0.0,0.0,0.0,0.0,0.0,0.0,0.0,0.037,0.072,0.0,0.092,0.7,0.2,0.0,0.02,0.127,Alcoholic Beverages
rum,49,0.0,0.0,0.0,0.0,0.0,0.0,0.0,0.0,0.0,0.053,14.0,0.0,0.058,0.0,0.0,0.0,0.0,0.0,0.0,0.0,0.0,0.0,0.0,0.0,0.055,0.045,0.0,0.093,1.1,0.4,0.0,0.05,0.049,Alcoholic Beverages
vodka smirnoff,13,0.4,0.013,0.077,0.073,2.0,0.082,0.0,0.0,0.0,0.0,0.0,0.0,0.0,0.0,0.0,0.0,0.0,0.0,0.0,0.0,0.0,0.0,0.0,0.0,0.0,0.0,0.0,0.0,0.0,0.0,0.0,0.0,2.4,Alcoholic Beverages
coffee liqueur,96,0.038,0.096,0.03,0.042,13.8,13.7,0.041,0.0,0.0,0.093,9.1,0.0,0.042,0.0,0.0,0.075,0.045,0.0,0.0,0.0,0.0,0.0,0.0,0.3,0.019,0.02,0.9,0.011,1.8,8.9,0.053,0.097,14.241,Alcoholic Beverages
gin,53,0.0,0.0,0.0,0.0,0.0,0.0,0.0,0.0,0.0,0.029,12.4,0.0,0.0,0.0,0.0,0.0,0.0,0.0,0.0,0.0,0.0,0.0,0.0,0.0,0.007,0.0,0.0,0.0,0.0,0.0,0.0,0.0,0.0,Alcoholic Beverages
dessert wine sweet,165,0.0,0.0,0.0,0.0,14.1,8.0,0.2,0.0,0.0,0.047,72.6,0.0,0.081,0.0,0.0,0.003,0.2,0.079,0.0,0.0,0.0,0.0,0.0,8.2,0.04,0.2,9.3,0.1,9.3,94.8,0.06,0.074,22.7,Alcoholic Beverages
chenin blanc white wine,118,0.0,0.0,0.0,0.0,4.9,0.0,0.1,0.0,0.0,0.0,128.4,0.0,0.0,0.0,0.0,0.0,0.0,0.0,0.0,0.0,0.0,0.0,0.0,0.0,0.0,0.0,0.0,0.0,0.0,0.0,0.0,0.0,5.0,Alcoholic Beverages
gamay red wine,115,0.0,0.0,0.0,0.0,3.5,0.0,0.1,14.4,0.0,0.0,0.0,128.6,0.0,0.0,0.0,0.0,0.0,0.0,0.0,0.0,0.0,0.0,0.0,0.0,0.0,0.0,0.0,0.0,0.0,0.0,0.0,0.0,146.6,Alcoholic Beverages
late harvest white wine,172,0.0,0.0,0.0,0.0,20.6,0.0,0.1,13.1,0.0,0.0,0.0,119.8,0.0,0.0,0.0,0.0,0.0,0.0,0.0,0.0,0.0,0.0,0.0,0.0,0.0,0.0,0.0,0.0,0.0,0.0,0.0,0.0,153.6,Alcoholic Beverages
gewurztraminer white wine,119,0.0,0.0,0.0,0.0,3.8,0.0,0.1,0.0,0.0,0.0,127.9,0.0,0.0,0.0,0.0,0.0,0.0,0.0,0.0,0.0,0.0,0.0,0.0,0.0,0.0,0.0,0.0,0.0,0.0,0.0,0.0,0.0,3.9,Alcoholic Beverages
burgundy red wine,172,0.0,0.0,0.0,0.0,7.4,0.0,0.1,0.0,0.0,0.0,171.2,0.0,0.0,0.0,0.0,0.0,0.0,0.0,0.0,0.0,0.0,0.0,0.0,0.0,0.0,0.0,0.0,0.0,0.0,0.0,0.0,0.0,7.5,Alcoholic Beverages
zinfandel red wine,129,0.0,0.0,0.0,0.0,4.2,0.0,0.1,0.0,0.0,0.0,126.0,0.0,0.0,0.0,0.0,0.0,0.0,0.0,0.0,0.0,0.0,0.0,0.0,0.0,0.0,0.0,0.0,0.0,0.0,0.0,0.0,0.0,4.3,Alcoholic Beverages
muller thurgau white wine,112,0.0,0.0,0.0,0.0,5.2,0.0,0.1,13.3,0.0,0.0,0.0,129.2,0.0,0.0,0.0,0.0,0.0,0.0,0.0,0.0,0.0,0.0,0.0,0.0,0.0,0.0,0.0,0.0,0.0,0.0,0.0,0.0,147.8,Alcoholic Beverages
mouvedre red wine,129,0.0,0.0,0.0,0.0,3.9,0.0,0.1,16.5,0.0,0.0,0.0,126.1,0.0,0.0,0.0,0.0,0.0,0.0,0.0,0.0,0.0,0.0,0.0,0.0,0.0,0.0,0.0,0.0,0.0,0.0,0.0,0.0,146.6,Alcoholic Beverages
table wine,123,0.0,0.0,0.0,0.0,4.0,1.2,0.1,0.0,0.0,0.087,128.1,0.0,0.051,0.084,0.0,0.014,0.2,0.023,0.022,0.0,0.0,0.0,0.0,11.8,0.049,0.5,16.3,0.2,29.6,146.5,0.012,0.2,16.4,Alcoholic Beverages
wine light,73,0.0,0.0,0.0,0.0,1.7,1.7,0.1,0.0,0.0,0.046,136.5,0.0,0.0,0.035,0.0,0.039,0.1,0.0,0.097,0.0,0.0,0.0,0.0,13.3,0.1,0.6,14.8,0.0,22.2,130.2,0.014,0.1,15.7,Alcoholic Beverages
white wine,121,0.0,0.0,0.0,0.0,3.8,1.4,0.1,0.0,0.0,0.098,127.7,0.0,0.04,0.081,0.0,0.003,0.2,0.094,0.034,0.0,0.0,0.0,0.071,13.2,0.097,0.4,14.7,0.2,26.5,104.4,0.036,0.2,17.5,Alcoholic Beverages
petite sirah red wine,125,0.0,0.0,0.0,0.0,3.9,0.0,0.1,15.7,0.0,0.0,0.0,126.7,0.0,0.0,0.0,0.0,0.0,0.0,0.0,0.0,0.0,0.0,0.0,0.0,0.0,0.0,0.0,0.0,0.0,0.0,0.0,0.0,146.4,Alcoholic Beverages
non alcoholic wine,2,0.0,0.0,0.0,0.0,0.3,0.3,0.1,0.0,0.0,0.095,29.0,0.0,0.0,0.027,0.0,0.019,0.093,0.0,0.064,0.0,0.0,0.0,0.0,2.7,0.035,0.1,3.0,0.0,4.4,26.0,0.052,0.088,3.2,Alcoholic Beverages
pinot noir red wine,121,0.0,0.0,0.0,0.0,3.4,0.0,0.1,0.0,0.0,0.0,127.8,0.0,0.0,0.0,0.0,0.0,0.0,0.0,0.0,0.0,0.0,0.0,0.0,0.0,0.0,0.0,0.0,0.0,0.0,0.0,0.0,0.0,3.5,Alcoholic Beverages
pinot gris grigio white wine,122,0.0,0.0,0.0,0.0,3.0,0.0,0.1,0.0,0.0,0.0,127.9,0.0,0.0,0.0,0.0,0.0,0.0,0.0,0.0,0.0,0.0,0.0,0.0,0.0,0.0,0.0,0.0,0.0,0.0,0.0,0.0,0.0,3.1,Alcoholic Beverages
riesling white wine,118,0.0,0.0,0.0,0.0,5.5,0.0,0.1,0.0,0.0,0.0,128.1,0.0,0.0,0.0,0.0,0.0,0.0,0.0,0.0,0.0,0.0,0.0,0.0,0.0,0.0,0.0,0.0,0.0,0.0,0.0,0.0,0.0,5.6,Alcoholic Beverages
barbera red wine,170,0.0,0.0,0.0,0.0,5.6,0.0,0.1,0.0,0.0,0.0,172.6,0.0,0.0,0.0,0.0,0.0,0.0,0.0,0.0,0.0,0.0,0.0,0.0,0.0,0.0,0.0,0.0,0.0,0.0,0.0,0.0,0.0,5.7,Alcoholic Beverages
lemberger red wine,118,0.0,0.0,0.0,0.0,3.6,0.0,0.1,15.0,0.0,0.0,0.0,127.9,0.0,0.0,0.0,0.0,0.0,0.0,0.0,0.0,0.0,0.0,0.0,0.0,0.0,0.0,0.0,0.0,0.0,0.0,0.0,0.0,146.6,Alcoholic Beverages
merlot red wine,122,0.0,0.0,0.0,0.0,3.7,0.9,0.1,0.0,0.0,0.011,127.3,0.0,0.087,0.064,0.0,0.01,0.3,0.081,0.061,0.0,0.0,0.0,0.0,11.8,0.026,0.7,17.6,0.2,33.8,186.7,0.083,0.2,16.3,Alcoholic Beverages
sangiovese red wine,126,0.0,0.0,0.0,0.0,3.9,0.0,0.1,0.0,0.0,0.0,126.7,0.0,0.0,0.0,0.0,0.0,0.0,0.0,0.0,0.0,0.0,0.0,0.0,0.0,0.0,0.0,0.0,0.0,0.0,0.0,0.0,0.0,4.0,Alcoholic Beverages
sauvignon blanc white wine,119,0.0,0.0,0.0,0.0,3.0,0.0,0.1,0.0,0.0,0.0,128.1,0.0,0.0,0.0,0.0,0.0,0.0,0.0,0.0,0.0,0.0,0.0,0.0,0.0,0.0,0.0,0.0,0.0,0.0,0.0,0.0,0.0,3.1,Alcoholic Beverages
syrah red wine,122,0.0,0.0,0.0,0.0,3.8,0.0,0.1,0.0,0.0,0.0,127.2,0.0,0.0,0.0,0.0,0.0,0.0,0.0,0.0,0.0,0.0,0.0,0.0,0.0,0.0,0.0,0.0,0.0,0.0,0.0,0.0,0.0,3.9,Alcoholic Beverages
carignane red wine,370,0.0,0.0,0.0,0.0,12.0,0.0,0.4,0.0,0.0,0.0,439.4,0.0,0.0,0.0,0.0,0.0,0.0,0.0,0.0,0.0,0.0,0.0,0.0,0.0,0.0,0.0,0.0,0.0,0.0,0.0,0.0,0.0,12.4,Alcoholic Beverages
pinot blanc white wine,119,0.0,0.0,0.0,0.0,2.9,0.0,0.1,0.0,0.0,0.0,128.1,0.0,0.0,0.0,0.0,0.0,0.0,0.0,0.0,0.0,0.0,0.0,0.0,0.0,0.0,0.0,0.0,0.0,0.0,0.0,0.0,0.0,3.0,Alcoholic Beverages
semillon white wine,121,0.0,0.0,0.0,0.0,4.6,0.0,0.1,14.9,0.0,0.0,0.0,128.1,0.0,0.0,0.0,0.0,0.0,0.0,0.0,0.0,0.0,0.0,0.0,0.0,0.0,0.0,0.0,0.0,0.0,0.0,0.0,0.0,147.7,Alcoholic Beverages
dessert wine dry,760,0.0,0.0,0.0,0.0,58.4,5.5,1.0,76.5,0.0,0.0,0.062,362.7,0.0,0.033,0.0,0.0,0.096,1.1,0.2,0.0,0.0,0.0,0.0,0.0,40.0,0.2,1.2,45.0,0.6,45.0,460.0,0.066,498.8,Alcoholic Beverages
red wine,125,0.0,0.0,0.0,0.0,3.8,0.9,0.1,0.0,0.0,0.027,127.1,0.0,0.01,0.018,0.0,0.073,0.3,0.049,0.044,0.0,0.0,0.0,0.066,11.8,0.017,0.7,17.6,0.2,33.8,186.7,0.074,0.2,16.4,Alcoholic Beverages
cabernet sauvignon red wine,166,0.0,0.0,0.0,0.0,5.2,0.0,0.1,0.0,0.0,0.0,173.1,0.0,0.0,0.0,0.0,0.0,0.0,0.0,0.0,0.0,0.0,0.0,0.0,0.0,0.0,0.0,0.0,0.0,0.0,0.0,0.0,0.0,5.3,Alcoholic Beverages
muscat white wine,123,0.0,0.0,0.0,0.0,7.8,0.0,0.1,0.0,0.0,0.0,128.5,0.0,0.0,0.0,0.0,0.0,0.0,0.0,0.0,0.0,0.0,0.0,0.0,0.0,0.0,0.0,0.0,0.0,0.0,0.0,0.0,0.0,7.9,Alcoholic Beverages
cooking wine,2,0.0,0.0,0.0,0.0,0.3,0.09,0.028,0.0,0.0,0.002,4.4,0.0,0.0,0.077,0.0,0.016,0.094,0.0,0.072,0.0,0.0,0.0,0.0,0.4,0.021,0.1,0.5,0.0,0.7,4.3,0.079,0.085,0.879,Alcoholic Beverages
chardonnay white wine,168,0.0,0.0,0.0,0.0,4.3,1.9,0.1,0.0,0.0,0.027,173.7,0.0,0.092,0.002,0.0,0.039,0.2,0.09,0.1,0.0,0.0,0.0,0.0,18.0,0.054,0.5,20.0,0.2,36.0,142.0,0.017,0.2,22.9,Alcoholic Beverages
claret red wine,122,0.0,0.0,0.0,0.0,4.4,0.0,0.1,15.0,0.0,0.0,0.0,127.0,0.0,0.0,0.0,0.0,0.0,0.0,0.0,0.0,0.0,0.0,0.0,0.0,0.0,0.0,0.0,0.0,0.0,0.0,0.0,0.0,146.5,Alcoholic Beverages
rice sake,197,0.0,0.0,0.0,0.0,7.4,0.0,0.7,0.0,0.0,0.046,115.2,0.0,0.0,0.0,0.0,0.0,0.0,0.0,0.0,0.0,0.0,0.0,0.0,7.4,0.051,0.1,8.8,0.0,8.8,36.8,0.057,0.092,15.6,Alcoholic Beverages
fume blanc white wine,121,0.0,0.0,0.0,0.0,3.3,0.0,0.1,15.4,0.0,0.0,0.0,127.9,0.0,0.0,0.0,0.0,0.0,0.0,0.0,0.0,0.0,0.0,0.0,0.0,0.0,0.0,0.0,0.0,0.0,0.0,0.0,0.0,146.7,Alcoholic Beverages
cabarnet franc red wine,122,0.0,0.0,0.0,0.0,3.6,0.0,0.1,0.0,0.0,0.0,127.3,0.0,0.0,0.0,0.0,0.0,0.0,0.0,0.0,0.0,0.0,0.0,0.0,0.0,0.0,0.0,0.0,0.0,0.0,0.0,0.0,0.0,3.7,Alcoholic Beverages
chocolate frosting,81,3.6,1.1,1.8,0.5,13.0,11.8,0.2,0.2,0.0,0.025,3.5,0.0,0.026,0.069,0.0,0.097,0.024,0.005,0.085,0.0,0.0,0.3,0.0,1.6,0.045,0.3,4.3,0.064,16.2,40.2,0.094,0.062,18.9,Desserts & Sweets
white sugar,19,0.0,0.0,0.0,0.0,5.0,4.9,0.0,0.0,0.0,0.012,0.021,0.0,0.0,0.0,0.0,0.099,0.0,0.0,0.0,0.0,0.0,0.0,0.0,0.046,0.078,0.078,0.0,0.081,0.0,0.1,0.026,0.05,5.037,Other
egg substitute,115,0.0,0.0,0.0,0.0,4.8,4.8,24.0,0.0,0.0,0.5,208.8,0.0,0.3,0.065,0.039,0.9,0.3,4.0,0.3,1.2,0.006,3.8,0.063,175.2,0.07,4.8,36.0,0.002,172.8,511.2,0.017,2.4,210.0,Eggs
agave syrup,21,0.081,0.0,0.0,0.0,5.3,4.7,0.025,0.01,0.0,0.09,1.6,0.0,0.0,0.0,0.0,0.0,0.0,0.0,0.0,0.0,0.0,0.0,0.0,0.088,0.071,0.042,0.034,0.049,0.009,0.3,0.0,0.008,5.456,Condiments & Sauces
splenda sweetener,336,0.0,0.0,0.0,0.0,91.2,80.3,0.0,0.0,0.0,0.0,8.8,0.0,0.0,0.0,0.0,0.0,0.0,0.0,0.0,0.0,0.0,0.0,0.0,0.0,0.0,0.0,0.0,0.0,0.0,4.0,0.0,0.0,91.2,Other
vanilla extract,12,0.069,0.003,0.06,0.001,0.5,0.5,0.0,0.0,0.0,0.061,2.2,0.0,0.041,0.0,0.0,0.083,0.002,0.039,0.079,0.0,0.0,0.0,0.0,0.5,0.03,0.019,0.5,0.066,0.3,6.2,0.0,0.065,1.213,Other
egg yolk dried,27,2.3,0.7,0.9,0.4,0.054,0.002,1.3,0.0,92.3,0.071,0.1,0.01,0.041,0.036,0.092,0.025,0.065,0.4,0.078,0.0,0.065,0.2,0.074,12.3,0.015,0.4,1.0,0.071,41.6,10.6,0.098,0.3,16.368,Eggs
granulated sugar,16,0.0,0.0,0.0,0.0,4.2,4.2,0.0,0.0,0.0,0.019,0.055,0.0,0.0,0.0,0.0,0.06,0.0,0.0,0.0,0.0,0.0,0.0,0.0,0.027,0.034,0.01,0.0,0.067,0.0,0.033,0.093,0.05,4.253,Other
baking chocolate,145,15.2,9.4,4.7,0.5,8.7,0.3,3.7,4.8,0.0,0.049,0.4,0.0,0.023,0.098,0.0,0.002,0.4,0.088,0.015,0.0,0.0,0.1,0.097,29.3,0.9,5.0,94.8,1.2,116.0,240.7,0.072,2.8,66.7,Desserts & Sweets
bakers yeast,18,0.3,0.089,0.2,0.079,3.1,0.0,1.4,1.4,0.0,0.066,11.7,0.0,0.3,0.1,0.0,0.2,2.1,0.8,0.005,0.04,0.0,0.0,0.0,3.2,0.024,0.6,6.8,0.02,57.1,102.2,0.073,1.7,10.078,Other
fondant,106,0.009,0.0,0.0,0.0,26.4,25.2,0.0,0.0,0.0,0.022,1.9,0.0,0.062,0.0,0.0,0.062,0.0,0.0,0.0,0.0,0.0,0.0,0.0,0.8,0.095,0.09,0.0,0.0,0.0,1.1,0.045,0.037,27.396,Other
brown sugar,16,0.0,0.0,0.0,0.0,4.1,4.1,0.024,0.0,0.0,0.094,0.087,0.0,0.0,0.023,0.0,0.0,0.0,0.037,0.008,0.0,0.0,0.0,0.0,3.5,0.03,0.071,0.4,0.047,0.2,5.6,0.023,0.08,7.622,Other
white frosting dry,768,0.0,0.0,0.0,0.0,196.4,0.0,4.8,0.0,0.0,0.5,3.9,0.0,0.018,0.077,0.0,0.1,2.1,0.1,0.031,0.0,0.0,0.0,0.0,8.3,0.053,0.2,6.2,0.043,14.5,242.2,0.036,0.01,209.7,Other
maple sugar,42,0.061,0.076,0.037,0.09,10.9,10.2,0.036,0.0,0.0,0.031,1.0,0.0,0.016,0.0,0.0,0.021,0.015,0.032,0.04,0.0,0.0,0.0,0.0,10.8,0.024,0.2,2.3,0.5,0.4,32.9,0.03,0.7,21.961,Other
fructose sweetener,15,0.0,0.0,0.0,0.0,4.2,3.9,0.0,0.0,0.0,0.013,0.0,0.0,0.0,0.0,0.0,0.0,0.0,0.0,0.0,0.0,0.0,0.0,0.0,0.0,0.013,0.067,0.0,0.0,0.0,0.0,0.082,0.0,4.274,Other
saccharin sweetener,360,0.0,0.0,0.0,0.0,89.1,85.2,0.9,0.0,0.0,0.4,8.8,0.0,0.0,0.0,0.0,0.0,0.0,0.0,0.0,0.0,0.0,0.0,0.0,0.0,0.0,0.058,0.0,0.0,0.0,4.0,0.0,0.079,90.082,Other
turbinado sugar,18,0.0,0.0,0.0,0.0,4.6,4.6,0.0,0.0,0.0,0.008,0.082,0.0,0.0,0.0,0.0,0.0,0.0,0.0,0.0,0.0,0.0,0.0,0.0,0.6,0.05,0.018,0.016,0.064,0.052,1.3,0.0,0.003,5.24,Other
vanilla frosting,1931,75.0,13.7,22.5,36.7,313.7,291.5,0.0,0.0,0.0,0.9,69.6,0.0,0.046,0.026,0.0,1.4,1.0,0.3,0.0,0.0,0.0,7.1,0.032,13.9,0.0,0.7,4.6,0.0,83.2,157.1,0.029,0.3,403.3,Other
aspartame sweetener,365,0.0,0.0,0.0,0.0,89.1,80.7,2.2,0.0,0.0,0.0,8.8,0.0,0.0,0.0,0.0,0.0,0.0,0.0,0.0,0.0,0.0,0.0,0.0,0.0,0.0,0.022,0.0,0.0,0.0,4.0,0.079,0.068,91.381,Other
pineapple topping,860,0.3,0.066,0.1,0.2,225.8,71.4,0.3,1.4,0.0,0.1,112.2,0.0,0.1,0.026,0.0,0.008,0.3,0.059,0.012,10.5,0.0,0.054,0.032,20.4,0.2,0.4,20.4,0.2,10.2,146.2,0.026,0.2,259.1,Fruits
egg white dried,26,0.087,0.0,0.0,0.0,0.3,0.0,5.8,0.0,0.0,0.052,0.6,0.0,0.041,0.06,0.077,0.2,0.049,0.1,0.059,0.0,0.0,0.0,0.0,6.2,0.033,0.028,5.0,0.03,6.2,78.1,0.012,0.0,12.343,Eggs
egg dried,30,2.2,0.7,0.9,0.3,0.047,0.05,2.4,0.0,81.5,0.06,0.2,0.044,0.026,0.016,0.09,0.02,0.079,0.3,0.075,0.0,0.027,0.1,0.075,11.8,0.017,0.2,1.7,0.063,31.5,27.0,0.017,0.2,16.62,Eggs
bakers yeast dry,13,0.3,0.078,0.2,0.069,1.6,0.0,1.6,1.1,0.0,0.081,0.2,0.0,0.4,0.002,0.014,0.2,1.6,0.5,0.008,0.038,0.0,0.0,0.088,1.2,0.016,0.051,2.2,0.048,25.5,38.2,0.006,0.3,5.927,Other
almond paste,1040,63.0,6.0,40.9,13.2,108.5,82.3,20.4,10.9,0.0,0.051,32.0,0.0,0.2,0.2,0.0,0.9,3.2,0.3,0.051,0.2,0.0,30.7,0.0,390.4,1.0,3.6,295.1,1.9,585.7,712.8,0.037,3.4,597.0,Nuts & Seeds
cream of tartar,8,0.0,0.0,0.0,0.0,1.8,0.0,0.0,0.01,0.0,0.009,0.032,0.0,0.0,0.0,0.0,0.0,0.0,0.0,0.0,0.0,0.0,0.0,0.0,0.2,0.094,0.1,0.073,0.062,0.2,495.0,0.031,0.054,2.138,Dairy & Cheese
popover dry mix,631,7.3,1.7,3.4,1.4,120.7,0.0,17.7,0.0,0.0,1.5,19.9,0.0,0.7,0.2,0.008,0.2,5.7,0.8,0.072,0.2,0.0,0.0,0.0,54.4,0.3,5.0,42.5,1.3,170.0,170.0,0.044,1.5,205.3,Other
egg substitute powder,126,3.7,1.1,1.5,0.5,6.2,6.2,15.7,0.0,161.9,0.2,1.1,0.1,0.006,0.017,0.049,0.5,0.2,1.0,0.074,0.2,0.0,0.4,0.025,92.3,0.017,0.9,18.4,0.045,135.3,210.6,0.032,0.5,119.1,Eggs
gelatin powder,17,0.086,0.09,0.054,0.063,0.0,0.0,4.3,0.0,0.0,0.029,0.7,0.0,0.033,0.015,0.0,0.028,0.063,0.039,0.014,0.0,0.0,0.0,0.0,2.8,0.1,0.099,1.1,0.019,2.0,0.8,0.077,0.004,7.255,Other
tapioca pearls,544,0.093,0.075,0.088,0.057,134.8,5.1,0.3,1.4,0.0,0.077,16.7,0.0,0.016,0.001,0.0,0.0,0.0,0.2,0.091,0.0,0.0,0.0,0.0,30.4,0.021,2.4,1.5,0.2,10.6,16.7,0.007,0.2,169.318,Other
baking powder,2,0.0,0.0,0.0,0.0,1.3,0.0,0.0,0.03,0.0,0.5,0.2,0.0,0.0,0.0,0.0,0.0,0.0,0.0,0.0,0.0,0.0,0.0,0.0,270.3,0.077,0.5,1.2,0.074,100.8,0.9,0.004,0.091,272.196,Other
egg boiled,93,6.4,2.0,2.4,0.8,0.7,0.7,7.5,0.0,223.8,0.042,44.8,0.04,0.069,0.072,0.015,0.3,0.038,0.8,0.056,0.0,0.019,0.6,0.069,30.0,0.009,0.7,6.0,0.004,103.2,75.6,0.062,0.6,45.338,Eggs
millet flour,444,5.1,0.6,1.1,3.1,86.9,2.0,12.8,4.2,0.0,0.056,12.8,0.0,0.5,0.032,0.0,0.01,7.2,1.5,0.4,0.0,0.0,0.1,0.037,16.7,0.6,4.7,141.6,1.2,339.2,266.6,0.028,3.1,130.4,Grains & Cereals
triticale flour,439,2.4,0.4,0.2,1.0,95.1,0.0,17.1,19.0,0.0,0.096,13.0,0.0,0.5,0.012,0.0,0.2,3.7,2.8,0.5,0.0,0.0,1.2,0.0,45.5,0.7,3.4,198.9,5.4,417.3,605.8,0.0,3.5,182.5,Other
corn flour white,414,4.2,0.6,1.1,2.0,87.3,1.8,9.6,7.3,0.0,0.036,11.2,0.0,0.3,0.078,0.0,0.1,1.9,0.2,0.5,0.0,0.0,0.1,0.0,157.3,0.2,1.7,106.0,0.5,263.3,298.7,0.072,2.1,267.4,Vegetables
rice flour brown,574,4.4,0.9,1.6,1.6,120.8,1.3,11.4,7.3,0.0,0.039,18.9,0.0,0.7,0.056,0.0,0.1,10.0,2.5,1.2,0.0,0.0,1.9,0.0,17.4,0.4,3.1,177.0,6.3,532.5,456.6,0.0,3.9,164.4,Grains & Cereals
sorghum flour,437,4.0,0.6,1.1,1.7,93.7,2.3,9.5,8.0,0.0,0.023,12.2,0.0,0.3,0.058,0.0,0.014,6.3,1.1,0.4,0.0,0.0,0.6,0.079,14.5,0.3,3.6,145.2,1.5,348.5,376.3,0.026,1.7,133.3,Other
cornmeal whole grain,442,4.4,0.6,1.2,2.0,93.8,0.8,9.9,8.9,0.0,0.022,12.5,0.0,0.5,0.034,0.0,0.2,4.4,0.5,0.4,0.0,0.0,0.5,0.059,7.3,0.2,4.2,154.9,0.6,294.0,350.1,0.004,2.2,128.5,Grains & Cereals
cornmeal white,581,2.7,0.3,0.5,1.0,124.7,2.5,11.2,6.1,0.0,0.094,17.6,0.0,0.2,0.089,0.0,0.016,1.6,0.4,0.3,0.0,0.0,0.2,0.0,4.7,0.1,1.7,50.2,0.3,155.4,222.9,0.03,1.0,151.1,Grains & Cereals
barley flour,511,2.4,0.5,0.3,1.1,110.3,1.2,15.5,14.9,0.0,0.062,17.9,0.0,0.5,0.021,0.0,0.2,9.3,0.2,0.6,0.0,0.0,0.8,0.069,47.4,0.5,4.0,142.1,1.5,438.1,457.3,0.037,3.0,194.5,Grains & Cereals
safflower seed meal,97,0.7,0.029,0.099,0.4,13.8,0.0,10.1,0.0,0.0,0.006,1.8,0.0,0.3,0.022,0.0,0.1,0.6,1.1,0.3,0.0,0.0,0.0,0.0,21.8,0.5,1.4,99.1,0.6,180.6,19.2,0.0,1.4,47.8,Other
sesame flour,658,46.4,6.5,17.5,20.3,33.3,0.0,38.5,0.0,0.0,0.041,1.1,0.0,3.4,0.073,0.0,0.4,16.7,3.7,0.2,0.0,0.0,0.0,0.0,198.8,1.9,19.0,451.3,1.9,1008.8,528.8,0.0,13.3,336.0,Nuts & Seeds
whole grain wheat flour,408,3.0,0.5,0.3,1.4,86.4,0.5,15.9,12.8,0.0,0.027,12.9,0.0,0.6,0.066,0.0,0.2,5.9,0.7,0.5,0.0,0.0,0.9,0.025,40.8,0.5,4.3,164.4,4.9,428.4,435.6,0.045,3.1,163.2,Grains & Cereals
corn flour yellow,422,4.5,0.6,1.2,2.1,89.9,0.7,8.1,8.5,0.0,0.04,12.8,0.0,0.3,0.04,0.0,0.036,2.2,0.8,0.4,0.0,0.0,0.5,0.006,8.2,0.3,2.8,108.8,0.5,318.2,368.6,0.012,2.0,122.0,Vegetables
corn flour whole grain,422,4.5,0.6,1.2,2.1,89.9,0.7,8.1,8.5,0.0,0.033,12.8,0.0,0.3,0.021,0.0,0.035,2.2,0.8,0.4,0.0,0.0,0.5,0.071,8.2,0.3,2.8,108.8,0.5,318.2,368.6,0.045,2.0,122.0,Vegetables
cottonseed flour low fat,94,0.4,0.082,0.046,0.2,10.2,0.0,14.1,0.0,0.0,0.022,2.0,0.0,0.6,0.016,0.0,0.1,1.1,0.1,0.2,0.7,0.0,0.0,0.0,134.1,0.3,3.6,202.6,0.6,449.1,498.4,0.0,3.3,163.1,Other
sunflower seed flour,13,0.013,0.036,0.059,0.077,1.4,0.0,1.9,0.2,0.0,0.073,0.3,0.0,0.1,0.02,0.0,0.006,0.3,0.3,0.022,0.003,0.0,0.0,0.0,4.6,0.081,0.3,13.8,0.011,27.6,2.7,0.047,0.2,8.557,Other
sesame meal,160,13.6,1.9,5.1,6.0,7.4,0.0,4.8,0.0,0.0,0.073,1.4,0.0,0.7,0.01,0.0,0.094,3.6,0.8,0.081,0.0,0.0,0.0,0.0,43.3,0.4,4.1,97.9,0.4,219.0,114.9,0.0,2.9,73.2,Nuts & Seeds
acorn flour,626,37.7,4.9,23.9,7.3,68.3,0.0,9.4,0.0,0.0,0.0,7.5,0.0,0.2,0.1,0.0,0.2,3.0,1.2,0.9,0.0,0.0,0.0,0.0,53.8,0.8,1.5,137.5,2.2,128.8,890.0,0.0,0.8,170.7,Other
rice flour white,578,2.2,0.6,0.7,0.6,126.6,0.2,9.4,3.8,0.0,0.0,18.8,0.0,0.2,0.058,0.0,0.014,4.1,1.3,0.7,0.0,0.0,0.2,0.0,15.8,0.2,0.6,55.3,1.9,154.8,120.1,0.062,1.3,158.4,Grains & Cereals
sesame flour low fat,94,0.5,0.011,0.2,0.2,10.0,0.0,14.2,0.0,0.0,0.072,2.0,0.0,0.7,0.073,0.0,0.092,3.5,0.8,0.02,0.0,0.0,0.0,0.0,42.2,0.4,4.0,95.7,0.4,214.2,112.4,0.0,2.8,70.9,Nuts & Seeds
potato flour,571,0.5,0.1,0.063,0.2,133.0,5.6,11.0,9.4,0.0,0.042,10.4,0.0,0.0,0.4,0.043,0.0,0.06,5.6,0.8,1.2,6.1,0.0,0.4,0.0,104.0,0.3,2.2,104.0,0.5,268.8,1601.6,0.031,155.4,Vegetables
cornmeal yellow,581,2.7,0.3,0.5,1.0,124.7,2.5,11.2,6.1,0.0,0.011,17.6,0.0,0.2,0.072,0.0,0.085,1.6,0.4,0.3,0.0,0.0,0.2,0.0,4.7,0.1,1.7,50.2,0.3,155.4,222.9,0.069,1.0,151.1,Grains & Cereals
rye flour,364,1.4,0.2,0.2,0.6,78.2,0.9,10.0,8.2,0.0,0.061,11.6,0.0,0.3,0.047,0.0,0.068,0.8,0.7,0.2,0.0,0.0,0.8,0.079,13.3,0.2,0.9,32.6,1.2,132.6,228.5,0.07,1.4,112.0,Grains & Cereals
arrowroot flour,457,0.1,0.019,0.088,0.036,112.8,0.0,0.4,4.4,0.0,0.002,14.6,0.0,0.013,0.043,0.0,0.0,0.0,0.2,0.032,0.0,0.0,0.0,0.0,51.2,0.045,0.4,3.8,0.6,6.4,14.1,0.0,0.067,169.3,Other
chickpea flour,356,6.2,0.6,1.4,2.7,53.2,10.0,20.6,9.9,0.0,0.05,9.5,0.0,0.4,0.4,0.0,0.037,1.6,0.6,0.5,0.0,0.0,0.8,0.003,41.4,0.8,4.5,152.7,1.5,292.6,778.3,0.079,2.6,135.8,Legumes & Beans
wheat flour,455,1.2,0.2,0.1,0.5,95.4,0.3,12.9,3.4,0.0,0.061,14.9,0.0,1.0,0.2,0.0,0.6,7.4,0.5,0.001,0.0,0.0,0.095,0.051,18.8,0.2,5.8,27.5,0.9,135.0,133.8,0.023,0.9,137.5,Grains & Cereals
cornstarch,488,0.03,0.077,0.046,0.012,116.8,0.0,0.3,1.2,0.0,0.093,10.6,0.0,0.0,0.0,0.0,0.0,0.0,0.0,0.0,0.0,0.0,0.0,0.0,2.6,0.097,0.6,3.8,0.028,16.6,3.8,0.096,0.081,121.535,Other
carob flour,13,0.061,0.041,0.088,0.052,5.3,2.9,0.3,2.4,0.0,0.033,0.2,0.0,0.09,0.007,0.0,0.079,0.1,0.038,0.029,0.088,0.0,0.046,0.0,20.9,0.088,0.2,3.2,0.019,4.7,49.6,0.087,0.087,29.18,Other
buckwheat flour,402,3.7,0.8,1.1,1.1,84.7,3.1,15.1,12.0,0.0,0.033,13.4,0.0,0.5,0.035,0.0,0.2,7.4,0.5,0.7,0.0,0.0,0.4,0.044,49.2,0.6,4.9,301.2,2.4,404.4,692.4,0.04,3.7,169.6,Other
pecan pie,503,27.1,4.9,13.6,7.0,63.7,0.0,6.0,0.0,106.1,0.3,23.8,0.046,0.2,0.083,0.061,0.2,1.0,0.6,0.034,0.2,0.0,0.0,0.0,39.0,0.3,1.8,31.7,0.9,114.7,162.3,0.089,1.2,137.891,Desserts & Sweets
apple pie,331,15.6,3.8,6.7,4.2,46.4,0.0,3.0,0.0,0.0,0.3,59.1,0.078,0.2,0.02,0.0,0.1,1.5,0.1,0.009,2.1,0.0,0.0,0.0,8.8,0.02,1.4,8.8,0.2,35.0,98.8,0.077,0.2,77.358,Desserts & Sweets
vanilla wafer pie crust,935,63.7,13.1,27.5,18.8,88.4,12.9,6.5,0.2,68.6,0.9,15.0,0.4,0.3,0.071,0.081,0.4,3.7,0.5,0.082,0.2,0.059,5.4,0.028,73.9,0.1,2.9,17.6,0.3,137.3,139.0,0.009,0.4,236.2,Desserts & Sweets
chocolate pie crust,881,40.8,8.6,26.4,3.7,117.4,47.9,11.1,4.9,0.0,0.9,9.1,0.0,0.6,0.1,0.0,0.5,5.6,0.3,0.049,0.0,0.0,3.3,0.078,58.2,1.4,7.8,72.8,3.3,218.4,340.3,0.033,3.8,240.2,Desserts & Sweets
apple strudel,195,8.0,1.5,2.3,3.8,29.2,18.3,2.3,1.6,4.3,0.02,30.9,0.011,0.087,0.082,0.009,0.016,0.2,0.2,0.031,1.2,0.0,1.0,0.002,10.7,0.092,0.3,6.4,0.1,23.4,105.8,0.034,0.1,53.359,Fruits
chocolate snack cake,200,8.0,2.4,4.3,0.9,30.2,18.9,1.8,1.6,0.0,0.2,9.3,0.001,0.051,0.079,0.011,0.013,0.5,0.067,0.068,1.0,0.0,0.5,0.08,58.0,0.2,1.8,18.0,0.2,43.5,88.0,0.006,0.5,102.459,Desserts & Sweets
fruit fried pie,404,20.6,3.1,9.5,6.9,54.5,27.4,3.8,3.3,0.0,0.4,48.1,0.065,0.2,0.046,0.074,0.1,1.8,0.1,0.019,1.7,0.0,2.2,0.035,28.2,0.094,1.6,12.8,0.3,55.0,83.2,0.094,0.3,113.776,Desserts & Sweets
pumpkin pie,316,14.4,4.9,5.7,2.8,40.9,0.0,7.0,0.0,65.1,0.3,90.7,0.1,0.1,0.091,0.086,0.3,1.2,0.7,0.077,2.6,0.0,0.0,0.0,145.7,0.1,2.0,29.5,0.3,151.9,288.3,0.058,0.7,212.686,Desserts & Sweets
corn cake,35,0.2,0.019,0.032,0.098,7.5,2.1,0.7,0.2,0.0,0.01,0.4,0.013,0.057,0.084,0.0,0.084,0.5,0.023,0.074,0.0,0.0,0.0,0.0,1.7,0.04,0.1,10.3,0.2,14.1,14.1,0.082,0.2,10.437,Desserts & Sweets
sponge snack cake,157,4.8,1.7,2.1,0.8,26.9,15.7,1.5,0.4,17.2,0.2,8.2,0.095,0.091,0.096,0.034,0.022,0.7,0.06,0.0,0.089,0.098,0.3,0.011,10.1,0.06,0.6,3.4,0.1,77.7,29.8,0.029,0.3,44.404,Desserts & Sweets
danish pastry with nuts,280,16.4,3.8,8.9,2.8,29.7,16.8,4.6,1.3,29.9,0.2,13.3,0.054,0.1,0.091,0.088,0.2,1.5,0.5,0.062,1.1,0.0,0.5,0.018,61.1,0.1,1.2,20.8,0.5,71.5,61.8,0.062,0.6,115.451,Other
chocolate cream pie,301,19.2,4.9,11.0,2.4,33.3,0.0,2.6,2.0,5.0,0.1,43.1,0.0,0.002,0.093,0.0,0.1,0.7,0.4,0.023,0.0,0.0,0.0,0.0,35.6,0.078,1.1,20.8,0.2,67.3,125.7,0.016,0.2,93.8,Dairy & Cheese
angel food cake,72,0.2,0.071,0.095,0.1,16.2,0.0,1.7,0.4,0.0,0.2,9.3,0.0,0.095,0.039,0.035,0.1,0.2,0.046,0.058,0.0,0.0,0.0,0.0,39.2,0.058,0.1,3.4,0.012,90.7,26.0,0.095,0.055,57.8,Desserts & Sweets
lemon meringue pie,362,16.4,4.0,7.1,4.2,49.7,0.0,4.8,0.0,67.3,0.3,55.0,0.011,0.1,0.009,0.043,0.2,1.2,0.3,0.034,4.2,0.0,0.0,0.0,15.2,0.086,1.3,7.6,0.2,53.3,82.6,0.059,0.4,91.632,Desserts & Sweets
danish pastry with cinnamon,349,16.7,3.5,10.6,1.6,46.9,0.0,4.8,0.0,27.3,0.3,18.4,0.058,0.3,0.072,0.041,0.2,2.2,0.6,0.049,2.6,0.0,0.0,0.0,37.0,0.079,1.8,14.1,0.4,73.9,95.9,0.028,0.5,109.897,Herbs & Spices
cinnamon coffeecake,238,13.3,3.3,7.4,1.8,26.6,0.0,3.9,1.1,18.2,0.2,12.5,0.049,0.1,0.02,0.085,0.1,1.0,0.4,0.046,0.2,0.0,0.0,0.0,30.8,0.006,1.1,12.5,0.3,61.6,70.1,0.048,0.5,77.089,Herbs & Spices
cheesecake,257,18.0,7.9,6.9,1.3,20.4,17.4,4.4,0.3,44.0,0.4,36.5,0.1,0.061,0.011,0.03,0.2,0.2,0.5,0.1,0.3,0.078,0.4,0.093,40.8,0.039,0.5,8.8,0.1,74.4,72.0,0.079,0.4,84.8,Desserts & Sweets
fruitcake,139,3.9,0.5,1.8,1.4,26.5,11.8,1.2,1.6,2.2,0.013,10.9,0.06,0.004,0.063,0.0,0.063,0.3,0.015,0.008,0.2,0.0,0.4,0.032,14.2,0.082,0.9,6.9,0.067,22.4,65.8,0.033,0.1,48.507,Other
egg custard,293,12.9,6.1,3.9,1.2,31.0,31.0,14.2,0.0,236.9,0.2,222.4,0.1,0.1,0.025,0.081,0.7,0.3,1.6,0.1,0.0,0.0,0.6,0.097,301.7,0.031,1.0,31.0,0.07,318.7,417.4,0.016,1.5,360.9,Eggs
mince pie,477,17.8,4.4,7.7,4.7,79.2,46.7,4.3,4.3,0.0,0.4,61.7,0.0,0.2,0.074,0.0,0.2,2.0,0.2,0.1,9.7,0.0,0.2,0.071,36.3,0.2,2.5,23.1,0.4,69.3,335.0,0.099,0.4,154.1,Desserts & Sweets
yellow cake with chocolate frosting,546,25.6,8.3,10.4,6.8,79.7,56.5,4.6,2.2,23.0,0.4,32.2,0.0,0.032,0.0,0.0,0.1,1.2,0.2,0.0,0.0,0.0,6.5,0.089,46.1,0.2,2.9,28.8,0.3,198.7,269.3,0.084,0.6,161.1,Desserts & Sweets
danish pastry with fruit,335,15.9,3.3,10.1,1.6,45.1,0.0,4.8,0.0,18.8,0.3,27.3,0.043,0.3,0.093,0.016,0.2,1.8,0.6,0.005,1.6,0.0,0.0,0.0,21.6,0.059,1.4,14.1,0.2,68.6,110.0,0.052,0.5,90.454,Other
white cake with coconut frosting,399,11.5,4.4,4.1,2.4,70.8,64.3,4.9,1.1,1.1,0.3,23.2,0.015,0.1,0.058,0.091,0.2,1.2,0.2,0.026,0.1,0.047,0.1,0.019,100.8,0.031,1.3,13.4,0.3,78.4,110.9,0.093,0.4,190.574,Desserts & Sweets
danish pastry with cheese,353,24.6,5.1,15.6,2.4,28.7,0.0,5.8,0.0,20.0,0.3,30.8,0.057,0.3,0.035,0.095,0.2,2.5,0.6,0.082,2.6,0.0,0.0,0.0,70.1,0.004,1.8,15.5,0.4,80.1,116.5,0.015,0.6,133.666,Dairy & Cheese
graham cracker pie crust,917,45.4,9.1,31.0,3.1,117.7,33.2,9.3,3.5,0.0,0.9,8.0,0.0,0.3,0.1,0.0,0.4,5.9,0.3,0.1,0.0,0.0,3.4,0.058,53.1,0.4,4.8,42.1,2.4,214.1,206.8,0.039,2.3,233.8,Snacks
blueberry pie,360,17.5,4.3,7.5,4.5,49.2,0.0,4.0,0.0,0.0,0.3,75.3,0.0,0.2,0.073,0.0,0.2,1.8,0.2,0.015,1.0,0.0,0.0,0.0,10.3,0.081,1.8,11.8,0.4,44.1,73.5,0.059,0.3,83.8,Desserts & Sweets
yellow cake with vanilla frosting,239,9.3,1.5,3.9,3.3,37.6,0.0,2.2,0.2,35.2,0.2,14.1,0.027,0.018,0.064,0.016,0.099,0.3,0.2,0.001,0.0,0.0,0.0,0.0,39.7,0.017,0.7,3.8,0.089,91.5,33.9,0.02,0.2,89.788,Desserts & Sweets
pie crust,121,8.0,2.0,3.5,2.1,10.9,0.045,1.5,0.4,0.0,0.1,2.3,0.0,0.004,0.004,0.0,0.088,0.8,0.048,0.075,0.0,0.0,0.033,0.038,2.3,0.079,0.7,3.2,0.061,15.4,15.4,0.096,0.1,23.8,Desserts & Sweets
chocolate cake with chocolate frosting,537,27.7,8.2,10.1,6.4,72.9,55.1,4.8,3.0,30.4,0.5,30.4,0.095,0.0,0.098,0.0,0.061,1.1,0.3,0.0,0.1,0.0,6.0,0.02,41.4,0.3,4.2,42.8,0.5,189.1,372.6,0.084,0.8,154.164,Desserts & Sweets
cheese coffeecake,258,11.6,4.1,5.4,1.3,33.7,0.0,5.3,0.8,64.6,0.3,24.5,0.082,0.098,0.001,0.049,0.07,0.5,0.3,0.086,0.041,0.0,0.0,0.0,44.8,0.074,0.5,11.4,0.1,76.8,219.6,0.075,0.4,96.831,Dairy & Cheese
vanilla cream pie,350,18.1,5.1,7.6,4.3,41.1,16.0,6.0,0.8,78.1,0.3,59.2,0.1,0.2,0.064,0.086,0.3,1.2,0.5,0.006,0.6,0.076,0.6,0.01,113.4,0.018,1.3,16.4,0.2,131.0,158.8,0.024,0.7,181.4,Dairy & Cheese
pineapple cake,367,13.9,3.4,6.0,3.8,58.1,0.0,4.0,0.9,25.3,0.4,37.1,0.078,0.2,0.069,0.091,0.2,1.4,0.2,0.029,1.4,0.0,0.0,0.0,138.0,0.1,1.7,15.0,0.4,94.3,128.8,0.094,0.4,218.024,Desserts & Sweets
peach pie,262,11.7,1.8,5.0,4.4,38.5,19.0,2.2,0.9,0.0,0.3,63.6,0.06,0.025,0.089,0.0,0.082,0.2,0.1,0.047,1.1,0.0,1.1,0.023,9.4,0.082,0.6,7.0,0.2,25.7,146.3,0.025,0.1,64.447,Desserts & Sweets
fruit coffeecake,156,5.1,1.2,2.8,0.7,25.8,0.0,2.6,1.3,3.5,0.2,15.9,0.0,0.089,0.042,0.0,0.037,1.3,0.3,0.013,0.4,0.0,0.0,0.0,22.5,0.02,1.2,8.5,0.1,59.0,45.0,0.056,0.3,58.9,Other
pound cake,116,6.0,3.5,1.8,0.3,14.6,0.0,1.7,0.2,66.3,0.1,7.4,0.09,0.059,0.055,0.088,0.048,0.4,0.1,0.087,0.0,0.0,0.0,0.0,10.5,0.021,0.4,3.3,0.046,41.1,35.7,0.092,0.1,33.47,Desserts & Sweets
pound cake bread,215,9.6,1.7,2.4,5.2,28.2,10.0,3.9,0.9,0.0,0.2,12.3,0.0,0.041,0.0,0.0,0.028,2.6,0.3,0.08,0.0,0.0,0.8,0.0,25.3,0.077,1.2,10.5,0.1,165.0,115.5,0.02,0.3,69.1,Desserts & Sweets
white cake,264,9.2,2.4,3.9,2.3,42.3,26.3,4.0,0.6,1.5,0.2,17.2,0.043,0.1,0.037,0.07,0.2,1.1,0.1,0.02,0.1,0.0,0.073,0.04,96.2,0.003,1.1,8.9,0.1,68.8,70.3,0.033,0.2,153.59,Desserts & Sweets
coffeecake with chocolate frosting,298,9.7,2.5,5.1,1.3,48.4,0.0,4.5,1.8,62.1,0.3,26.2,0.041,0.006,0.036,0.01,0.024,0.8,0.4,0.051,0.015,0.0,0.0,0.0,34.2,0.056,0.5,13.5,0.2,67.5,70.2,0.034,0.4,99.233,Desserts & Sweets
popcorn cake,38,0.3,0.074,0.06,0.1,8.0,0.001,1.0,0.3,0.0,0.05,0.5,0.0,0.079,0.068,0.0,0.06,0.6,0.002,0.076,0.0,0.0,0.073,0.005,0.9,0.067,0.2,15.9,0.037,27.7,32.7,0.079,0.4,10.7,Snacks
banana cream pie,3190,161.3,44.6,67.8,39.0,390.2,143.0,52.2,8.3,604.9,2.8,568.1,0.7,1.6,0.3,0.006,2.5,12.5,4.6,1.6,19.0,0.009,4.7,0.069,889.5,0.6,12.3,189.8,1.8,1091.1,1956.9,0.1,5.7,1533.5,Dairy & Cheese
baked apple pie mcdonalds,91,4.4,1.1,2.6,0.3,12.3,4.9,0.9,0.6,0.0,0.076,10.5,0.0,0.093,0.053,0.0,0.045,0.7,0.036,0.027,9.1,0.0,0.5,0.0,5.4,0.03,0.6,2.0,0.071,10.2,17.8,0.0,0.0,33.3,Fast Food
sponge cake,187,2.7,0.8,1.0,0.4,36.4,0.0,4.6,0.0,107.1,0.1,18.5,0.071,0.1,0.076,0.056,0.2,0.8,0.3,0.07,0.0,0.0,0.0,0.0,26.5,0.076,1.0,5.7,0.1,63.0,88.8,0.034,0.4,71.264,Desserts & Sweets
yellow cake,245,9.9,2.7,4.2,2.4,36.0,0.0,3.6,0.5,36.7,0.2,17.1,0.094,0.1,0.086,0.016,0.2,1.0,0.2,0.038,0.1,0.0,0.0,0.0,99.3,0.099,1.1,8.2,0.1,79.6,61.9,0.037,0.3,150.51,Desserts & Sweets
shortcake,98,4.0,1.1,1.7,1.0,13.7,0.0,1.7,0.0,0.8,0.1,8.0,0.005,0.058,0.027,0.099,0.039,0.7,0.005,0.055,0.07,0.0,0.0,0.0,58.0,0.076,0.7,4.5,0.08,40.5,30.0,0.097,0.1,78.182,Other
cherry pie,486,22.0,5.4,9.6,5.8,69.3,0.0,5.0,0.0,0.0,0.3,82.4,0.027,0.3,0.081,0.0,0.2,2.3,0.2,0.016,1.8,0.0,0.0,0.0,18.0,0.1,3.3,16.2,0.4,54.0,138.6,0.011,0.4,119.444,Desserts & Sweets
dutch apple pie,397,15.8,3.2,7.9,2.9,61.0,30.2,3.0,2.2,0.0,0.3,56.3,0.008,0.3,0.033,0.0,0.07,1.5,0.1,0.0,7.8,0.0,1.3,0.071,19.2,0.2,1.2,11.0,0.3,39.7,104.1,0.038,0.3,110.281,Desserts & Sweets
chocolate cake,352,14.3,5.2,5.7,2.6,50.7,0.0,5.0,1.5,55.1,0.3,23.2,0.0,0.1,0.012,0.027,0.2,1.1,0.3,0.038,0.2,0.0,0.0,0.0,57.0,0.2,1.5,30.4,0.3,100.7,133.0,0.019,0.7,130.2,Desserts & Sweets
marshmallow,64,0.033,0.045,0.035,0.06,16.3,11.5,0.4,0.013,0.0,0.039,3.3,0.0,0.015,0.011,0.0,0.028,0.038,0.014,0.062,0.0,0.0,0.0,0.0,0.6,0.002,0.038,0.4,0.003,1.6,1.0,0.009,0.06,17.445,Desserts & Sweets
sugar apple,72,0.2,0.009,0.031,0.095,18.2,0.0,1.6,3.4,0.0,0.045,56.4,0.0,0.0,0.066,0.024,0.0,0.093,0.7,0.2,0.2,28.0,0.0,0.0,0.0,18.5,0.075,0.5,16.2,0.0,24.6,190.2,0.083,23.644,Fruits
toffee,67,3.9,2.5,1.1,0.1,7.8,7.6,0.1,0.0,12.5,0.044,0.04,0.033,0.074,0.059,0.021,0.076,0.001,0.098,0.044,0.099,0.079,0.0,0.1,0.097,4.1,0.092,0.094,0.5,0.082,3.8,6.1,0.031,12.023,Other
vanilla fudge with nuts,123,3.9,1.1,0.7,1.9,21.1,20.1,0.8,0.3,3.7,0.075,2.3,0.064,0.079,0.012,0.018,0.077,0.042,0.046,0.041,0.074,0.0,0.087,0.056,13.3,0.012,0.1,6.8,0.1,20.7,29.1,0.016,0.2,39.577,Desserts & Sweets
peanuts chocolate coated,21,1.3,0.6,0.5,0.2,2.0,1.5,0.5,0.2,0.4,0.063,0.008,0.09,0.023,0.014,0.019,0.078,0.2,0.027,0.026,0.0,0.0,0.001,0.054,4.2,0.067,0.037,3.8,0.042,8.5,20.1,0.005,0.1,8.305,Desserts & Sweets
caramel with nuts chocolate coated,66,2.9,0.7,1.3,0.8,8.5,5.8,1.3,0.6,0.0,0.041,0.9,0.028,0.067,0.066,0.0,0.004,0.7,0.0,0.05,0.2,0.0,0.2,0.024,10.9,0.05,0.2,11.3,0.0,23.2,62.3,0.094,0.3,24.683,Desserts & Sweets
gingerbread,263,12.1,3.1,5.3,3.1,36.4,0.0,2.9,0.0,23.7,0.2,20.7,0.036,0.1,0.088,0.027,0.1,1.3,0.3,0.1,0.082,0.0,0.0,0.0,52.5,0.1,2.1,51.8,0.5,40.0,324.9,0.082,0.3,106.123,Other
rolo nestle,24,1.0,0.6,3.4,2.9,0.2,0.078,0.009,0.0,0.0,0.0,0.0,0.0,0.0,0.0,0.0,0.0,0.0,0.0,0.0,0.0,0.0,0.0,0.0,0.0,0.0,0.0,0.0,0.0,0.0,0.0,0.0,0.0,1.234,Other
vanilla fudge,108,1.5,1.0,0.4,0.084,23.2,22.6,0.3,0.0,4.2,0.04,3.1,0.063,0.013,0.056,0.076,0.012,0.093,0.015,0.095,0.0,0.0,0.067,0.026,10.8,0.036,0.036,0.8,0.045,8.5,13.9,0.004,0.089,35.944,Desserts & Sweets
halavah,328,15.1,2.9,5.7,5.9,42.3,0.0,8.7,3.2,0.0,0.1,2.6,0.0,0.3,0.016,0.0,0.036,2.0,0.1,0.2,0.097,0.0,0.0,0.0,23.1,0.8,3.2,152.6,0.6,424.9,130.9,0.036,3.0,95.618,Other
praline,189,10.1,0.9,5.7,3.0,23.2,21.8,1.3,1.4,0.0,0.016,4.0,0.0,0.066,0.096,0.0,0.071,0.2,0.1,0.021,0.1,0.0,0.2,0.033,16.8,0.2,0.5,19.1,0.7,40.6,84.6,0.021,0.7,53.4,Other
fruit juice bar,67,0.089,0.0,0.0,0.026,15.6,13.5,0.9,0.8,0.0,0.011,60.3,0.0,0.022,0.032,0.0,0.055,0.1,0.099,0.094,7.3,0.0,0.0,0.092,3.9,0.0,0.1,3.1,0.1,4.6,40.8,0.007,0.068,28.671,Fruit Juices
peanut brittle,138,5.4,1.2,2.3,1.3,20.2,14.5,2.1,0.7,3.4,0.1,0.2,0.051,0.015,0.046,0.0,0.098,0.7,0.1,0.029,0.0,0.0,0.7,0.06,7.6,0.086,0.3,11.9,0.2,30.0,47.5,0.037,0.2,36.343,Nuts & Seeds
butterscotch,21,0.2,0.1,0.07,0.076,4.8,4.3,0.079,0.0,0.5,0.039,0.3,0.076,0.008,0.0,0.0,0.087,0.093,0.075,0.0,0.0,0.0,0.059,0.092,0.2,0.062,0.02,0.0,0.076,0.04,0.2,0.011,0.001,5.351,Desserts & Sweets
chocolate coffee beans,155,9.4,5.1,3.9,0.4,15.6,14.4,2.1,1.6,5.7,0.006,0.7,0.049,0.007,0.016,0.063,0.011,0.052,0.1,0.002,0.0,0.0,0.1,0.04,47.8,0.1,0.6,18.1,0.2,53.2,116.9,0.056,0.6,77.127,Beverages
nougat with almonds,56,0.2,0.2,0.0,0.0,12.9,11.7,0.5,0.5,0.0,0.061,0.3,0.0,0.058,0.044,0.0,0.045,0.083,0.044,0.001,0.096,0.0,0.4,0.0,4.5,0.051,0.082,4.5,0.043,7.7,14.7,0.062,0.051,18.658,Other
carob,135,7.8,7.3,0.1,0.028,14.1,8.5,2.0,1.0,0.3,0.015,0.4,0.0,0.0,0.02,0.087,0.086,0.027,0.3,0.2,0.007,0.1,0.0,0.4,0.051,75.8,0.011,0.3,9.0,0.059,31.5,158.3,0.087,25.013,Other
peanut butter fudge,62,1.1,0.3,0.5,0.3,12.4,11.7,0.6,0.1,0.5,0.085,1.7,0.081,0.064,0.09,0.095,0.07,0.2,0.028,0.052,0.0,0.0,0.2,0.068,6.7,0.016,0.072,3.2,0.077,10.9,19.0,0.007,0.021,21.055,Spreads & Butters
sugar coated almonds,17,0.6,0.016,0.4,0.1,2.4,2.2,0.4,0.013,0.0,0.021,0.094,0.0,0.08,0.033,0.0,0.098,0.046,0.029,0.092,0.0,0.0,0.4,0.0,3.5,0.073,0.061,4.8,0.091,5.8,8.9,0.009,0.085,6.936,Other
chocolate coated marshmallow,118,4.7,1.3,2.6,0.5,19.0,12.5,1.1,0.6,0.0,0.002,2.8,0.043,0.07,0.002,0.098,0.027,0.2,0.1,0.087,0.093,0.0,0.022,0.03,12.9,0.013,0.7,10.1,0.061,27.2,51.0,0.076,0.2,39.096,Desserts & Sweets
raisins chocolate coated,390,14.8,10.3,3.1,0.6,68.4,62.2,4.1,3.1,3.0,0.021,11.2,0.059,0.018,0.016,0.066,0.2,0.4,0.3,0.08,0.2,0.0,0.3,0.054,86.0,0.4,1.7,45.0,0.4,143.0,514.0,0.053,1.3,178.329,Desserts & Sweets
chewing gum sugarless,5,0.013,0.09,0.081,0.038,1.9,0.0,0.0,0.078,0.0,0.001,0.067,0.0,0.0,0.0,0.0,0.0,0.0,0.0,0.0,0.0,0.0,0.0,0.0,0.4,0.0,0.0,0.0,0.0,0.0,0.0,0.03,0.0,2.378,Other
chewing gum,11,0.032,0.058,0.06,0.015,2.9,2.0,0.0,0.012,0.0,0.083,0.067,0.0,0.0,0.0,0.0,0.0,0.0,0.0,0.0,0.0,0.0,0.0,0.0,0.0,0.0,0.0,0.0,0.0,0.0,0.05,0.045,0.0,2.973,Other
chocolate syrup,109,0.4,0.2,0.1,0.011,25.4,19.4,0.8,1.0,0.0,0.061,12.1,0.0,0.055,0.096,0.0,0.099,0.1,0.096,0.089,0.009,0.0,0.086,0.049,5.5,0.2,0.8,25.4,0.1,50.3,87.4,0.08,0.3,33.955,Desserts & Sweets
chocolate fudge syrup,67,1.7,0.8,0.7,0.086,12.0,6.6,0.9,0.5,0.2,0.084,4.1,0.07,0.015,0.079,0.029,0.077,0.02,0.073,0.046,0.023,0.0,0.5,0.035,9.3,0.076,0.2,9.1,0.013,18.4,54.0,0.044,0.2,24.726,Desserts & Sweets
m ms milk chocolate mars,207,8.9,5.5,2.2,0.4,29.9,26.7,1.8,1.2,5.9,0.018,0.7,0.086,0.097,0.016,0.063,0.08,0.1,0.1,0.015,0.2,0.0,0.2,0.032,44.1,0.1,0.5,18.5,0.1,61.3,109.6,0.064,0.7,86.651,Dairy & Cheese
milk chocolate with almonds,216,14.1,7.3,4.9,1.2,21.9,18.0,3.7,2.5,7.8,0.051,0.6,0.049,0.02,0.06,0.093,0.2,0.3,0.2,0.047,0.084,0.0,1.3,0.016,91.8,0.2,0.7,36.9,0.3,108.2,182.0,0.067,0.5,134.811,Dairy & Cheese
chocolate fudge,70,1.8,1.1,0.5,0.055,13.0,12.4,0.4,0.3,2.4,0.032,1.7,0.067,0.028,0.062,0.061,0.029,0.054,0.011,0.044,0.0,0.0,0.075,0.068,8.3,0.059,0.3,6.1,0.044,12.1,22.8,0.01,0.2,24.119,Desserts & Sweets
m ms peanut chocolate mars,93,4.7,1.8,1.5,0.6,10.9,9.1,1.7,0.7,1.4,0.017,0.4,0.035,0.064,0.097,0.051,0.062,0.6,0.1,0.061,0.0,0.0,0.5,0.086,18.4,0.057,0.2,12.4,0.1,34.2,62.5,0.099,0.3,36.623,Desserts & Sweets
dark chocolate,165,9.7,5.7,2.9,0.3,18.0,13.8,1.5,2.2,2.1,0.013,0.3,0.074,0.0,0.052,0.0,0.077,0.004,0.2,0.084,0.064,0.0,0.0,0.2,0.087,17.1,0.3,2.4,45.6,0.4,64.2,170.4,0.033,31.848,Desserts & Sweets
chocolate semisweet,806,50.4,29.8,16.7,1.6,107.4,91.6,7.1,9.9,0.0,0.042,1.2,0.0,0.023,0.094,0.0,0.2,0.7,0.2,0.036,0.0,0.0,0.4,0.066,53.8,1.2,5.3,193.2,1.3,221.8,613.2,0.055,2.7,233.9,Desserts & Sweets
after eight mints nestle,36,1.0,0.7,0.0,0.0,6.7,5.6,0.1,0.2,0.0,0.025,0.5,0.0,0.0,0.0,0.0,0.0,0.0,0.0,0.0,0.0,0.0,0.0,0.0,1.1,0.0,0.062,0.0,0.0,0.0,0.0,0.0,0.0,9.163,Other
milk chocolate,37,2.1,1.3,0.5,0.036,4.2,3.6,0.5,0.2,1.6,0.045,0.1,0.049,0.097,0.033,0.01,0.066,0.079,0.087,0.089,0.0,0.0,0.003,0.017,13.2,0.083,0.2,4.4,0.014,14.6,26.0,0.007,0.2,20.464,Dairy & Cheese
white chocolate,162,9.6,5.8,2.7,0.3,17.8,17.7,1.8,0.081,6.3,0.009,0.4,0.072,0.072,0.051,0.022,0.091,0.2,0.2,0.042,0.2,0.0,0.3,0.082,59.7,0.01,0.025,3.6,0.1,52.8,85.8,0.073,0.2,89.212,Desserts & Sweets
chocolate,208,14.0,8.2,4.6,0.4,24.8,21.1,1.6,2.3,0.0,0.001,0.2,0.0,0.094,0.069,0.0,0.026,0.3,0.019,0.091,0.0,0.0,0.1,0.074,9.8,0.2,1.1,46.3,0.2,60.3,118.9,0.018,0.6,53.6,Desserts & Sweets
twix mars,146,7.2,5.5,0.9,0.2,18.8,14.0,1.4,0.3,2.0,0.064,1.2,0.081,0.062,0.048,0.007,0.036,0.073,0.3,0.03,0.099,0.2,0.0,0.2,0.085,30.7,0.042,0.2,7.8,0.071,30.5,53.9,0.065,27.86,Other
kit kat nestle,62,3.3,2.2,0.6,0.097,7.6,6.5,0.7,0.2,1.1,0.022,0.1,0.0,0.0,0.094,0.047,0.0,0.071,0.035,0.065,0.0,0.2,0.0,0.0,0.0,16.6,0.059,0.1,0.2,0.0,13.4,35.3,0.0,11.843,Other
snickers mars,280,13.6,5.2,4.5,1.7,35.1,28.8,4.3,1.3,7.4,0.1,3.2,0.2,0.009,0.015,0.089,0.078,0.092,2.1,0.3,0.077,0.3,0.0,0.9,0.015,53.0,0.2,0.4,41.0,0.2,108.3,184.1,0.0,54.826,Other
milky way mars,264,10.0,7.0,1.3,0.2,41.3,34.6,2.3,0.6,5.2,0.021,3.7,0.1,0.065,0.085,0.079,0.011,0.081,0.0,0.09,0.068,0.4,0.072,0.5,0.038,66.7,0.047,0.3,11.6,0.095,38.9,71.9,0.073,54.438,Other
clif bar,235,4.0,1.0,0.7,1.5,44.5,21.5,10.0,5.0,0.0,0.1,7.5,0.0,0.4,0.076,0.055,0.3,3.0,1.5,0.4,60.0,0.0,0.2,0.089,250.2,0.3,4.5,100.0,1.5,199.9,280.2,0.048,3.0,378.2,Other
gum drops,18,0.042,0.05,0.1,0.012,4.4,3.5,0.0,0.0,0.0,0.008,0.6,0.0,0.0,0.0,0.0,0.0,0.0,0.0,0.0,0.0,0.0,0.0,0.0,0.0,0.0,0.0,0.0,0.0,0.0,0.0,0.058,0.0,4.418,Other
skittles wild berry mars,249,2.6,2.6,0.0,0.0,56.3,47.1,0.1,0.0,0.0,0.036,2.4,0.0,0.0,0.0,0.0,0.0,0.0,0.0,0.0,41.6,0.0,0.0,0.0,0.0,0.0,0.0,0.0,0.0,0.0,0.0,0.0,0.0,100.6,Fruits
skittles original mars,251,2.7,2.6,0.0,0.0,56.3,47.0,0.1,0.0,0.0,0.025,2.4,0.0,0.0,0.0,0.0,0.033,0.037,0.016,0.097,41.4,0.0,0.1,0.036,0.0,0.087,0.0,0.6,0.073,0.6,7.4,0.044,0.03,100.5,Other
skittles tropical mars,251,2.7,0.0,0.0,0.0,56.3,47.0,0.1,0.0,0.0,0.095,2.4,0.0,0.0,0.0,0.0,0.0,0.0,0.0,0.0,41.6,0.0,0.0,0.0,0.0,0.0,0.0,0.0,0.0,0.0,0.0,0.0,0.0,100.7,Other
fruit leather,52,0.4,0.025,0.2,0.05,12.0,6.9,0.029,0.0,0.0,0.0,1.4,0.0,0.051,0.081,0.0,0.05,0.03,0.078,0.016,16.8,0.0,0.02,0.003,4.5,0.06,0.1,2.8,0.083,4.3,41.2,0.034,0.014,33.811,Other
taffy,60,0.5,0.3,0.1,0.045,13.7,10.3,0.087,0.0,1.4,0.028,0.7,0.096,0.026,0.011,0.0,0.0,0.046,0.018,0.013,0.0,0.0,0.0,0.062,0.034,1.2,0.0,0.016,0.0,0.0,0.2,0.5,0.054,14.358,Other
eisbonbons mac iver,23,0.0,0.0,5.6,4.0,0.0,0.0,0.0,0.0,0.0,0.0,0.0,0.0,0.0,0.0,0.0,0.0,0.0,0.0,0.0,0.0,0.0,0.0,0.0,0.0,0.0,0.0,0.0,0.0,0.0,0.0,0.0,0.0,0.0,Other
caramels,39,0.8,0.3,0.2,0.4,7.8,6.6,0.5,0.0,0.7,0.015,0.9,0.021,0.005,0.061,0.03,0.04,0.094,0.092,0.088,0.024,0.0,0.002,0.014,13.9,0.06,0.049,1.7,0.006,11.5,21.6,0.087,0.057,23.208,Other
hard candy,24,0.067,0.0,0.0,0.0,5.9,3.8,0.0,0.0,0.0,0.021,0.05,0.0,0.021,0.0,0.0,0.084,0.039,0.09,0.035,0.0,0.0,0.0,0.0,0.2,0.071,0.038,0.2,0.082,0.2,0.3,0.052,0.059,6.182,Desserts & Sweets
jellybeans,4,0.043,0.0,0.0,0.0,1.0,0.8,0.0,0.083,0.0,0.076,0.051,0.0,0.04,0.0,0.0,0.017,0.099,0.098,0.09,0.0,0.0,0.0,0.0,0.08,0.038,0.029,0.055,0.013,0.027,0.4,0.052,0.032,1.216,Other
jellies,56,0.069,0.033,0.059,0.071,14.7,10.8,0.005,0.2,0.0,0.016,6.3,0.0,0.055,0.098,0.0,0.1,0.039,0.045,0.046,0.2,0.0,0.0,0.063,1.5,0.012,0.084,1.3,0.096,1.3,11.3,0.1,0.041,16.779,Other
wheat germ toasted,115,3.2,0.5,0.5,2.0,14.9,2.3,8.7,4.5,0.0,0.06,1.7,0.0,0.5,0.1,0.0,0.2,1.7,0.4,0.3,1.8,0.0,4.8,0.098,13.5,0.2,2.7,96.0,6.0,343.8,284.1,0.047,5.0,49.3,Grains & Cereals
crispy brown rice,124,1.1,0.2,0.3,0.5,27.5,2.9,2.3,2.3,0.0,0.086,1.0,0.0,0.034,0.046,0.0,0.084,0.7,0.0,0.051,0.0,0.0,0.043,0.0,9.0,0.067,0.4,28.2,0.0,90.6,76.2,0.034,0.5,42.6,Grains & Cereals
bran flakes asda,109,0.6,0.2,19.5,3.6,0.2,0.0,0.0,0.0,0.0,0.0,0.0,0.0,0.0,0.0,0.0,0.0,0.0,0.0,0.0,0.0,0.0,0.0,0.0,0.0,0.0,0.0,0.0,0.0,0.0,0.0,0.0,0.0,0.8,Other
amaranth cooked,251,3.9,0.0,0.0,0.0,46.0,0.0,9.3,5.2,0.0,0.095,184.9,0.0,0.048,0.025,0.0,0.033,0.6,0.0,0.3,0.0,0.0,0.5,0.0,115.6,0.4,5.2,159.9,2.1,364.1,332.1,0.074,2.1,185.2,Grains & Cereals
triticale,645,4.0,0.7,0.4,1.8,138.5,0.0,25.1,0.0,0.0,0.049,20.2,0.0,0.8,0.1,0.0,0.3,2.7,2.5,0.3,0.0,0.0,1.7,0.0,71.0,0.9,4.9,249.6,6.2,687.4,637.4,0.0,6.6,243.5,Other
bulgur dry,171,0.7,0.1,0.06,0.3,37.9,0.2,6.1,9.2,0.0,0.071,4.5,0.0,0.1,0.076,0.0,0.018,2.6,0.5,0.2,0.0,0.0,0.093,0.044,17.5,0.2,1.2,82.0,1.5,150.0,205.0,0.073,1.0,72.6,Grains & Cereals
cottonseed kernels roasted,754,54.1,14.5,10.3,26.9,32.6,0.0,48.6,8.2,0.0,0.073,6.9,0.0,1.1,0.3,0.0,0.4,4.5,0.7,1.2,13.4,0.0,0.0,0.0,149.0,1.8,8.0,655.6,3.2,1192.0,2011.5,0.0,8.9,313.9,Other
rice bran,373,24.6,4.9,8.9,8.8,58.6,1.1,15.8,24.8,0.0,0.036,7.2,0.0,3.2,0.028,0.0,0.3,40.1,8.7,4.8,0.0,0.0,5.8,0.051,67.3,0.9,21.9,921.6,16.8,1978.9,1752.3,0.018,7.1,213.0,Grains & Cereals
chaptti roti indian bread,491,2.5,2.5,99.9,17.5,0.089,68.4,7.0,0.0,0.0,0.0,0.0,0.0,0.0,0.0,0.0,0.0,0.0,0.0,0.0,0.0,0.0,0.0,0.0,0.0,0.0,0.0,0.0,0.0,0.0,0.0,0.0,0.0,9.551,Bread & Bakery
quinoa cooked,222,3.6,0.4,1.0,2.0,39.4,1.6,8.1,5.2,0.0,0.026,132.5,0.0,0.2,0.084,0.0,0.2,0.8,0.0,0.2,0.0,0.0,1.2,0.0,31.5,0.4,2.8,118.4,1.2,281.2,318.2,0.058,2.0,90.6,Grains & Cereals
dar vida swiss original,116,3.1,0.3,17.8,2.8,0.5,0.0,0.0,0.0,0.0,0.0,0.0,0.0,0.0,0.0,0.0,0.0,0.0,0.0,0.0,0.0,0.0,0.0,0.0,0.0,0.0,0.0,0.0,0.0,0.0,0.0,0.0,0.0,3.6,Other
teff cooked,255,1.6,0.0,0.0,0.0,50.0,0.0,9.8,7.1,0.0,0.053,188.8,0.0,0.5,0.016,0.0,0.056,2.3,0.0,0.2,0.0,0.0,0.0,0.0,123.5,0.6,5.2,126.0,7.2,302.4,269.6,0.0,2.8,197.2,Grains & Cereals
couscous dry,650,1.1,0.2,0.2,0.4,134.0,0.0,22.1,8.7,0.0,0.031,14.8,0.0,0.3,0.059,0.0,0.1,6.0,2.2,0.2,0.0,0.0,0.0,0.0,41.5,0.4,1.9,76.1,1.3,294.1,287.2,0.0,1.4,209.3,Grains & Cereals
weetabix weetabix,2078,11.5,396.1,68.9,57.4,0.0,0.0,0.0,0.0,0.0,0.0,0.0,0.0,0.0,0.0,0.0,0.0,0.0,0.0,0.0,0.0,0.0,0.0,0.0,0.0,0.0,0.0,0.0,0.0,0.0,0.0,0.0,0.0,11.5,Other
oat bran cooked,88,1.9,0.4,0.6,0.7,25.1,0.0,7.0,5.7,0.0,0.082,184.0,0.0,0.4,0.022,0.0,0.017,0.3,0.5,0.073,0.0,0.0,0.0,0.0,21.9,0.1,1.9,87.6,2.1,260.6,201.5,0.023,1.2,63.5,Other
buckwheat cooked,155,1.0,0.2,0.3,0.3,33.5,1.5,5.7,4.5,0.0,0.053,127.1,0.0,0.079,0.066,0.0,0.087,1.6,0.6,0.1,0.0,0.0,0.2,0.031,11.8,0.2,1.3,85.7,0.7,117.6,147.8,0.044,1.0,57.8,Other
millet puffed,74,0.7,0.1,0.2,0.4,16.8,0.1,2.7,0.6,0.0,0.076,0.5,0.0,0.072,0.044,0.0,0.099,0.9,0.0,0.08,0.0,0.0,0.1,0.029,1.7,0.1,0.6,22.3,0.0,55.9,8.4,0.084,0.3,23.1,Grains & Cereals
popcorn oil popped,64,4.8,0.8,1.1,2.6,5.0,0.027,0.8,0.9,0.0,0.018,0.1,0.0,0.074,0.052,0.0,0.099,0.1,0.1,0.067,0.086,0.0,0.3,0.08,0.4,0.062,0.2,8.7,0.051,21.9,20.0,0.03,0.3,12.109,Snacks
kamut cooked,251,1.6,0.0,0.0,0.0,52.4,0.0,11.1,6.7,0.0,0.038,105.6,0.0,0.2,0.017,0.0,0.06,4.7,0.0,0.1,0.0,0.0,0.0,0.0,17.2,0.4,3.5,96.3,2.1,304.4,347.4,0.058,3.0,92.5,Other
wheat bran,125,2.5,0.4,0.4,1.3,37.4,0.2,9.0,24.8,0.0,0.015,5.7,0.0,0.3,0.005,0.0,0.3,7.9,1.3,0.8,0.0,0.0,0.9,0.01,42.3,0.6,6.1,354.4,6.7,587.5,685.6,0.066,4.2,122.1,Grains & Cereals
cheese popcorn,58,3.7,0.7,1.1,1.7,5.7,0.0,1.0,1.1,1.2,0.002,0.3,0.09,0.009,0.06,0.076,0.017,0.2,0.089,0.015,0.074,0.0,0.0,0.0,12.4,0.044,0.2,10.0,0.097,39.7,28.7,0.096,0.2,24.284,Dairy & Cheese
raisin bran crunch kelloggs,90,0.5,0.0,0.0,0.0,21.2,9.0,1.9,0.0,0.0,0.0,0.0,0.0,0.0,0.0,0.0,0.0,0.0,0.0,0.0,0.0,0.0,0.0,0.0,0.0,0.0,0.0,0.0,0.0,0.0,0.0,0.0,0.0,23.6,Other
couscous cooked,176,0.3,0.091,0.063,0.1,36.5,0.2,6.0,2.2,0.0,0.054,113.9,0.0,0.026,0.087,0.0,0.092,1.5,0.6,0.058,0.0,0.0,0.2,0.046,12.6,0.065,0.6,12.6,0.1,34.5,91.1,0.01,0.4,58.2,Grains & Cereals
multigrain cheerios general mills,4,0.005,0.0,0.08,0.095,1.0,0.2,0.038,0.1,0.072,0.0,0.0,0.0,0.0,0.0,0.0,0.0,0.0,0.0,0.0,0.0,0.0,0.0,0.0,0.0,0.0,0.0,0.0,0.0,0.0,0.0,0.0,0.0,1.248,Other
bulgur cooked,151,0.4,0.053,0.083,0.2,33.8,0.2,5.6,8.2,0.0,0.049,141.5,0.0,0.1,0.022,0.0,0.017,1.8,0.6,0.2,0.0,0.0,0.051,0.093,18.2,0.1,1.7,58.2,1.1,72.8,123.8,0.026,1.0,67.9,Grains & Cereals
popcorn air popped,31,0.4,0.011,0.014,0.2,6.2,0.086,1.0,1.2,0.0,0.016,0.3,0.0,0.031,0.099,0.0,0.092,0.2,0.097,0.057,0.0,0.0,0.097,0.071,0.6,0.02,0.3,11.5,0.092,28.6,26.3,0.0,0.2,9.7,Snacks
spelt cooked,246,1.6,0.0,0.0,0.0,51.3,0.0,10.7,7.6,0.0,0.041,129.1,0.0,0.2,0.066,0.0,0.087,5.0,0.0,0.2,0.0,0.0,0.5,0.0,19.4,0.4,3.2,95.1,2.1,291.0,277.4,0.042,2.4,93.8,Other
popcorn unpopped,106,1.2,0.2,0.3,0.7,20.9,0.3,3.1,3.6,0.0,0.001,3.0,0.0,0.087,0.001,0.0,0.051,0.5,0.1,0.054,0.0,0.0,0.026,0.0,1.4,0.042,0.9,34.8,0.3,84.6,77.5,0.0,0.8,31.1,Snacks
whole wheat cooked,150,1.0,0.1,0.1,0.5,33.2,0.2,4.8,3.9,0.0,0.6,202.3,0.0,0.2,0.085,0.0,0.1,2.2,0.4,0.2,0.0,0.0,0.6,0.056,16.9,0.2,1.5,53.2,1.4,167.0,171.8,0.025,1.2,61.3,Grains & Cereals
wheat sprouted,214,1.4,0.2,0.2,0.6,45.9,0.0,8.1,1.2,0.0,0.026,51.6,0.0,0.2,0.023,0.0,0.2,3.3,1.0,0.3,2.8,0.0,0.0,0.0,30.2,0.3,2.3,88.6,2.0,216.0,182.5,0.004,1.8,91.9,Grains & Cereals
whole wheat dry,96,0.6,0.031,0.095,0.3,21.1,0.1,3.1,2.7,0.0,0.036,2.8,0.0,0.1,0.053,0.0,0.087,1.4,0.3,0.1,0.0,0.0,0.4,0.092,11.2,0.1,0.9,34.2,0.9,106.1,108.9,0.031,0.7,39.6,Grains & Cereals
caramel popcorn,122,3.6,1.0,0.8,1.3,22.4,15.1,1.1,1.5,1.4,0.069,0.8,0.066,0.044,0.079,0.0,0.086,0.6,0.018,0.052,0.0,0.0,0.3,0.094,12.2,0.054,0.5,9.9,0.1,23.5,30.8,0.067,0.2,41.396,Snacks
wheat puffed,44,0.1,0.025,0.0,0.0,9.6,0.0,1.8,0.5,0.0,0.03,0.4,0.0,0.3,0.092,0.0,0.2,4.2,0.092,0.041,0.0,0.0,0.0,0.0,3.4,0.086,3.8,17.4,0.2,42.6,41.8,0.084,0.3,19.2,Grains & Cereals
roggenmischbrot sonnenblumenkerne aldi,82,3.1,9.9,2.5,0.0,0.0,0.0,0.0,0.0,0.0,0.0,0.0,0.0,0.0,0.0,0.0,0.0,0.0,0.0,0.0,0.0,0.0,0.0,0.0,0.0,0.0,0.0,0.0,0.0,0.0,0.0,0.0,0.0,3.1,Other
wheat germ,112,3.0,0.5,0.4,1.9,16.1,0.0,7.2,4.1,0.0,0.037,3.4,0.0,0.6,0.087,0.0,0.2,2.1,0.7,0.4,0.0,0.0,0.0,0.0,12.1,0.2,1.9,74.1,4.1,261.0,276.5,0.056,3.8,44.4,Grains & Cereals
microwave popcorn,465,26.3,12.7,9.2,3.6,49.8,0.3,7.3,8.7,0.0,0.6,0.8,0.7,0.072,0.073,0.034,0.0,0.073,1.4,0.2,0.3,0.0,0.0,2.5,0.052,20.0,0.2,1.8,95.7,0.7,239.3,341.9,0.004,93.352,Snacks
millet cooked,207,1.7,0.3,0.3,0.9,41.2,0.2,6.1,2.3,0.0,0.046,124.3,0.0,0.2,0.088,0.0,0.1,2.3,0.3,0.2,0.0,0.0,0.019,0.021,5.2,0.3,1.1,76.6,0.5,174.0,107.9,0.094,1.6,57.6,Grains & Cereals
wheat durum,651,4.7,0.9,0.7,1.9,136.6,0.0,26.3,0.0,0.0,0.032,21.0,0.0,0.8,0.054,0.0,0.2,12.9,1.8,0.8,0.0,0.0,0.0,0.0,65.3,1.1,6.8,276.5,5.8,975.4,827.5,0.2,8.0,239.7,Grains & Cereals
sorghum,651,6.3,0.9,1.9,2.6,143.3,0.0,21.7,12.1,0.0,0.045,17.7,0.0,0.5,0.0,0.0,0.3,5.6,0.0,0.0,0.0,0.0,0.0,0.0,53.8,0.0,8.4,0.0,0.0,551.0,672.0,0.0,0.0,245.6,Other
white wheat,657,3.3,0.5,0.4,1.4,145.7,0.8,21.7,23.4,0.0,0.094,18.4,0.0,0.7,0.058,0.0,0.2,8.4,1.8,0.7,0.0,0.0,1.9,0.089,61.4,0.7,8.8,178.6,7.3,681.6,829.4,0.0,6.4,264.3,Grains & Cereals
rye,571,2.8,0.3,0.4,1.3,128.2,1.7,17.5,25.5,0.0,0.078,17.9,0.0,0.5,0.036,0.0,0.4,7.2,2.5,0.5,0.0,0.0,1.4,0.092,40.6,0.6,4.4,185.9,4.4,561.1,861.9,0.032,4.5,219.0,Grains & Cereals
honey cereali general mills,104,2.0,21.2,3.0,188.0,3.0,0.0,0.0,0.0,0.0,0.0,0.0,0.0,0.0,0.0,0.0,0.0,0.0,0.0,0.0,0.0,0.0,0.0,0.0,0.0,0.0,0.0,0.0,0.0,0.0,0.0,0.0,0.0,5.0,Other
barley cooked,193,0.7,0.1,0.039,0.3,44.3,0.4,3.5,6.0,0.0,0.064,108.0,0.0,0.1,0.008,0.0,0.037,3.2,0.2,0.2,0.0,0.0,0.098,0.057,17.3,0.2,2.1,34.5,0.4,84.8,146.0,0.073,1.3,73.9,Grains & Cereals
oats,39,0.7,0.1,0.2,0.3,6.6,0.0,1.7,1.1,0.0,0.074,0.8,0.0,0.01,0.085,0.0,0.026,0.016,0.1,0.032,0.0,0.0,0.0,0.0,5.4,0.006,0.5,17.7,0.5,52.3,42.9,0.0,0.4,16.0,Grains & Cereals
semolina,601,1.8,0.3,0.2,0.7,121.6,0.0,21.2,6.5,0.0,0.097,21.2,0.0,1.4,0.3,0.0,1.0,10.0,1.0,0.2,0.0,0.0,0.4,0.0,28.4,0.3,7.3,78.5,1.0,227.1,310.6,0.1,1.8,186.8,Other
quinoa dry,221,3.6,0.4,1.0,2.0,38.5,0.0,8.5,4.2,0.0,0.026,8.0,0.0,0.2,0.1,0.0,0.2,0.9,0.5,0.3,0.0,0.0,1.5,0.0,28.2,0.4,2.7,118.2,1.2,274.2,337.8,0.056,1.9,85.7,Grains & Cereals
wheat shredded,155,1.0,0.2,0.2,0.6,36.2,0.4,5.2,5.5,0.0,0.086,2.8,0.0,0.1,0.002,0.0,0.01,2.4,0.1,0.5,4.6,0.0,0.0,0.041,23.0,0.2,1.4,61.2,1.2,170.2,173.0,0.06,1.4,76.9,Grains & Cereals
cattail,5,0.0,0.0,0.0,0.0,1.0,0.074,0.2,0.9,0.0,0.031,17.6,0.0,0.075,0.005,0.0,0.054,0.082,0.089,0.012,0.1,0.0,0.0,0.021,10.3,0.03,0.2,12.0,0.1,8.6,58.7,0.091,0.064,12.7,Other
peanut granola bar,116,5.7,0.8,1.7,2.9,15.0,8.2,2.4,0.7,0.0,0.006,0.6,0.062,0.006,0.01,0.0,0.008,0.5,0.1,0.023,0.012,0.0,1.3,0.095,9.8,0.02,0.6,13.2,0.3,33.4,69.8,0.061,0.3,34.218,Nuts & Seeds
vanilla bluberry bar kind,49,1.4,8.4,2.5,0.7,0.9,0.096,0.0,0.0,0.0,0.0,0.0,0.0,0.0,0.0,0.0,0.0,0.0,0.0,0.0,0.0,0.0,0.0,0.0,0.0,0.0,0.0,0.0,0.0,0.0,0.0,0.0,0.0,2.3,Other
coconut granola bar,150,9.1,6.4,1.4,0.9,15.6,9.7,1.5,1.8,0.0,0.006,1.7,0.0,0.041,0.008,0.053,0.064,0.1,0.0,0.056,0.1,0.0,0.019,0.072,11.9,0.045,0.5,15.8,0.0,43.6,71.9,0.053,0.3,40.5,Grains & Cereals
almond granola bar,119,6.1,3.0,1.9,0.9,14.9,0.0,1.8,1.2,0.0,0.067,0.7,0.0,0.031,0.009,0.0,0.0,0.1,0.1,0.077,0.0,0.0,0.0,0.0,7.7,0.017,0.6,19.4,0.3,54.7,65.5,0.06,0.4,32.3,Nuts & Seeds
chocolate chip granola bar,105,3.9,2.7,0.6,0.3,17.3,0.0,1.8,1.1,0.0,0.062,0.6,0.0,0.076,0.014,0.0,0.071,0.1,0.1,0.057,0.1,0.0,0.0,0.0,18.5,0.008,0.7,17.3,0.4,49.0,60.2,0.018,0.5,43.38,Desserts & Sweets
fruit granola bar,82,0.2,0.034,0.032,0.093,18.6,13.3,1.4,1.8,0.0,0.028,3.3,0.0,0.006,0.007,0.002,0.009,0.034,0.0,0.4,0.4,0.0,0.071,0.099,0.7,0.003,1.0,12.0,0.0,29.3,52.8,0.052,0.3,24.1,Grains & Cereals
granola bar,99,4.2,0.5,0.9,2.5,13.5,6.0,2.1,1.1,0.0,0.084,0.8,0.0,0.059,0.011,0.0,0.061,0.3,0.2,0.003,0.2,0.0,0.4,0.022,12.8,0.081,0.6,20.4,0.4,58.2,70.6,0.027,0.4,34.5,Grains & Cereals
peanut bar,209,13.5,1.9,6.7,4.3,19.0,16.9,6.2,1.6,0.0,0.059,0.6,0.0,0.051,0.042,0.0,0.093,3.2,0.3,0.089,0.0,0.0,1.6,0.0,31.2,0.3,0.4,44.0,0.5,123.2,162.8,0.043,1.6,71.9,Nuts & Seeds
milk cereal bar,103,2.7,2.3,0.3,0.01,18.0,11.5,1.6,0.1,1.5,0.087,2.2,0.085,0.2,0.094,0.046,0.2,2.0,0.1,0.2,3.9,0.027,0.1,0.002,102.5,0.028,1.5,5.3,0.055,38.8,63.5,0.041,0.2,130.334,Dairy & Cheese
almond rice bar,128,5.7,1.1,2.1,2.2,18.1,0.0,2.0,1.0,0.0,0.0,1.9,0.0,0.4,0.0,0.0,0.4,4.9,0.2,0.5,3.2,0.0,0.0,0.0,20.7,0.057,1.8,19.9,0.4,46.8,64.1,0.0,1.5,52.5,Nuts & Seeds
fruit nut squares,55,1.3,0.1,0.2,1.0,10.3,6.4,0.3,0.3,0.0,0.086,1.9,0.0,0.033,0.021,0.0,0.014,0.008,0.099,0.049,0.065,0.0,0.004,0.068,2.4,0.054,0.1,3.5,0.052,7.6,11.5,0.068,0.034,14.762,Other
rice wheat cereal bar,90,2.0,0.0,1.4,0.5,16.0,7.0,2.0,0.4,0.0,0.1,1.7,0.0,0.2,0.013,0.0,0.2,2.0,0.018,0.2,0.0,0.0,0.6,0.058,6.8,0.01,0.6,10.1,0.3,29.9,31.5,0.097,0.4,27.8,Grains & Cereals
crisped rice bar,113,3.8,1.5,1.1,1.0,20.4,0.0,1.4,0.6,0.0,0.01,2.0,0.0,0.1,0.019,0.0,0.2,2.0,0.0,0.2,0.0,0.0,0.0,0.0,5.9,0.045,1.8,13.4,0.3,37.5,47.0,0.02,0.2,33.9,Grains & Cereals
rice pilaf cooked,352,8.8,1.8,3.7,3.0,61.1,0.6,7.0,1.4,0.0,1.0,158.2,0.055,0.4,0.0,0.0,0.012,4.4,0.6,0.3,0.0,0.0,0.6,0.0,69.0,0.1,2.0,26.2,0.7,114.2,164.2,0.049,0.9,149.399,Grains & Cereals
wild rice cooked,166,0.6,0.078,0.03,0.3,35.0,1.2,6.5,3.0,0.0,0.008,121.2,0.0,0.044,0.051,0.0,0.1,2.1,0.3,0.2,0.0,0.0,0.4,0.047,4.9,0.2,1.0,52.5,0.5,134.5,165.6,0.016,2.2,51.0,Grains & Cereals
congee with pork shrimp and squid plus egg,178,0.3,39.3,2.8,0.0,0.0,0.0,0.0,0.0,0.0,0.0,0.0,0.0,0.0,0.0,0.0,0.0,0.0,0.0,0.0,0.0,0.0,0.0,0.0,0.0,0.0,0.0,0.0,0.0,0.0,0.0,0.0,0.0,0.3,Seafood
white rice pasta cooked,246,5.7,1.1,2.3,1.9,43.3,0.0,5.1,5.1,2.0,1.1,144.9,0.0,0.2,0.074,0.0,0.2,3.6,0.6,0.2,0.4,0.0,0.0,0.0,16.2,0.048,1.9,24.2,0.4,74.7,84.8,0.0,0.6,77.7,Pasta & Noodles
rice crisps,107,0.4,0.065,0.017,0.09,24.1,2.3,1.8,0.2,0.0,0.2,1.1,0.2,0.6,0.0,0.0,0.7,7.3,0.006,0.8,12.9,0.0,0.003,0.0,1.4,0.08,2.9,6.7,0.3,26.9,30.2,0.096,0.3,43.9,Grains & Cereals
instant white rice cooked,193,0.8,0.088,0.1,0.032,41.4,0.0,3.6,1.0,0.0,0.001,118.8,0.0,0.1,0.1,0.0,0.059,2.9,0.075,0.059,0.0,0.0,0.008,0.0,13.2,0.088,2.9,8.3,0.6,61.1,14.9,0.006,0.8,62.9,Grains & Cereals
rice cracker cake,111,1.2,0.2,0.4,0.4,23.0,0.2,2.0,1.2,0.0,0.097,1.6,0.0,0.011,0.092,0.0,0.049,2.2,0.0,0.057,0.0,0.0,0.4,0.063,3.1,0.1,0.4,37.1,0.0,101.9,121.1,0.06,0.8,30.9,Snacks
parboiled white rice cooked,194,0.6,0.1,0.1,0.1,41.2,0.2,4.6,1.4,0.0,0.088,111.2,0.0,0.3,0.1,0.0,0.098,3.6,0.5,0.2,0.0,0.0,0.074,0.0,30.0,0.1,2.9,14.2,0.6,86.9,88.5,0.055,0.6,80.7,Grains & Cereals
white rice steamed,199,0.4,0.0,0.0,0.0,44.7,0.0,4.2,1.2,0.0,0.009,82.5,0.0,0.031,0.01,0.0,0.012,0.7,0.0,0.006,0.0,0.0,0.0,0.0,6.6,0.027,0.5,6.6,0.6,43.6,26.4,0.0,0.9,57.6,Grains & Cereals
brown rice cake,35,0.3,0.062,0.083,0.005,7.3,0.047,0.7,0.4,0.0,0.024,0.5,0.0,0.013,0.025,0.0,0.079,0.7,0.012,0.071,0.0,0.0,0.1,0.096,1.0,0.08,0.1,11.8,0.3,32.4,26.1,0.099,0.3,9.8,Desserts & Sweets
glutinous white rice cooked,169,0.3,0.056,0.1,0.1,36.7,0.078,3.5,1.7,0.0,0.027,133.3,0.0,0.01,0.012,0.0,0.025,0.5,0.4,0.033,0.0,0.0,0.031,0.0,3.5,0.017,0.2,8.7,0.5,13.9,17.4,0.072,0.7,45.9,Grains & Cereals
brown rice cooked,218,1.6,0.3,0.6,0.6,45.8,0.7,4.5,3.5,0.0,0.086,142.3,0.0,0.2,0.007,0.0,0.016,2.6,0.6,0.3,0.0,0.0,0.074,0.071,19.5,0.2,1.0,85.8,1.8,150.2,154.1,0.093,1.2,75.9,Grains & Cereals
beef flavored rice cooked,319,7.9,2.1,3.5,2.9,54.4,0.0,7.0,1.5,0.0,0.9,175.2,0.0,0.4,0.0,0.0,0.04,3.3,0.4,0.022,0.0,0.0,0.7,0.0,24.7,0.1,2.2,24.7,0.6,81.5,118.6,0.063,1.0,97.7,Red Meat
white rice cooked,205,0.4,0.1,0.1,0.1,44.5,0.015,4.3,0.6,0.0,0.077,108.1,0.0,0.3,0.073,0.0,0.009,2.3,0.6,0.1,0.0,0.0,0.031,0.0,15.8,0.1,1.9,19.0,0.7,67.9,55.3,0.059,0.8,67.5,Grains & Cereals
chicken flavored rice cooked,317,8.0,1.7,3.3,2.7,54.8,1.5,6.2,1.6,0.0,0.9,161.5,0.068,0.3,0.0,0.0,0.018,3.3,0.4,0.1,0.0,0.0,0.6,0.0,16.3,0.1,2.2,23.3,0.7,83.9,135.1,0.088,1.1,89.138,Poultry
cheese imitation,441,36.2,6.6,16.0,12.0,1.1,1.1,28.3,0.0,17.0,0.8,42.9,0.1,0.053,0.098,0.034,0.4,0.093,0.0,0.034,0.0,0.0,0.3,0.037,796.7,0.05,0.8,33.9,0.0,598.9,62.2,0.063,3.4,863.2,Dairy & Cheese
cheshire cheese,110,8.7,5.5,2.5,0.2,1.4,0.0,6.6,0.0,29.1,0.2,10.7,0.004,0.082,0.074,0.071,0.099,0.071,0.1,0.075,0.0,0.0,0.0,0.0,182.0,0.035,0.005,5.9,0.02,131.3,26.9,0.006,0.8,198.767,Dairy & Cheese
monterey cheese,421,34.2,21.5,9.9,1.0,0.8,0.6,27.7,0.0,100.6,0.7,46.3,0.2,0.068,0.002,0.022,0.4,0.1,0.2,0.072,0.0,0.089,0.3,0.036,843.0,0.019,0.8,30.5,0.061,501.7,91.5,0.021,3.4,906.7,Dairy & Cheese
edam cheese,107,8.3,5.6,2.4,0.2,0.4,0.0,7.5,0.0,26.7,0.3,12.5,0.03,0.08,0.048,0.086,0.1,0.004,0.029,0.014,0.0,0.055,0.03,0.084,219.3,0.072,0.1,9.0,0.08,160.8,56.4,0.028,1.1,235.628,Dairy & Cheese
fontina cheese,420,33.6,20.7,9.4,1.8,1.7,1.7,27.6,0.0,125.3,0.9,41.0,0.3,0.018,0.1,0.044,0.2,0.2,0.5,0.072,0.0,0.044,0.3,0.021,594.0,0.087,0.2,15.1,0.03,373.7,69.1,0.052,3.8,657.4,Dairy & Cheese
monterey cheese low fat,350,24.4,15.9,6.4,0.9,0.8,0.6,31.9,0.0,73.5,0.6,52.0,0.2,0.04,0.049,0.007,0.4,0.1,0.0,0.077,0.0,0.002,0.2,0.074,796.7,0.089,0.8,30.5,0.0,501.7,91.5,0.03,3.4,854.8,Dairy & Cheese
colby cheese,445,36.3,22.8,10.5,1.1,2.9,0.6,26.8,0.0,107.4,0.7,43.2,0.3,0.029,0.071,0.089,0.4,0.1,0.2,0.084,0.0,0.053,0.3,0.073,774.1,0.047,0.9,29.4,0.01,516.4,143.5,0.023,3.5,841.3,Dairy & Cheese
american cheese,93,7.9,4.5,2.1,0.3,0.9,0.6,4.5,0.0,25.0,0.4,9.9,0.036,0.064,0.069,0.012,0.068,0.023,0.1,0.06,0.0,0.007,0.2,0.093,261.3,0.034,0.2,6.5,0.086,160.3,33.0,0.014,0.6,274.886,Dairy & Cheese
blue cheese,106,8.6,5.6,2.3,0.2,0.7,0.2,6.4,0.0,22.5,0.3,12.7,0.018,0.008,0.03,0.011,0.1,0.3,0.5,0.015,0.0,0.087,0.09,0.047,158.4,0.004,0.063,6.9,0.054,116.1,76.8,0.035,0.8,174.154,Dairy & Cheese
nectarine,66,0.5,0.066,0.1,0.2,15.8,11.8,1.6,2.6,0.0,0.0,131.4,0.0,0.0,0.026,0.037,0.0,0.032,1.7,0.3,0.007,8.1,0.0,1.2,0.081,9.0,0.1,0.4,13.5,0.002,39.0,301.5,0.0,20.735,Fruits
kiwifruit gold,51,0.2,0.008,0.099,0.051,12.8,10.0,0.8,1.1,0.0,0.046,66.8,0.091,0.0,0.051,0.058,0.07,0.2,0.4,0.067,130.7,0.0,1.1,0.074,13.8,0.1,0.2,9.7,0.072,20.3,255.2,0.003,0.077,159.686,Fruits
pineapple,45,0.1,0.074,0.001,0.087,11.8,8.9,0.5,1.3,0.0,0.099,77.4,0.0,0.0,0.085,0.033,0.0,0.014,0.5,0.2,0.1,43.0,0.0,0.078,0.061,11.7,0.091,0.3,10.8,0.8,7.2,98.1,0.061,13.97,Fruits
rowan,253,4.6,0.6,0.0,0.0,54.5,32.1,5.2,14.1,0.0,0.083,162.8,0.0,0.0,0.0,0.0,0.0,0.0,0.0,0.0,58.8,0.0,0.0,0.0,34.2,2.4,5.0,73.0,0.4,118.6,298.7,0.0,1.0,176.4,Other
muscadine grapes,3,0.056,0.0,0.0,0.0,0.8,0.0,0.014,0.2,0.0,0.024,5.1,0.0,0.0,0.046,0.0,0.0,0.0,0.0,0.0,0.0,0.0,0.0,0.0,2.2,0.023,0.014,0.8,0.1,1.4,12.2,0.0,0.027,3.38,Fruits
heidelbeeren jutro,17,0.2,0.039,2.5,2.4,0.4,0.0,0.0,0.0,0.0,0.0,0.0,0.0,0.0,0.0,0.0,0.0,0.0,0.0,0.0,0.0,0.0,0.0,0.0,0.0,0.0,0.0,0.0,0.0,0.0,0.0,0.0,0.0,0.6,Other
prunes stewed,316,0.7,0.085,0.5,0.1,83.2,0.0,3.4,0.0,0.0,0.039,190.4,0.0,0.1,0.0,0.0,0.011,2.8,0.3,0.5,0.0,0.0,0.0,0.0,67.2,0.6,3.3,58.8,0.3,103.6,988.4,0.0,0.7,157.8,Other
tangerine,40,0.2,0.07,0.097,0.05,10.1,8.0,0.6,1.4,0.0,0.056,64.7,0.0,0.068,0.05,0.0,0.024,0.3,0.2,0.096,20.3,0.0,0.2,0.0,28.1,0.001,0.1,9.1,0.057,15.2,126.2,0.008,0.078,60.8,Other
prunes,237,0.5,0.057,0.3,0.1,62.3,0.0,2.6,0.0,0.0,0.076,2.8,0.0,0.093,0.042,0.0,0.1,2.1,0.3,0.5,0.0,0.0,0.0,0.0,50.4,0.4,2.5,44.8,0.2,78.4,740.6,0.0,0.5,118.3,Other
lemon peel,1,0.002,0.057,0.024,0.095,0.3,0.054,0.032,0.2,0.0,0.028,1.6,0.0,0.007,0.025,0.0,0.018,0.046,0.055,0.011,2.6,0.0,0.061,0.0,2.7,0.015,0.032,0.3,0.0,0.2,3.2,0.048,0.036,5.934,Fruits
banana,134,0.5,0.2,0.096,0.1,34.3,18.3,1.6,3.9,0.0,0.055,112.4,0.0,0.0,0.085,0.045,0.0,0.1,1.0,0.5,0.6,13.1,0.0,0.2,0.035,7.5,0.1,0.4,40.5,0.4,33.0,537.0,0.049,41.084,Fruits
raspberries,5,0.034,0.005,0.063,0.098,1.2,0.4,0.1,0.7,0.0,0.054,8.6,0.0,0.0,0.067,0.064,0.0,0.074,0.097,0.087,0.068,2.6,0.0,0.025,0.031,2.5,0.034,0.015,2.2,0.017,2.9,15.1,0.028,2.207,Fruits
apricot,17,0.1,0.03,0.099,0.028,3.9,3.2,0.5,0.7,0.0,0.02,30.2,0.0,0.0,0.017,0.038,0.0,0.012,0.2,0.09,0.026,3.5,0.0,0.3,0.039,4.6,0.012,0.1,3.5,0.056,8.1,90.7,0.031,5.334,Fruits
kiwifruit green,42,0.4,0.095,0.084,0.2,10.1,6.2,0.8,2.1,0.0,0.096,57.3,0.0,0.0,0.067,0.089,0.0,0.066,0.2,0.1,0.086,64.0,0.0,1.0,0.091,23.5,0.002,0.2,11.7,0.064,23.5,215.3,0.034,13.588,Fruits
figs,37,0.2,0.068,0.008,0.078,9.6,8.1,0.4,1.5,0.0,0.049,39.6,0.0,0.043,0.046,0.0,0.03,0.2,0.2,0.083,1.0,0.0,0.001,0.027,17.5,0.079,0.2,8.5,0.024,7.0,116.0,0.083,0.06,30.4,Other
clementine,35,0.1,0.0,0.0,0.0,8.9,6.8,0.6,1.3,0.0,0.044,64.1,0.0,0.0,0.052,0.063,0.0,0.06,0.5,0.1,0.018,36.1,0.0,0.1,0.0,22.2,0.093,0.1,7.4,0.035,15.5,131.0,0.0,10.954,Other
orange,86,0.2,0.008,0.099,0.005,21.6,17.2,1.7,4.4,0.0,0.0,159.6,0.0,0.0,0.2,0.08,0.0,0.089,0.5,0.5,0.1,97.9,0.0,0.3,0.0,73.6,0.094,0.2,18.4,0.057,25.8,333.0,0.035,28.073,Fruits
bartlett pear,112,0.3,0.0,0.0,0.0,26.6,17.2,0.7,5.5,0.0,0.047,148.9,0.0,0.051,0.023,0.0,0.018,0.3,0.04,0.01,7.8,0.0,0.2,0.028,15.9,0.1,0.3,10.6,0.091,19.5,178.8,0.044,0.1,57.1,Fruits
red white currants,63,0.2,0.043,0.091,0.089,15.5,8.3,1.6,4.8,0.0,0.056,94.0,0.0,0.03,0.016,0.0,0.059,0.1,0.06,0.062,45.9,0.0,0.1,0.093,37.0,0.1,1.1,14.6,0.2,49.3,308.0,0.079,0.3,106.1,Other
blueberries,84,0.5,0.047,0.043,0.2,21.4,14.7,1.1,3.6,0.0,0.015,124.6,0.0,0.0,0.086,0.074,0.0,0.016,0.6,0.2,0.058,14.4,0.0,0.8,0.041,8.9,0.063,0.4,8.9,0.5,17.8,114.0,0.027,26.767,Fruits
mulberries,6,0.049,0.004,0.016,0.065,1.5,1.2,0.2,0.3,0.0,0.021,13.2,0.0,0.0,0.005,0.092,0.0,0.075,0.013,0.0,0.025,5.5,0.0,0.1,0.074,5.9,0.041,0.3,2.7,0.0,5.7,29.1,0.083,2.163,Fruits
java plum,2,0.029,0.0,0.0,0.0,0.5,0.0,0.034,0.0,0.0,0.063,2.5,0.0,0.051,0.0,0.0,0.058,0.042,0.0,0.075,0.4,0.0,0.0,0.0,0.6,0.0,0.054,0.5,0.0,0.5,2.4,0.0,0.0,1.624,Fruits
prune puree,46,0.02,0.038,0.0,0.0,11.7,7.0,0.4,0.6,0.0,0.036,5.4,0.0,0.0,0.053,0.0,0.0,0.0,0.5,0.057,0.0,0.8,0.0,0.0,0.0,5.6,0.0,0.5,0.0,0.0,13.0,153.4,0.0,12.709,Other
applesauce,102,0.2,0.028,0.036,0.09,27.5,22.9,0.4,2.7,0.0,0.031,215.3,0.0,0.0,0.07,0.029,0.0,0.085,0.2,0.1,0.08,2.4,0.0,0.4,0.043,9.8,0.014,0.6,7.3,0.074,12.2,180.6,0.007,30.923,Other
plum,30,0.2,0.062,0.003,0.022,7.5,6.5,0.5,0.9,0.0,0.0,57.6,0.0,0.0,0.077,0.036,0.0,0.021,0.3,0.033,0.038,6.3,0.0,0.2,0.047,4.0,0.056,0.1,4.6,0.016,10.6,103.6,0.0,9.21,Fruits
american grapes,2,0.087,0.029,0.082,0.074,0.4,0.4,0.035,0.09,0.0,0.056,2.0,0.0,0.06,0.049,0.0,0.025,0.045,0.05,0.061,0.032,0.0,0.027,0.052,0.3,0.094,0.099,0.1,0.1,0.2,4.6,0.03,0.091,0.93,Fruits
peach,59,0.4,0.034,0.1,0.1,14.3,12.6,1.4,2.3,0.0,0.0,133.3,0.0,0.0,0.035,0.004,0.0,0.06,1.2,0.2,0.075,9.9,0.0,1.1,0.042,9.0,0.1,0.4,13.5,0.03,30.0,285.0,0.069,18.643,Fruits
honeydew melon,64,0.2,0.055,0.049,0.1,16.1,14.4,1.0,1.4,0.0,0.062,159.0,0.0,0.092,0.052,0.0,0.066,0.7,0.3,0.2,31.9,0.0,0.043,0.083,10.6,0.007,0.3,17.7,0.003,19.5,403.6,0.099,0.2,61.5,Fruits
yellow plantain fried,399,12.7,3.1,3.9,3.8,68.9,36.8,2.4,5.4,0.0,0.079,82.9,0.0,0.1,0.0,0.0,0.061,1.4,1.0,0.5,0.0,0.0,1.9,0.05,10.1,0.2,1.0,76.1,0.5,72.7,856.8,0.077,0.4,100.5,Other
rose hips,206,0.4,0.0,0.0,0.0,48.5,3.3,2.0,30.6,0.0,0.035,74.5,0.0,0.048,0.085,0.0,0.2,1.7,1.0,0.078,541.0,0.0,7.4,0.05,214.6,0.1,1.3,87.6,1.3,77.5,544.8,0.0,0.3,838.4,Other
lemons,17,0.2,0.063,0.046,0.031,5.4,1.5,0.6,1.6,0.0,0.045,51.6,0.0,0.085,0.023,0.0,0.066,0.056,0.1,0.085,30.7,0.0,0.075,0.0,15.1,0.09,0.3,4.6,0.036,9.3,80.0,0.044,0.065,53.9,Other
lime,20,0.1,0.087,0.002,0.095,7.1,1.1,0.5,1.9,0.0,0.082,59.1,0.0,0.067,0.07,0.0,0.034,0.1,0.1,0.055,19.5,0.0,0.1,0.085,22.1,0.052,0.4,4.0,0.013,12.1,68.3,0.076,0.011,51.6,Fruits
pomegranate,117,1.6,0.2,0.1,0.1,26.4,19.3,2.4,5.6,0.0,0.042,109.9,0.0,0.0,0.008,0.059,0.0,0.004,0.4,0.5,0.1,14.4,0.0,0.8,0.066,14.1,0.2,0.4,16.9,0.2,50.8,332.8,0.09,36.33,Fruits
gooseberries,66,0.9,0.001,0.06,0.5,15.3,0.0,1.3,6.5,0.0,0.074,131.8,0.0,0.0,0.068,0.084,0.0,0.007,0.5,0.4,0.1,41.6,0.0,0.6,0.0,37.5,0.1,0.5,15.0,0.2,40.5,297.0,0.097,24.2,Fruits
asian pear,51,0.3,0.009,0.091,0.091,13.0,8.6,0.6,4.4,0.0,0.0,107.7,0.0,0.1,0.071,0.0,0.073,0.3,0.05,0.079,4.6,0.0,0.1,0.059,4.9,0.067,0.0,9.8,0.01,13.4,147.6,0.015,0.041,27.8,Fruits
abiyuch,157,0.2,0.065,0.0,0.0,40.1,19.5,3.4,12.1,0.0,0.093,182.2,0.0,0.0,0.0,0.0,0.0,0.0,0.0,0.0,123.3,0.0,0.0,0.0,18.2,0.1,3.7,54.7,0.4,107.2,693.1,0.0,0.7,201.0,Other
horned melon kiwano,92,2.6,0.0,0.0,0.0,15.8,0.0,3.7,0.0,0.0,0.095,185.9,0.0,0.042,0.04,0.0,0.016,1.2,0.4,0.1,11.1,0.0,0.0,0.0,27.2,0.043,2.4,83.6,0.043,77.3,257.1,0.0,1.0,62.8,Fruits
fruit walnut salad mcdonalds,312,13.3,1.8,2.1,8.5,43.8,32.9,4.8,0.0,5.3,0.017,200.5,0.0,0.1,0.061,0.041,0.1,0.3,0.4,0.3,383.6,0.0,0.0,0.0,171.6,0.3,0.9,34.3,0.0,129.4,0.0,0.0,0.7,618.0,Fast Food
grapefruit,53,0.2,0.092,0.048,0.006,13.3,8.6,1.0,2.0,0.0,0.0,110.1,0.0,0.0,0.051,0.01,0.0,0.032,0.3,0.3,0.027,39.0,0.0,0.2,0.0,27.5,0.087,0.1,11.3,0.067,22.5,168.8,0.032,16.592,Fruits
japanese persimmon,118,0.3,0.089,0.077,0.086,31.2,21.1,1.0,6.0,0.0,0.067,134.9,0.0,0.0,0.063,0.018,0.0,0.027,0.2,0.0,0.2,12.6,0.0,1.2,0.066,13.4,0.2,0.3,15.1,0.6,28.6,270.5,0.024,38.927,Fruits
wild raspberries,81,0.4,0.0,0.0,0.0,18.0,7.2,1.5,9.8,0.0,0.09,109.8,0.0,0.091,0.023,0.0,0.1,1.3,0.4,0.1,34.3,0.0,0.7,0.071,46.8,0.1,0.8,33.8,0.5,53.3,227.5,0.0,0.6,111.6,Fruits
pink lady apple,18,0.1,0.0,0.0,0.0,3.9,0.0,0.1,0.0,0.0,0.0,0.0,0.0,0.0,0.0,0.0,0.0,0.0,0.0,0.0,0.0,0.0,0.0,0.0,0.0,0.0,0.0,0.0,0.0,0.0,0.0,0.0,0.0,4.1,Fruits
maraschino cherries,8,0.083,0.06,0.015,0.033,2.1,1.9,0.06,0.2,0.0,0.072,2.9,0.0,0.0,0.0,0.0,0.0,0.06,0.088,0.017,0.0,0.0,0.069,0.068,2.7,0.089,0.091,0.2,0.063,0.2,1.1,0.018,0.031,5.19,Fruits
black currants,71,0.5,0.019,0.081,0.2,17.2,0.0,1.6,0.0,0.0,0.075,91.8,0.0,0.01,0.0,0.0,0.096,0.3,0.4,0.016,202.7,0.0,1.1,0.0,61.6,0.015,1.7,26.9,0.3,66.1,360.6,0.0,0.3,285.3,Fruits
plantain cooked,179,0.3,0.1,0.02,0.052,48.0,21.6,1.2,3.5,0.0,0.079,103.6,0.0,0.064,0.005,0.0,0.036,1.2,0.4,0.4,16.8,0.0,0.2,0.024,3.1,0.1,0.9,49.3,0.0,43.1,716.1,0.087,0.2,73.8,Other
crab apple,84,0.3,0.064,0.022,0.018,21.9,0.0,0.4,0.0,0.0,0.03,86.8,0.0,0.055,0.0,0.0,0.077,0.1,0.0,0.0,8.8,0.0,0.0,0.0,19.8,0.069,0.4,7.7,0.1,16.5,213.4,0.0,0.0,51.6,Seafood
pom potes materne,19,0.2,0.2,4.8,3.8,0.2,0.068,0.0,0.0,0.0,0.0,0.0,0.0,0.0,0.0,0.0,0.0,0.0,0.0,0.0,0.0,0.0,0.0,0.0,0.0,0.0,0.0,0.0,0.0,0.0,0.0,0.0,0.0,0.4,Other
apple,95,0.3,0.043,0.002,0.094,25.1,18.9,0.5,4.4,0.0,0.062,155.7,0.0,0.0,0.094,0.03,0.0,0.084,0.2,0.1,0.03,8.4,0.0,0.3,0.044,10.9,0.086,0.2,9.1,0.01,20.0,194.7,0.0,30.438,Fruits
cantaloupe melon,60,0.3,0.071,0.079,0.1,14.4,13.9,1.5,1.6,0.0,0.087,159.6,0.0,0.0,0.051,0.013,0.0,0.098,1.3,0.2,0.1,65.0,0.0,0.015,0.028,15.9,0.018,0.4,21.2,0.064,26.6,472.6,0.082,17.939,Fruits
prickly pear cooked,7,0.043,0.0,0.0,0.0,1.6,0.0,0.091,0.0,0.0,0.0,5.7,0.0,0.035,0.0,0.0,0.027,0.095,0.0,0.093,0.5,0.0,0.0,0.0,0.0,0.0,0.0,0.0,0.0,0.0,0.0,0.0,0.0,2.226,Fruits
guava,37,0.5,0.1,0.054,0.2,7.9,4.9,1.4,3.0,0.0,0.056,44.4,0.0,0.0,0.052,0.007,0.0,0.049,0.6,0.2,0.069,125.6,0.0,0.4,0.019,9.9,0.1,0.1,12.1,0.02,22.0,229.4,0.078,12.956,Fruits
japanese persimmon dried,93,0.2,0.0,0.0,0.0,25.0,0.0,0.5,4.9,0.0,0.002,7.8,0.0,0.0,0.0,0.0,0.053,0.019,0.0,0.0,0.0,0.0,0.0,0.0,8.5,0.2,0.3,10.5,0.5,27.5,272.7,0.0,0.1,39.4,Fruits
watermelon,86,0.4,0.026,0.1,0.1,21.6,17.7,1.7,1.1,0.0,0.043,261.5,0.0,0.0,0.089,0.07,0.0,0.037,0.5,0.6,0.1,23.2,0.0,0.1,0.016,20.0,0.1,0.7,28.6,0.1,31.5,320.3,0.089,25.025,Fruits
elderberries,106,0.7,0.005,0.1,0.4,26.7,0.0,1.0,10.2,0.0,0.042,115.7,0.0,0.1,0.041,0.0,0.061,0.7,0.2,0.3,52.2,0.0,0.0,0.0,55.1,0.047,2.3,7.3,0.0,56.6,406.0,0.097,0.2,148.2,Fruits
kumquat,13,0.2,0.063,0.037,0.042,3.0,1.8,0.4,1.2,0.0,0.018,15.4,0.0,0.0,0.042,0.087,0.0,0.078,0.046,0.077,0.013,8.3,0.0,0.02,0.0,11.8,0.092,0.2,3.8,0.052,3.6,35.3,0.0,4.882,Fruits
orange peel,6,0.017,0.046,0.073,0.07,1.5,0.0,0.093,0.6,0.0,0.023,4.4,0.0,0.063,0.003,0.0,0.019,0.018,0.03,0.075,8.2,0.0,0.039,0.0,9.7,0.095,0.097,1.3,0.0,1.3,12.7,0.048,0.012,20.111,Fruits
pokeberry shoots cooked,33,0.7,0.0,0.0,0.0,5.1,2.6,3.8,2.5,0.0,0.4,153.3,0.0,0.1,0.005,0.0,0.4,1.8,0.074,0.2,135.3,0.0,1.4,0.2,87.5,0.2,2.0,23.1,0.6,54.5,303.6,0.02,0.3,236.9,Other
breadfruit,227,0.5,0.1,0.05,0.1,59.7,24.2,2.4,10.8,0.0,0.057,155.4,0.0,0.0,0.2,0.07,0.0,0.031,2.0,1.0,0.2,63.8,0.0,0.2,0.045,37.4,0.2,1.2,55.0,0.1,66.0,1078.0,0.008,73.872,Fruits
pear,101,0.2,0.019,0.1,0.2,27.1,17.4,0.6,5.5,0.0,0.07,149.4,0.0,0.063,0.005,0.0,0.072,0.3,0.035,0.079,7.7,0.0,0.2,0.022,16.0,0.1,0.3,12.5,0.082,21.4,206.5,0.051,0.2,57.4,Fruits
sour cherries,52,0.3,0.069,0.023,0.09,12.5,8.7,1.0,1.6,0.0,0.071,88.7,0.0,0.0,0.025,0.026,0.0,0.079,0.4,0.1,0.053,10.3,0.0,0.012,0.02,16.5,0.1,0.3,9.3,0.1,15.5,178.2,0.0,15.607,Fruits
blackberries frozen,97,0.6,0.017,0.006,0.4,23.7,16.1,1.8,7.6,0.0,0.007,124.1,0.0,0.07,0.001,0.0,0.068,1.8,0.2,0.0,4.7,0.0,1.8,0.1,43.8,0.2,1.2,33.2,1.8,45.3,211.4,0.027,0.4,83.4,Fruits
cherries,5,0.056,0.053,0.093,0.047,1.3,1.0,0.068,0.2,0.0,0.0,6.6,0.0,0.0,0.071,0.063,0.0,0.011,0.052,0.083,0.079,0.6,0.0,0.005,0.053,1.0,0.026,0.015,0.9,0.004,1.7,17.8,0.0,1.715,Fruits
plantain fried,16,0.6,0.2,0.2,0.1,2.6,0.2,0.023,0.2,0.0,0.065,1.9,0.0,0.084,0.059,0.0,0.099,0.025,0.081,0.023,0.2,0.0,0.0,0.0,0.2,0.028,0.039,3.1,0.096,2.3,25.5,0.0,0.044,3.85,Other
carambola starfruit,26,0.3,0.077,0.01,0.2,5.7,3.4,0.9,2.4,0.0,0.047,77.7,0.0,0.0,0.044,0.021,0.0,0.049,0.3,0.3,0.039,29.2,0.0,0.1,0.0,2.6,0.1,0.056,8.5,0.034,10.2,113.1,0.045,9.403,Fruits
chayote cooked,35,0.8,0.1,0.0,0.0,7.2,0.0,1.0,4.5,0.0,0.4,149.5,0.0,0.04,0.026,0.0,0.03,0.7,0.7,0.2,12.8,0.0,0.0,0.0,20.8,0.2,0.4,19.2,0.3,46.4,276.8,0.063,0.5,47.5,Other
apple dippers mcdonalds,33,0.0,0.0,0.0,0.0,8.2,6.3,0.0,0.0,0.0,0.0,59.5,0.088,0.0,0.0,0.0,0.0,0.0,0.0,0.0,188.4,0.0,0.001,0.0,42.2,0.0,0.021,0.0,0.0,0.0,0.0,0.0,0.0,238.864,Fast Food
white grapefruit,78,0.2,0.072,0.036,0.032,19.8,17.3,1.6,2.6,0.0,0.0,213.5,0.0,0.031,0.098,0.0,0.045,0.6,0.7,0.1,78.6,0.0,0.3,0.0,28.3,0.1,0.1,21.2,0.047,18.9,349.3,0.013,0.2,131.2,Fruits
cherimoya,176,1.6,0.5,0.1,0.4,41.6,30.2,3.7,7.1,0.0,0.061,186.6,0.0,0.0,0.2,0.034,0.0,0.3,1.5,0.8,0.6,29.6,0.0,0.6,0.0,23.5,0.2,0.6,40.0,0.2,61.1,674.5,0.0,54.8,Fruits
melon balls,57,0.4,0.1,0.032,0.2,13.7,0.0,1.5,1.2,0.0,0.022,156.1,0.0,0.3,0.081,0.0,0.084,1.1,0.3,0.2,10.7,0.0,0.0,0.0,17.3,0.1,0.5,24.2,0.08,20.8,484.4,0.0,0.3,45.3,Fruits
golden delicious apple,62,0.2,0.0,0.0,0.0,14.8,10.9,0.3,2.6,0.0,0.034,93.5,0.0,0.0,0.094,0.061,0.0,0.017,0.1,0.063,0.038,0.0,0.0,0.2,0.043,6.5,0.035,0.1,5.5,0.05,10.9,109.0,0.0,18.014,Fruits
cranberries,21,0.014,0.089,0.011,0.096,5.4,1.9,0.2,1.6,0.0,0.03,39.2,0.0,0.0,0.081,0.035,0.0,0.023,0.093,0.1,0.098,6.3,0.0,0.5,0.063,3.6,0.033,0.1,2.7,0.2,5.0,36.0,0.049,7.473,Fruits
quince,52,0.012,0.049,0.033,0.089,14.1,0.0,0.4,1.7,0.0,0.081,77.1,0.0,0.0,0.047,0.07,0.0,0.002,0.2,0.037,0.08,13.8,0.0,0.0,0.0,10.1,0.1,0.6,7.4,0.0,15.6,181.2,0.072,16.436,Fruits
orange with peel,100,0.5,0.036,0.003,0.048,24.6,0.0,2.1,7.2,0.0,0.028,130.9,0.0,0.2,0.019,0.0,0.042,0.8,0.5,0.1,112.9,0.0,0.0,0.0,111.3,0.016,1.3,22.3,0.0,35.0,311.6,0.039,0.2,259.9,Fruits
chokecherries,249,2.6,0.0,0.0,0.0,51.8,14.4,4.7,30.8,0.0,0.078,93.5,0.0,0.005,0.027,0.0,0.3,1.0,0.6,0.3,8.5,0.0,0.5,0.089,92.4,0.3,1.1,41.6,0.6,103.2,583.7,0.0,0.5,191.9,Fruits
mango,202,1.3,0.3,0.5,0.2,50.3,45.9,2.8,5.4,0.0,0.027,280.4,0.0,0.0,0.034,0.1,0.0,0.1,2.2,0.7,0.4,122.3,0.0,3.0,0.019,37.0,0.4,0.5,33.6,0.2,47.0,564.5,0.08,60.641,Fruits
wild plum,147,0.3,0.0,0.0,0.0,35.3,17.1,0.7,9.7,0.0,0.047,123.5,0.0,0.047,0.098,0.0,0.014,0.6,0.5,0.1,16.6,0.0,0.9,0.077,17.7,0.027,0.3,12.9,0.1,48.3,586.0,0.0,0.1,80.6,Fruits
jeijoa,148,1.0,0.3,0.1,0.3,37.0,19.9,1.7,15.6,0.0,0.041,202.4,0.0,0.001,0.071,0.0,0.015,0.7,0.6,0.2,79.9,0.0,0.4,0.041,41.3,0.006,0.3,21.9,0.2,46.2,418.0,0.0,0.1,176.8,Other
groundcherries,74,1.0,0.0,0.0,0.0,15.7,0.0,2.7,0.0,0.0,0.0,119.6,0.0,0.2,0.0,0.0,0.043,3.9,0.0,0.0,15.4,0.0,0.0,0.0,12.6,0.0,1.4,0.0,0.0,56.0,0.0,0.0,0.0,48.8,Other
pesca,30,0.1,6.1,0.8,0.0,0.0,0.0,0.0,0.0,0.0,0.0,0.0,0.0,0.0,0.0,0.0,0.0,0.0,0.0,0.0,0.0,0.0,0.0,0.0,0.0,0.0,0.0,0.0,0.0,0.0,0.0,0.0,0.0,0.1,Other
persimmon,32,0.1,0.0,0.0,0.0,8.4,0.0,0.2,0.0,0.0,0.024,16.1,0.0,0.0,0.0,0.0,0.0,0.0,0.0,0.0,16.5,0.0,0.0,0.0,6.8,0.0,0.6,0.0,0.0,6.5,77.5,0.0,0.0,32.6,Fruits
grapes,3,0.044,0.041,0.012,0.008,0.9,0.8,0.045,0.087,0.0,0.009,3.9,0.0,0.071,0.091,0.0,0.009,0.045,0.006,0.033,0.2,0.0,0.089,0.042,0.5,0.055,0.012,0.3,0.037,1.0,9.4,0.059,0.011,1.83,Fruits
rambutan canned,175,0.4,0.0,0.0,0.0,44.7,0.0,1.4,1.9,0.0,0.051,167.0,0.0,0.088,0.019,0.0,0.077,2.9,0.094,0.039,10.5,0.0,0.0,0.0,47.1,0.1,0.7,15.0,0.7,19.3,89.9,0.0,0.2,106.7,Other
figs canned,14,0.039,0.066,0.066,0.045,3.8,3.2,0.1,0.6,0.0,0.049,23.0,0.0,0.008,0.036,0.0,0.093,0.1,0.044,0.094,0.3,0.0,0.092,0.041,7.6,0.003,0.069,2.7,0.095,2.7,27.8,0.093,0.014,12.491,Other
prunes canned,246,0.5,0.072,0.3,0.1,65.1,0.0,2.0,8.9,0.0,0.044,165.4,0.0,0.044,0.0,0.0,0.3,2.0,0.2,0.5,6.6,0.0,0.0,0.0,39.8,0.3,1.0,35.1,0.2,60.8,528.8,0.0,0.4,123.9,Other
pineapples canned,28,0.05,0.079,0.039,0.078,7.4,6.8,0.2,0.4,0.0,0.06,39.2,0.0,0.066,0.041,0.0,0.03,0.1,0.087,0.068,4.5,0.0,0.048,0.016,6.6,0.026,0.1,6.6,0.5,2.8,57.3,0.047,0.092,19.255,Other
prune plums canned,27,0.075,0.006,0.035,0.096,7.0,6.5,0.2,0.4,0.0,0.055,38.6,0.0,0.082,0.034,0.0,0.068,0.2,0.01,0.056,1.3,0.0,0.065,0.093,4.6,0.06,0.2,3.7,0.025,6.9,70.8,0.0,0.06,13.728,Other
tangerines canned,92,0.1,0.087,0.086,0.04,23.8,22.1,1.5,1.7,0.0,0.022,222.9,0.0,0.2,0.053,0.0,0.038,1.1,0.3,0.1,85.2,0.0,0.2,0.0,27.4,0.085,0.7,27.4,0.044,24.9,331.2,0.058,1.3,140.389,Other
fruit cocktail canned,109,0.053,0.03,0.04,0.042,28.1,25.7,1.1,2.4,0.0,0.059,207.2,0.0,0.023,0.003,0.0,0.056,1.0,0.1,0.1,6.4,0.0,0.9,0.021,19.0,0.1,0.5,16.6,0.3,33.2,225.2,0.075,0.2,57.508,Alcoholic Beverages
sour cherries canned,189,0.3,0.007,0.033,0.087,48.6,0.0,1.9,2.0,0.0,0.073,200.6,0.0,0.024,0.088,0.0,0.009,0.4,0.3,0.1,5.0,0.0,0.0,0.0,25.2,0.2,3.3,15.1,0.2,25.2,239.4,0.0,0.2,86.3,Fruits
mangosteen canned,143,1.1,0.0,0.0,0.0,35.1,0.0,0.8,3.5,0.0,0.024,158.6,0.0,0.1,0.074,0.0,0.1,0.6,0.057,0.089,5.7,0.0,0.0,0.0,23.5,0.1,0.6,25.5,0.2,15.7,94.1,0.0,0.4,70.3,Other
apricot juice,117,0.07,0.008,0.048,0.065,30.1,26.2,1.5,3.9,0.0,0.024,211.4,0.0,0.0,0.048,0.043,0.0,0.025,0.8,0.2,0.1,12.0,0.0,1.5,0.053,29.3,0.1,0.7,24.4,0.1,48.8,402.6,0.028,35.804,Fruit Juices
peach canned,110,0.094,0.03,0.026,0.067,28.9,25.7,1.6,3.3,0.0,0.006,218.7,0.0,0.004,0.026,0.0,0.034,1.5,0.1,0.071,9.0,0.0,1.2,0.088,15.0,0.1,0.7,17.5,0.1,42.5,320.0,0.04,0.3,58.587,Fruits
fruit salad canned,125,0.008,0.08,0.005,0.006,32.5,0.0,1.3,2.5,0.0,0.069,214.5,0.0,0.016,0.02,0.0,0.027,0.9,0.1,0.059,8.2,0.0,0.0,0.0,27.4,0.1,0.6,19.9,0.4,34.9,288.8,0.0,0.3,72.531,Other
gooseberries canned,184,0.5,0.004,0.097,0.3,47.3,0.0,1.6,6.0,0.0,0.097,201.9,0.0,0.066,0.041,0.0,0.1,0.4,0.3,0.085,25.2,0.0,0.0,0.0,40.3,0.5,0.8,15.1,0.4,17.6,194.0,0.069,0.3,121.7,Fruits
grapefruit canned,88,0.2,0.09,0.011,0.066,22.3,21.4,1.4,1.0,0.0,0.091,219.2,0.0,0.061,0.094,0.0,0.092,0.6,0.3,0.08,53.2,0.0,0.2,0.0,36.6,0.2,1.0,24.4,0.056,24.4,322.1,0.049,0.2,115.7,Fruits
pear canned,38,0.001,0.099,0.049,0.034,9.8,7.4,0.3,1.2,0.0,0.088,65.7,0.0,0.096,0.08,0.0,0.048,0.2,0.085,0.042,1.2,0.0,0.078,0.034,6.8,0.012,0.2,5.3,0.064,9.1,73.0,0.0,0.077,19.566,Fruits
raspberries canned,233,0.3,0.081,0.012,0.2,59.8,51.4,2.1,8.4,0.0,0.013,192.8,0.0,0.094,0.074,0.0,0.07,1.1,0.6,0.1,22.3,0.0,1.5,0.074,28.2,0.1,1.1,30.7,0.6,23.0,240.6,0.092,0.4,122.2,Fruits
papaya canned,80,0.2,0.1,0.006,0.026,21.8,20.4,0.001,0.6,0.0,0.075,16.9,0.0,0.038,0.0,0.0,0.084,0.014,0.003,0.006,1.4,0.0,0.0,0.038,8.2,0.008,0.1,2.3,0.082,2.3,26.1,0.031,0.002,32.371,Fruits
grapes canned,98,0.3,0.034,0.072,0.006,25.2,23.8,1.2,1.5,0.0,0.022,217.7,0.0,0.089,0.065,0.0,0.006,0.3,0.1,0.2,2.5,0.0,0.3,0.069,24.5,0.1,2.4,14.7,0.077,44.1,262.2,0.028,0.1,57.6,Fruits
apple dried,145,0.2,0.088,0.022,0.041,39.1,34.0,0.6,5.1,0.0,0.024,214.5,0.0,0.093,0.0,0.0,0.013,0.3,0.1,0.1,2.6,0.0,0.3,0.036,7.7,0.1,0.8,10.2,0.051,23.0,267.8,0.076,0.1,56.1,Fruits
peach dried,199,0.6,0.055,0.2,0.3,50.8,43.8,3.0,7.0,0.0,0.059,201.5,0.0,0.029,0.0,0.0,0.006,3.9,0.5,0.039,9.5,0.0,0.2,0.06,23.2,0.3,3.4,33.5,0.3,98.0,825.6,0.068,0.5,97.5,Fruits
plantain chips,150,8.4,2.4,1.6,3.3,18.1,0.3,0.6,1.0,0.0,0.039,0.6,0.0,0.087,0.045,0.0,0.024,0.2,0.3,0.1,9.1,0.0,1.4,0.098,2.5,0.049,0.3,20.1,0.094,22.1,222.4,0.028,0.1,40.0,Snacks
golden raisins,498,0.8,0.2,0.016,0.2,131.2,97.7,5.6,6.6,0.0,0.001,24.7,0.0,0.031,0.067,0.0,0.3,1.9,0.2,0.5,5.3,0.0,0.2,0.066,87.5,0.6,3.0,57.8,0.5,189.8,1230.9,0.062,0.5,240.0,Other
raisins seeded,488,0.9,0.3,0.036,0.3,129.5,0.0,4.2,11.2,0.0,0.098,27.3,0.0,0.2,0.092,0.0,0.3,1.8,0.092,0.3,8.9,0.0,0.0,0.0,46.2,0.5,4.3,49.5,0.4,123.8,1361.3,0.058,0.3,205.2,Other
zante currants dried,408,0.4,0.009,0.003,0.3,106.7,96.9,5.9,9.8,0.0,0.067,27.7,0.0,0.2,0.07,0.0,0.2,2.3,0.007,0.4,6.8,0.0,0.2,0.07,123.8,0.7,4.7,59.0,0.7,180.0,1284.5,0.098,1.0,258.1,Other
pear dried,94,0.2,0.003,0.01,0.065,25.1,22.4,0.7,2.7,0.0,0.074,9.6,0.0,0.006,0.0,0.0,0.067,0.5,0.054,0.074,2.5,0.0,0.036,0.002,12.2,0.1,0.8,11.9,0.1,21.2,191.9,0.005,0.1,44.2,Fruits
raisins,90,0.056,0.005,0.063,0.004,23.8,19.6,1.0,1.4,0.0,0.025,4.6,0.049,0.0,0.015,0.006,0.0,0.02,0.2,0.006,0.081,0.7,0.0,0.003,0.068,18.6,0.018,0.5,10.8,0.018,29.4,223.2,0.042,26.474,Other
prune plums dried,308,0.5,0.01,0.4,0.1,81.5,0.0,2.7,9.4,0.0,0.011,161.4,0.0,0.07,0.0,0.0,0.2,1.7,0.2,0.5,6.7,0.0,0.0,0.0,52.1,0.4,2.6,47.1,0.2,81.8,773.8,0.055,0.5,155.5,Other
cranberries dried,370,1.6,0.1,0.2,0.8,98.8,78.0,0.053,6.8,0.0,0.037,19.2,0.0,0.05,0.0,0.0,0.029,1.2,0.3,0.004,0.2,0.0,1.3,0.066,12.0,0.003,0.6,6.0,0.3,9.6,48.0,0.09,0.1,120.036,Fruits
figs dried,21,0.008,0.014,0.003,0.037,5.4,4.0,0.3,0.8,0.0,0.091,2.5,0.0,0.021,0.002,0.0,0.054,0.023,0.046,0.031,0.1,0.0,0.062,0.046,13.6,0.052,0.2,5.7,0.073,5.6,57.1,0.067,0.079,20.461,Other
longans dried,5,0.091,0.0,0.0,0.0,1.3,0.0,0.027,0.0,0.0,0.018,0.3,0.0,0.008,0.0,0.0,0.055,0.001,0.0,0.0,0.5,0.0,0.0,0.0,0.8,0.072,0.009,0.8,0.078,3.3,11.2,0.0,0.001,2.804,Other
banana chips,147,9.5,8.2,0.6,0.2,16.5,10.0,0.7,2.2,0.0,0.099,1.2,0.0,0.003,0.041,0.0,0.03,0.2,0.2,0.032,1.8,0.0,0.042,0.057,5.1,0.031,0.4,21.5,0.4,15.8,151.7,0.06,0.2,36.2,Snacks
lychee dried,7,0.003,0.076,0.004,0.061,1.8,1.7,0.01,0.1,0.0,0.049,0.6,0.0,0.06,0.063,0.0,0.015,0.032,0.0,0.004,4.6,0.0,0.071,0.032,0.8,0.071,0.036,1.1,0.012,4.5,27.8,0.08,0.085,7.431,Fruits
apricot dried,17,0.015,0.02,0.083,0.031,4.4,3.7,0.2,0.5,0.0,0.066,2.2,0.0,0.042,0.064,0.0,0.086,0.2,0.055,0.017,0.012,0.0,0.3,0.088,3.9,0.02,0.2,2.2,0.038,5.0,81.3,0.04,0.055,9.329,Fruits
longan,2,0.076,0.0,0.0,0.0,0.5,0.0,0.009,0.071,0.0,0.0,2.6,0.0,0.01,0.0,0.0,0.052,0.014,0.0,0.0,2.7,0.0,0.0,0.0,0.039,0.059,0.066,0.3,0.089,0.7,8.5,0.0,0.01,3.493,Fruits
mamey sapote,217,0.8,0.3,0.2,0.2,56.2,35.2,2.5,9.5,0.0,0.008,113.5,0.0,0.018,0.094,0.0,0.2,2.5,0.7,1.3,40.3,0.0,3.7,0.0,31.5,0.4,1.4,19.3,0.4,45.5,794.5,0.0,0.3,142.2,Other
waxgourd cooked,19,0.4,0.026,0.076,0.2,4.3,2.1,0.7,1.8,0.0,0.6,168.1,0.0,0.059,0.087,0.0,0.052,0.7,0.2,0.096,18.4,0.0,0.1,0.028,31.5,0.036,0.7,17.5,0.015,29.8,8.8,0.012,1.0,57.8,Other
jackfruit,33,0.2,0.071,0.004,0.002,8.1,6.7,0.6,0.5,0.0,0.094,25.7,0.0,0.0,0.09,0.019,0.0,0.031,0.3,0.073,0.1,4.8,0.0,0.1,0.0,8.4,0.071,0.005,10.2,0.081,7.4,156.8,0.0,9.574,Fruits
loquats,9,0.071,0.085,0.035,0.023,2.4,0.0,0.09,0.3,0.0,0.053,17.3,0.0,0.097,0.015,0.0,0.048,0.012,0.0,0.042,0.2,0.0,0.0,0.0,3.2,0.093,0.007,2.6,0.037,5.4,53.2,0.047,0.014,6.236,Other
mammy apple mamey,431,4.2,1.2,1.7,0.7,105.8,0.0,4.2,25.4,0.0,0.1,729.3,0.0,0.2,0.1,0.0,0.3,3.4,0.9,0.8,118.4,0.0,0.0,0.0,93.1,0.7,5.9,135.4,0.0,93.1,397.6,0.064,0.8,357.0,Fruits
nance,82,1.3,0.0,0.0,0.0,19.0,9.3,0.7,8.4,0.0,0.039,90.3,0.0,0.0,0.086,0.032,0.0,0.022,0.3,0.2,0.098,103.6,0.0,1.4,0.078,51.5,0.037,0.4,22.4,0.3,11.2,273.3,0.017,29.436,Other
coconut whole coconut,3336,71.5,672.0,48.0,0.0,0.0,0.0,0.0,0.0,0.0,0.0,0.0,0.0,0.0,0.0,0.0,0.0,0.0,0.0,0.0,0.0,0.0,0.0,0.0,0.0,0.0,0.0,0.0,0.0,0.0,0.0,0.0,0.0,71.5,Other
prickly pear,42,0.5,0.014,0.038,0.2,9.9,0.0,0.8,3.7,0.0,0.044,90.2,0.0,0.0,0.066,0.097,0.0,0.062,0.5,0.0,0.097,14.4,0.0,0.0,0.0,57.7,0.051,0.3,87.6,0.0,24.7,226.6,0.012,14.977,Fruits
lychee,6,0.016,0.06,0.03,0.067,1.6,1.5,0.024,0.1,0.0,0.029,7.8,0.0,0.0,0.067,0.033,0.0,0.058,0.047,0.0,0.038,6.9,0.0,0.006,0.086,0.5,0.022,0.092,1.0,0.015,3.0,16.4,0.061,2.012,Fruits
naranjilla lulo pulp,30,0.3,0.0,0.0,0.0,7.1,4.5,0.5,1.3,0.0,0.044,111.7,0.0,0.039,0.032,0.0,0.0,1.7,0.3,0.1,3.8,0.0,0.9,0.011,9.6,0.069,0.4,13.2,0.074,14.4,240.0,0.082,0.1,23.0,Other
coconut meat dried,187,18.3,16.2,0.8,0.2,6.7,2.1,1.9,4.6,0.0,0.058,0.8,0.0,0.054,0.059,0.0,0.012,0.2,0.2,0.047,0.4,0.0,0.1,0.049,7.4,0.2,0.9,25.5,0.8,58.3,153.7,0.041,0.6,40.2,Other
surinam cherry pitanga,2,0.059,0.0,0.0,0.0,0.5,0.0,0.045,0.0,0.0,0.1,6.4,0.0,0.024,0.0,0.0,0.004,0.096,0.0,0.0,1.8,0.0,0.0,0.0,0.6,0.0,0.0,0.8,0.0,0.8,7.2,0.0,0.0,3.056,Fruits
passion fruit,17,0.1,0.098,0.051,0.053,4.2,2.0,0.4,1.9,0.0,0.072,13.1,0.0,0.0,0.0,0.068,0.0,0.09,0.3,0.0,0.074,5.4,0.0,0.078,0.03,2.2,0.015,0.3,5.2,0.0,12.2,62.6,0.053,6.667,Fruits
sapodilla,141,1.9,0.3,0.9,0.05,33.9,0.0,0.7,9.0,0.0,0.08,132.6,0.0,0.0,0.08,0.0,0.001,0.3,0.4,0.086,25.0,0.0,0.0,0.0,35.7,0.1,1.4,20.4,0.0,20.4,328.1,0.099,0.2,107.6,Other
pummelo,48,0.06,0.0,0.0,0.0,12.0,0.0,1.0,1.3,0.0,0.094,111.4,0.0,0.0,0.067,0.0,0.0,0.098,0.3,0.0,0.005,76.3,0.0,0.0,0.0,5.0,0.097,0.1,7.5,0.005,21.3,270.0,0.0,14.376,Other
coconut meat,1405,133.0,117.9,5.7,1.5,60.5,24.7,13.2,35.7,0.0,0.022,186.6,0.0,0.3,0.1,0.0,0.054,2.1,1.2,0.2,13.1,0.0,1.0,0.019,55.6,1.7,9.6,127.0,6.0,448.6,1413.3,0.056,4.4,320.7,Other
soursop,149,0.7,0.1,0.2,0.2,37.9,30.5,2.3,7.4,0.0,0.024,182.6,0.0,0.2,0.001,0.0,0.1,2.0,0.6,0.1,46.4,0.0,0.2,0.031,31.5,0.2,1.4,47.3,0.0,60.8,625.5,0.017,0.2,127.6,Fruits
papaya,62,0.4,0.1,0.1,0.051,15.7,11.3,0.7,2.5,0.0,0.004,127.7,0.0,0.0,0.097,0.061,0.0,0.07,0.5,0.3,0.014,88.3,0.0,0.4,0.06,29.0,0.017,0.4,30.5,0.026,14.5,263.9,0.086,19.422,Fruits
acerola cherry,2,0.052,0.074,0.086,0.036,0.4,0.0,0.079,0.077,0.0,0.088,4.4,0.0,0.0,0.039,0.038,0.0,0.093,0.026,0.072,0.076,80.5,0.0,0.0,0.0,0.6,0.007,0.021,0.9,0.0,0.5,7.0,0.045,0.707,Fruits
ohelo berries,39,0.3,0.0,0.0,0.0,9.6,0.0,0.5,0.0,0.0,0.068,129.2,0.0,0.066,0.0,0.0,0.082,0.4,0.0,0.0,8.4,0.0,0.0,0.0,9.8,0.0,0.1,8.4,0.0,14.0,53.2,0.0,0.0,28.7,Fruits
loganberries,81,0.5,0.053,0.023,0.3,19.1,11.3,2.2,7.8,0.0,0.06,124.4,0.0,0.008,0.029,0.0,0.05,1.2,0.4,0.083,22.5,0.0,1.3,0.065,38.2,0.2,0.9,30.9,1.8,38.2,213.2,0.065,0.5,91.2,Other
casaba melon,48,0.2,0.012,0.046,0.012,11.2,9.7,1.9,1.5,0.0,0.057,156.1,0.0,0.083,0.003,0.0,0.042,0.4,0.1,0.3,37.1,0.0,0.053,0.034,18.7,0.1,0.6,18.7,0.026,8.5,309.4,0.07,0.1,71.2,Fruits
durian,51,1.9,0.0,0.0,0.0,9.5,0.0,0.5,1.3,0.0,0.079,22.7,0.0,0.0,0.1,0.095,0.0,0.049,0.4,0.029,0.1,6.9,0.0,0.0,0.0,2.1,0.094,0.2,10.5,0.1,13.7,152.6,0.0,13.358,Fruits
pasilla peppers dried,24,1.1,0.0,0.0,0.0,3.6,0.0,0.9,1.9,0.0,0.063,1.0,0.0,0.084,0.058,0.0,0.2,0.5,0.1,0.3,0.4,0.0,0.0,0.0,6.8,0.022,0.7,9.1,0.1,18.7,155.5,0.075,0.062,15.4,Vegetables
parsley dried,1,0.096,0.064,0.086,0.093,0.3,0.073,0.1,0.1,0.0,0.058,0.09,0.0,0.062,0.072,0.0,0.014,0.031,0.089,0.03,0.6,0.0,0.008,0.063,5.7,0.092,0.1,2.0,0.061,2.2,13.4,0.029,0.076,6.95,Herbs & Spices
ancho pepper dried,48,1.4,0.1,0.08,0.8,8.7,0.0,2.0,3.7,0.0,0.068,3.8,0.0,0.055,0.082,0.0,0.4,1.1,0.3,0.6,0.3,0.0,0.0,0.0,10.4,0.079,1.9,19.2,0.2,34.2,409.9,0.046,0.2,28.4,Vegetables
coriander seeds,5,0.3,0.049,0.2,0.074,1.0,0.0,0.2,0.8,0.0,0.095,0.2,0.0,0.003,0.0,0.0,0.092,0.083,0.0,0.0,0.4,0.0,0.0,0.0,12.8,0.077,0.3,5.9,0.097,7.4,22.8,0.068,0.054,15.8,Other
dill weed dried,253,4.4,0.2,0.0,0.0,55.8,0.0,20.0,13.6,0.0,0.2,7.3,0.0,0.0,0.4,0.0,0.0,0.3,2.8,0.0,1.7,50.0,0.0,0.0,0.0,1784.0,0.5,48.8,451.0,4.0,543.0,3308.0,0.0,96.0,Other
borage,19,0.6,0.2,0.2,0.017,2.7,0.0,1.6,0.0,0.0,0.023,82.8,0.0,0.073,0.058,0.0,0.1,0.8,0.072,0.064,31.2,0.0,0.0,0.0,82.8,0.1,2.9,46.3,0.3,47.2,418.3,0.084,0.2,121.8,Other
chives dried,1,0.055,0.051,0.093,0.023,0.1,0.0,0.013,0.041,0.0,0.04,0.091,0.0,0.0,0.009,0.036,0.0,0.009,0.068,0.062,0.054,1.3,0.0,0.0,0.0,1.6,0.047,0.003,1.3,0.095,1.0,5.9,0.077,0.32,Other
thyme fresh,1,0.068,0.07,0.056,0.085,0.2,0.0,0.091,0.1,0.0,0.017,0.5,0.0,0.0,0.074,0.08,0.0,0.039,0.019,0.048,0.057,1.3,0.0,0.0,0.0,3.2,0.018,0.1,1.3,0.045,0.8,4.9,0.0,0.545,Herbs & Spices
butterbur,4,0.2,0.0,0.0,0.0,0.5,0.0,0.1,0.0,0.0,0.053,121.4,0.0,0.067,0.078,0.0,0.081,0.2,0.0,0.097,14.8,0.0,0.0,0.0,42.2,0.087,0.8,2.5,0.1,5.0,14.9,0.045,0.015,58.6,Other
wasabi root,142,0.8,0.0,0.0,0.0,30.6,0.0,6.2,10.1,0.0,0.02,89.8,0.0,0.2,0.099,0.0,0.1,1.0,0.3,0.4,54.5,0.0,0.0,0.0,166.4,0.2,1.3,89.7,0.5,104.0,738.4,0.0,2.1,269.9,Other
rosemary dried,4,0.2,0.083,0.029,0.085,0.8,0.0,0.081,0.5,0.0,0.048,0.1,0.0,0.002,0.043,0.0,0.016,0.054,0.0,0.074,0.7,0.0,0.0,0.0,15.4,0.084,0.4,2.6,0.011,0.8,11.5,0.084,0.078,18.079,Herbs & Spices
ginger root,2,0.028,0.048,0.067,0.046,0.4,0.019,0.068,0.058,0.0,0.0,1.6,0.0,0.073,0.079,0.0,0.055,0.088,0.064,0.051,0.1,0.0,0.03,0.02,0.3,0.092,0.061,0.9,0.026,0.7,8.3,0.08,0.049,1.028,Herbs & Spices
white pepper,7,0.0,0.002,0.049,0.032,1.6,0.0,0.2,0.6,0.0,0.075,0.3,0.0,0.0,0.008,0.027,0.0,0.028,0.085,0.0,0.075,0.5,0.0,0.0,0.0,6.4,0.069,0.3,2.2,0.1,4.2,1.8,0.077,2.514,Vegetables
cloves ground,6,0.3,0.017,0.037,0.2,1.4,0.028,0.1,0.7,0.0,0.0,0.2,0.0,0.097,0.047,0.0,0.095,0.032,0.075,0.03,0.083,0.0,0.2,0.036,13.3,0.049,0.2,5.4,1.3,2.2,21.4,0.074,0.02,16.019,Herbs & Spices
paprika,19,0.9,0.1,0.1,0.5,3.7,0.7,1.0,2.4,0.0,0.061,0.8,0.0,0.0,0.077,0.045,0.0,0.05,0.7,0.2,0.1,0.022,0.0,2.0,0.061,15.6,0.061,1.4,12.1,0.1,21.4,155.0,0.024,8.206,Herbs & Spices
mace ground,25,1.7,0.5,0.6,0.2,2.7,0.0,0.4,1.1,0.0,0.097,0.4,0.0,0.079,0.016,0.0,0.032,0.061,0.0,0.039,1.1,0.0,0.0,0.0,13.4,0.1,0.7,8.6,0.073,5.8,24.5,0.083,0.1,21.1,Other
bay leaf,2,0.042,0.08,0.095,0.076,0.4,0.0,0.086,0.2,0.0,0.084,0.07,0.0,0.021,0.015,0.0,0.054,0.061,0.0,0.094,0.3,0.0,0.0,0.0,5.0,0.031,0.3,0.7,0.058,0.7,3.2,0.077,0.081,6.316,Other
eppaw,150,1.8,0.0,0.0,0.0,31.7,0.0,4.6,0.0,0.0,0.015,60.0,0.0,0.0,0.1,0.072,0.0,0.1,0.3,1.2,0.2,13.0,0.0,0.0,0.0,110.0,0.2,1.2,32.0,1.1,165.0,340.0,0.052,38.5,Other
tarragon dried,2,0.047,0.01,0.081,0.068,0.3,0.0,0.1,0.038,0.0,0.012,0.068,0.0,0.011,0.092,0.0,0.082,0.083,0.0,0.083,0.3,0.0,0.0,0.0,6.8,0.069,0.2,2.1,0.044,1.9,18.1,0.088,0.019,7.752,Other
ginger ground,6,0.043,0.088,0.021,0.095,1.3,0.067,0.2,0.3,0.0,0.038,0.2,0.0,0.037,0.002,0.0,0.091,0.2,0.083,0.05,0.094,0.0,0.0,0.043,2.1,0.078,0.4,3.9,0.6,3.0,23.8,0.084,0.087,4.327,Herbs & Spices
savory ground,4,0.029,0.085,0.0,0.0,1.0,0.0,0.074,0.6,0.0,0.055,0.1,0.0,0.0,0.03,0.0,0.0,0.0,0.053,0.0,0.0,0.7,0.0,0.0,0.0,29.8,0.043,0.5,5.3,0.044,2.0,14.7,0.057,1.895,Other
black pepper,6,0.006,0.034,0.04,0.065,1.5,0.08,0.2,0.6,0.0,0.036,0.3,0.0,0.0,0.047,0.04,0.0,0.029,0.067,0.09,0.073,0.0,0.0,0.084,0.045,10.2,0.001,0.2,3.9,0.3,3.6,30.6,0.009,2.505,Vegetables
spearmint fresh,3,0.089,0.049,0.068,0.022,0.5,0.0,0.2,0.4,0.0,0.092,4.9,0.0,0.0,0.079,0.061,0.0,0.098,0.007,0.086,0.033,0.8,0.0,0.0,0.0,11.3,0.008,0.7,3.6,0.064,3.4,26.1,0.0,1.261,Herbs & Spices
poultry seasoning,14,0.3,0.1,0.094,0.079,2.9,0.1,0.4,0.5,0.0,0.063,0.4,0.0,0.046,0.049,0.0,0.042,0.1,0.0,0.093,0.5,0.0,0.088,0.026,43.8,0.008,1.6,9.9,0.3,7.5,30.1,0.037,0.1,50.0,Poultry
nutmeg ground,12,0.8,0.6,0.056,0.088,1.1,0.6,0.1,0.5,0.0,0.095,0.1,0.0,0.065,0.008,0.0,0.055,0.088,0.0,0.072,0.001,0.0,0.0,0.0,4.0,0.052,0.018,4.0,0.008,4.7,7.7,0.086,0.036,6.656,Herbs & Spices
curry powder,20,0.9,0.1,0.3,0.2,3.7,0.2,0.8,2.1,0.0,0.004,0.6,0.0,0.0,0.076,0.023,0.0,0.042,0.2,0.0,0.05,0.7,0.0,1.4,0.094,30.1,0.034,1.9,16.0,0.3,22.0,97.2,0.052,7.681,Other
peppermint,1,0.004,0.016,0.034,0.051,0.2,0.0,0.038,0.1,0.0,0.007,1.3,0.0,0.0,0.025,0.039,0.0,0.011,0.086,0.048,0.061,0.5,0.0,0.0,0.0,3.9,0.078,0.066,1.3,0.088,1.2,9.1,0.0,0.423,Herbs & Spices
coriander leaves dried,2,0.098,0.099,0.09,0.081,0.3,0.045,0.1,0.095,0.0,0.018,0.009,0.0,0.0,0.019,0.089,0.0,0.02,0.046,0.0,0.014,3.4,0.0,0.08,0.094,7.5,0.017,0.3,4.2,0.087,2.9,26.8,0.04,0.633,Other
sage ground,2,0.046,0.07,0.069,0.013,0.4,0.052,0.058,0.3,0.0,0.083,0.051,0.0,0.018,0.025,0.0,0.1,0.055,0.0,0.044,0.2,0.0,0.08,0.099,11.6,0.06,0.2,3.0,0.032,0.6,7.5,0.039,0.02,12.796,Other
garlic powder,10,0.029,0.003,0.045,0.016,2.3,0.068,0.5,0.3,0.0,0.082,0.2,0.0,0.0,0.011,0.056,0.0,0.031,0.059,0.008,0.093,0.091,0.0,0.039,0.008,2.4,0.003,0.2,2.4,0.035,12.8,37.0,0.077,3.269,Other
dill weed fresh,4,0.063,0.064,0.022,0.052,0.6,0.0,0.3,0.2,0.0,0.017,7.6,0.0,0.0,0.097,0.063,0.0,0.012,0.1,0.026,0.003,7.6,0.0,0.0,0.0,18.5,0.09,0.6,4.9,0.1,5.9,65.7,0.0,1.201,Other
cardamom,6,0.1,0.065,0.038,0.071,1.4,0.0,0.2,0.6,0.0,0.013,0.2,0.0,0.072,0.0,0.0,0.056,0.029,0.0,0.005,0.4,0.0,0.0,0.0,7.7,0.039,0.3,4.6,0.6,3.6,22.4,0.0,0.1,10.7,Herbs & Spices
saffron,2,0.092,0.047,0.1,0.05,0.5,0.0,0.071,0.002,0.0,0.063,0.086,0.0,0.0,0.097,0.082,0.0,0.066,0.061,0.0,0.023,0.6,0.0,0.0,0.0,0.8,0.037,0.035,1.8,0.2,1.8,12.1,0.082,0.682,Other
allspice ground,5,0.2,0.034,0.084,0.063,1.4,0.0,0.1,0.4,0.0,0.001,0.2,0.0,0.026,0.079,0.0,0.08,0.088,0.0,0.03,0.7,0.0,0.0,0.0,12.6,0.011,0.1,2.6,0.036,2.1,19.8,0.02,0.015,15.5,Other
parsley fresh,1,0.078,0.016,0.037,0.01,0.2,0.001,0.1,0.1,0.0,0.056,3.3,0.0,0.0,0.047,0.07,0.0,0.092,0.02,0.002,0.081,5.1,0.0,0.029,0.013,5.2,0.085,0.2,1.9,0.046,2.2,21.1,0.094,0.509,Herbs & Spices
oregano dried,265,4.3,1.6,0.7,1.4,68.9,4.1,9.0,42.5,0.0,0.009,9.9,0.0,0.0,0.2,0.2,0.0,0.5,4.6,0.9,1.0,2.3,0.0,18.3,0.6,1597.0,0.6,36.8,270.0,5.0,148.0,1260.0,0.01,126.9,Herbs & Spices
marjoram dried,5,0.1,0.056,0.076,0.093,1.0,0.077,0.2,0.7,0.0,0.004,0.1,0.0,0.0,0.057,0.073,0.0,0.036,0.097,0.0,0.055,0.9,0.0,0.029,0.047,33.8,0.029,1.4,5.9,0.053,5.2,25.9,0.078,2.032,Other
fireweed leaves,24,0.6,0.0,0.0,0.0,4.4,0.0,1.1,2.4,0.0,0.035,16.3,0.0,0.044,0.007,0.0,0.079,1.1,0.3,0.1,0.5,0.0,0.0,0.0,98.7,0.016,0.6,35.9,1.5,24.8,113.6,0.068,0.6,108.3,Other
rosemary fresh,1,0.1,0.016,0.0,0.072,0.1,0.0,0.005,0.012,0.0,0.039,0.5,0.0,0.0,0.066,0.028,0.0,0.042,0.028,0.032,0.043,0.2,0.0,0.0,0.0,2.2,0.092,0.099,0.6,0.054,0.5,4.7,0.0,0.369,Herbs & Spices
garlic,4,0.026,0.033,0.078,0.089,0.9,0.043,0.2,0.064,0.0,0.018,1.6,0.0,0.0,0.058,0.024,0.0,0.068,0.09,0.005,0.061,0.9,0.0,0.056,0.003,5.1,0.069,0.046,0.7,0.01,4.3,11.2,0.014,1.253,Other
cinnamon ground,6,0.044,0.074,0.08,0.044,2.1,0.066,0.1,1.4,0.0,0.022,0.3,0.0,0.087,0.05,0.0,0.006,0.083,0.018,0.004,0.071,0.0,0.052,0.027,26.1,0.099,0.2,1.6,0.5,1.7,11.2,0.018,0.088,30.0,Herbs & Spices
chervil dried,5,0.002,0.066,0.033,0.031,0.9,0.0,0.4,0.2,0.0,0.076,0.1,0.0,0.055,0.037,0.0,0.09,0.1,0.0,0.096,1.0,0.0,0.0,0.0,25.6,0.044,0.6,2.5,0.043,8.6,90.1,0.031,0.2,28.777,Other
cayenne pepper,1,0.094,0.043,0.082,0.023,0.2,0.089,0.039,0.052,0.0,0.059,0.011,0.0,0.034,0.019,0.0,0.046,0.041,0.0,0.066,0.2,0.0,0.019,0.004,0.4,0.049,0.003,0.5,0.049,0.9,6.0,0.062,0.071,0.988,Vegetables
turmeric ground,8,0.2,0.093,0.014,0.019,1.4,0.062,0.2,0.5,0.0,0.064,0.2,0.0,0.085,0.1,0.0,0.097,0.1,0.0,0.04,0.6,0.0,0.033,0.075,4.0,0.083,0.9,4.2,0.2,5.9,55.6,0.02,0.009,7.8,Herbs & Spices
mustard,3,0.2,0.021,0.1,0.086,0.3,0.048,0.2,0.2,0.0,0.015,4.2,0.096,0.026,0.006,0.097,0.0,0.011,0.04,0.013,0.015,0.03,0.0,0.086,0.012,3.2,0.086,0.096,2.4,0.075,5.4,7.6,0.064,1.046,Condiments & Sauces
chili powder,8,0.4,0.061,0.029,0.2,1.3,0.2,0.4,0.9,0.0,0.014,0.3,0.0,0.0,0.066,0.062,0.0,0.097,0.3,0.013,0.031,0.008,0.0,1.0,0.047,8.9,0.032,0.5,4.0,0.036,8.1,52.7,0.018,3.182,Other
thyme dried,276,7.4,2.7,0.5,1.2,63.9,1.7,9.1,37.0,0.0,0.016,7.8,0.0,0.0,0.5,0.3,0.0,0.4,4.9,0.0,0.6,50.0,0.0,7.5,1.7,1890.0,0.9,123.6,220.0,7.9,201.0,814.0,0.068,120.6,Herbs & Spices
spearmint dried,1,0.018,0.09,0.018,0.057,0.3,0.0,0.094,0.1,0.0,0.012,0.029,0.0,0.0,0.007,0.087,0.0,0.009,0.04,0.044,0.092,0.0,0.0,0.0,0.0,7.4,0.021,0.4,3.0,0.008,1.4,9.6,0.0,0.649,Herbs & Spices
basil dried,2,0.027,0.02,0.038,0.076,0.3,0.054,0.2,0.3,0.0,0.089,0.076,0.0,0.0,0.099,0.043,0.0,0.012,0.07,0.011,0.047,0.033,0.0,0.034,0.078,15.7,0.082,0.6,5.0,0.051,1.9,18.4,0.054,1.0,Herbs & Spices
dandelion greens cooked,35,0.6,0.0,0.0,0.0,6.7,1.7,2.1,3.0,0.0,0.3,94.3,0.0,0.1,0.063,0.0,0.2,0.5,0.058,0.2,18.9,0.0,0.6,0.4,147.0,0.1,1.9,25.2,0.2,44.1,243.6,0.004,0.3,180.2,Other
basil fresh,2,0.089,0.069,0.019,0.03,0.2,0.064,0.2,0.1,0.0,0.058,6.4,0.0,0.0,0.06,0.064,0.0,0.075,0.094,0.02,0.074,1.3,0.0,0.014,0.047,12.4,0.075,0.2,4.5,0.069,3.9,20.7,0.085,0.752,Herbs & Spices
dock,29,0.9,0.0,0.0,0.0,4.3,0.0,2.7,3.9,0.0,0.025,123.7,0.0,0.0,0.0,0.091,0.0,0.1,0.7,0.029,0.2,63.8,0.0,0.0,0.0,58.5,0.2,3.2,137.0,0.5,83.8,518.7,0.067,12.2,Other
garden cress cooked,31,0.8,0.001,0.3,0.3,5.1,4.2,2.6,0.9,0.0,0.3,124.9,0.0,0.029,0.035,0.0,0.2,1.1,0.2,0.2,31.1,0.0,0.7,0.5,82.4,0.2,1.1,35.1,0.5,64.8,476.6,0.039,0.2,124.0,Other
onion powder,8,0.024,0.068,0.036,0.077,1.9,0.2,0.2,0.4,0.0,0.048,0.1,0.0,0.079,0.045,0.0,0.061,0.039,0.012,0.098,0.6,0.0,0.068,0.021,9.2,0.092,0.052,2.7,0.008,7.7,23.6,0.011,0.076,12.389,Vegetables
yokan,36,0.022,0.064,0.072,0.003,8.5,0.0,0.5,0.0,0.0,0.05,5.0,0.0,0.0,0.069,0.03,0.0,0.096,0.048,0.066,0.025,0.0,0.0,0.0,0.0,3.8,0.048,0.2,2.5,0.089,5.6,6.3,0.025,9.059,Other
fava beans cooked,187,0.7,0.1,0.1,0.3,33.4,3.1,12.9,9.2,0.0,0.081,121.6,0.0,0.0,0.2,0.2,0.0,0.2,1.2,0.3,0.1,0.5,0.0,0.046,0.067,61.2,0.4,2.6,73.1,0.7,212.5,455.6,0.058,56.778,Legumes & Beans
chickpeas canned,352,7.0,0.5,1.2,2.4,57.0,0.0,17.8,0.0,0.0,0.6,168.8,0.0,0.006,0.1,0.0,0.0,0.4,0.0,0.0,0.3,0.0,0.0,0.0,113.9,0.6,2.7,65.8,2.1,215.1,318.8,0.0,1.6,198.7,Other
yellow beans cooked,255,1.9,0.5,0.2,0.8,44.7,0.0,16.2,18.4,0.0,0.086,111.5,0.0,0.0,0.3,0.1,0.0,0.2,1.3,0.4,0.2,3.2,0.0,0.0,0.0,109.7,0.3,4.4,131.0,0.8,323.9,575.3,0.068,81.7,Legumes & Beans
mung beans cooked,212,0.8,0.2,0.1,0.3,38.7,4.0,14.2,15.4,0.0,0.083,146.8,0.0,0.0,0.3,0.3,0.0,0.1,1.2,0.8,0.1,2.0,0.0,0.3,0.005,54.5,0.3,2.8,97.0,0.6,200.0,537.3,0.099,69.586,Legumes & Beans
white beans canned,299,0.8,0.2,0.073,0.3,55.5,0.8,19.0,12.6,0.0,0.079,183.7,0.0,0.3,0.2,0.0,0.026,0.3,0.5,0.2,0.0,0.0,2.1,0.052,191.3,0.6,7.8,133.6,1.3,238.4,1189.5,0.022,2.9,287.0,Legumes & Beans
pink beans cooked,252,0.8,0.2,0.045,0.4,47.2,0.6,15.3,9.0,0.0,0.075,103.4,0.0,0.0,0.4,0.3,0.0,0.1,1.0,0.5,0.3,0.0,0.0,1.7,0.083,87.9,0.5,3.9,109.9,0.9,278.9,858.5,0.03,73.103,Legumes & Beans
snap beans cooked,44,0.4,0.005,0.02,0.2,9.9,1.9,2.4,4.0,0.0,0.086,111.5,0.0,0.0,0.053,0.076,0.0,0.1,0.8,0.021,0.061,12.1,0.0,0.6,0.053,55.0,0.015,0.8,22.5,0.4,36.3,182.5,0.02,16.848,Legumes & Beans
edamame cooked,189,8.1,1.0,2.0,3.3,13.8,3.4,18.5,8.1,0.0,0.034,112.8,0.053,0.0,0.3,0.5,0.0,0.2,1.4,0.6,0.2,9.5,0.0,1.1,0.041,97.7,0.5,3.5,99.2,1.6,262.0,675.8,0.0,49.248,Legumes & Beans
black eyed cowpeas cooked,160,0.6,0.2,0.1,0.3,33.5,5.3,5.2,8.3,0.0,0.036,124.5,0.0,0.0,0.2,0.2,0.0,0.2,2.3,0.3,0.1,3.6,0.0,0.4,0.0,211.2,0.2,1.8,85.8,0.9,84.2,689.7,0.033,47.9,Other
hyacinth beans cooked,227,1.1,0.2,0.076,0.5,40.2,0.0,15.8,0.0,0.0,0.0,0.003,134.1,0.0,0.5,0.023,0.0,0.001,0.8,0.6,0.014,0.0,0.0,0.0,0.0,77.6,0.7,8.9,159.1,0.9,232.8,653.8,0.021,191.981,Legumes & Beans
cowpeas canned,185,1.3,0.3,0.1,0.6,32.7,0.0,11.4,7.9,0.0,0.7,191.1,0.0,0.2,0.1,0.0,0.2,0.8,0.5,0.1,6.5,0.0,0.0,0.0,48.0,0.3,2.3,67.2,0.7,168.0,412.8,0.061,1.7,110.1,Other
pinto beans cooked,245,1.1,0.2,0.2,0.3,44.8,0.6,15.4,15.4,0.0,0.085,107.6,0.0,0.0,0.3,0.3,0.0,0.1,0.5,0.4,0.4,1.4,0.0,1.6,0.097,78.7,0.4,3.6,85.5,0.8,251.4,745.6,0.064,77.502,Legumes & Beans
winged beans cooked,253,10.0,1.4,3.7,2.7,25.7,0.0,18.3,0.0,0.0,0.4,115.6,0.0,0.5,0.004,0.0,0.2,1.4,0.3,0.07,0.0,0.0,0.0,0.0,244.2,1.3,7.4,92.9,2.1,263.2,481.6,0.019,2.5,305.6,Legumes & Beans
lima beans canned,190,0.4,0.095,0.087,0.2,35.9,0.0,11.9,11.6,0.0,0.8,185.8,0.0,0.1,0.1,0.0,0.028,0.6,0.6,0.2,0.0,0.0,0.0,0.0,50.6,0.4,4.4,94.0,0.9,178.3,530.2,0.025,1.6,114.8,Legumes & Beans
snap beans canned,66,0.4,0.1,0.027,0.2,15.4,0.0,3.5,6.6,0.0,0.09,415.6,0.0,0.1,0.036,0.0,0.2,0.9,0.5,0.1,14.9,0.0,0.6,0.0,105.4,0.3,4.0,57.1,1.5,83.4,403.9,0.057,0.9,150.2,Legumes & Beans
navy beans canned,296,1.1,0.3,0.073,0.5,53.6,0.7,19.7,13.4,0.0,1.2,184.6,0.0,0.4,0.2,0.0,0.1,1.3,0.5,0.3,1.8,0.0,2.0,0.022,123.1,0.5,4.8,123.1,1.0,351.1,754.6,0.003,2.0,217.5,Legumes & Beans
black turtle beans cooked,241,0.6,0.2,0.002,0.3,45.0,0.6,15.1,15.4,0.0,0.06,121.6,0.0,0.0,0.4,0.2,0.0,0.1,1.0,0.5,0.1,0.0,0.0,1.6,0.004,101.8,0.5,5.3,90.7,0.6,281.2,801.1,0.058,76.721,Legumes & Beans
white beans cooked,249,0.6,0.2,0.044,0.3,44.9,0.6,17.4,11.3,0.0,0.045,112.9,0.0,0.0,0.2,0.1,0.0,0.05,0.3,0.4,0.2,0.0,0.0,1.7,0.029,161.1,0.5,6.6,112.8,1.1,202.3,1004.2,0.045,74.959,Legumes & Beans
cranberry beans cooked,241,0.8,0.2,0.088,0.4,43.3,0.0,16.5,17.7,0.0,0.4,114.4,0.0,0.0,0.4,0.4,0.0,0.1,0.9,0.4,0.1,0.0,0.0,0.0,0.0,88.5,0.4,3.7,88.5,0.7,239.0,685.0,0.09,78.8,Legumes & Beans
lentils cooked,230,0.8,0.1,0.1,0.3,39.9,3.6,17.9,15.6,0.0,0.016,137.9,0.0,0.0,0.3,0.4,0.0,0.1,2.1,1.3,0.4,3.0,0.0,0.2,0.077,37.6,0.5,6.6,71.3,1.0,356.4,730.6,0.01,75.118,Other
baked beans canned,239,0.9,0.2,0.2,0.3,53.7,20.2,12.1,10.4,0.0,0.9,182.9,0.0,0.2,0.036,0.0,0.078,1.1,0.5,0.2,0.0,0.0,0.4,0.019,86.4,0.4,3.0,68.6,0.3,188.0,569.0,0.082,5.8,166.5,Legumes & Beans
cranberry beans canned,216,0.7,0.2,0.083,0.3,39.3,0.0,14.4,16.4,0.0,0.9,201.7,0.0,0.1,0.2,0.0,0.1,1.3,0.4,0.1,2.1,0.0,0.0,0.0,88.4,0.4,4.0,83.2,0.5,223.6,676.0,0.079,2.2,165.3,Legumes & Beans
black beans cooked,227,0.9,0.2,0.02,0.4,40.8,0.0,15.2,15.0,0.0,0.008,113.1,0.0,0.4,0.3,0.0,0.1,0.9,0.4,0.1,0.0,0.0,1.5,0.081,46.4,0.4,3.6,120.4,0.8,240.8,610.6,0.004,1.9,121.9,Legumes & Beans
lima beans cooked,216,0.7,0.2,0.022,0.3,39.3,5.5,14.7,13.2,0.0,0.012,131.2,0.0,0.0,0.3,0.2,0.0,0.1,0.8,0.8,0.3,0.0,0.0,0.3,0.052,32.0,0.4,4.5,80.8,1.0,208.7,955.0,0.027,68.6,Legumes & Beans
fava beans canned,182,0.6,0.092,0.1,0.2,31.8,0.0,14.0,9.5,0.0,1.2,205.6,0.0,0.016,0.05,0.0,0.1,2.5,0.3,0.1,4.6,0.0,0.0,0.0,66.6,0.3,2.6,81.9,0.7,202.2,619.5,0.029,1.6,129.7,Legumes & Beans
yellow snap beans canned,36,0.2,0.076,0.064,0.1,8.4,0.0,1.9,3.6,0.0,0.6,227.2,0.0,0.097,0.071,0.0,0.1,0.5,0.3,0.087,8.2,0.0,0.0,0.0,57.6,0.2,2.2,31.2,0.8,45.6,235.2,0.056,0.5,82.1,Legumes & Beans
pigeon peas cooked,203,0.6,0.1,0.05,0.3,39.1,0.0,11.4,11.3,0.0,0.036,115.2,0.0,0.2,0.2,0.0,0.02,1.3,0.5,0.081,0.0,0.0,0.0,0.0,72.2,0.5,1.9,77.3,0.8,199.9,645.1,0.01,1.5,136.5,Other
navy beans cooked,255,1.1,0.2,0.3,0.9,47.4,0.7,15.0,19.1,0.0,0.4,116.1,0.0,0.4,0.3,0.0,0.1,1.2,0.5,0.3,0.0,0.0,0.08,0.002,125.6,0.4,4.3,96.5,1.0,262.1,708.0,0.012,1.9,212.5,Legumes & Beans
cowpeas cooked,81,0.4,0.037,0.039,0.2,14.5,2.3,5.4,4.6,0.0,0.037,49.0,0.0,0.0,0.1,0.1,0.0,0.015,0.3,0.3,0.025,0.3,0.0,0.2,0.033,16.8,0.2,1.8,37.1,0.3,109.2,194.6,0.012,25.166,Other
mothbeans cooked,207,1.0,0.2,0.062,0.5,37.1,0.0,13.8,0.0,0.0,0.086,122.5,0.0,0.2,0.3,0.0,0.088,1.2,0.7,0.2,1.8,0.0,0.0,0.0,5.3,0.3,5.6,184.1,0.9,265.5,538.1,0.034,1.0,64.6,Other
french beans cooked,228,1.3,0.1,0.046,0.8,42.5,0.0,12.5,16.6,0.0,0.003,117.8,0.0,0.0,0.2,0.1,0.0,0.1,1.0,0.4,0.2,2.1,0.0,0.0,0.0,111.5,0.2,1.9,99.1,0.7,180.5,654.9,0.041,73.3,Legumes & Beans
adzuki beans cooked,294,0.2,0.067,0.021,0.024,57.0,0.0,17.3,16.8,0.0,0.079,152.5,0.0,0.0,0.3,0.3,0.0,0.1,1.6,1.0,0.2,0.0,0.0,0.0,0.0,64.4,0.7,4.6,119.6,1.3,386.4,1223.6,0.022,92.2,Legumes & Beans
catjang cowpeas cooked,200,1.2,0.3,0.1,0.5,34.7,0.0,13.9,6.2,0.0,0.021,119.2,0.0,0.0,0.3,0.2,0.0,0.055,1.2,0.7,0.2,0.7,0.0,0.0,0.0,44.5,0.5,5.2,164.2,0.8,242.8,641.3,0.045,56.7,Other
baby lima beans cooked,189,0.5,0.1,0.06,0.3,35.0,2.5,12.0,10.8,0.0,0.064,130.2,0.0,0.0,0.1,0.003,0.0,0.097,1.4,0.3,0.2,10.4,0.0,1.2,0.06,50.4,0.4,3.5,100.8,1.5,201.6,739.8,0.079,58.952,Legumes & Beans
shellie beans canned,74,0.5,0.034,0.07,0.3,15.2,1.5,4.3,8.3,0.0,0.8,222.2,0.0,0.0,0.06,0.008,0.0,0.1,0.5,0.3,0.1,7.6,0.0,0.048,0.051,71.1,0.2,2.4,36.8,0.9,73.5,267.1,0.094,28.668,Legumes & Beans
pinto beans canned,197,1.3,0.3,0.3,0.5,36.4,2.4,11.0,11.0,0.0,0.6,187.7,0.0,0.1,0.03,0.0,0.063,0.6,0.3,0.2,1.7,0.0,1.4,0.09,112.8,0.4,3.5,79.2,0.8,220.8,662.4,0.0,1.3,177.7,Legumes & Beans
chickpeas cooked,269,4.2,0.4,1.0,1.9,45.0,7.9,14.5,12.5,0.0,0.08,98.7,0.0,0.2,0.3,0.0,0.1,0.9,0.5,0.2,2.1,0.0,0.6,0.024,80.4,0.6,4.7,78.7,1.7,275.5,477.2,0.031,2.5,163.4,Other
mungo beans cooked,189,1.0,0.065,0.001,0.6,33.0,3.6,13.6,11.5,0.0,0.083,130.5,0.0,0.3,0.2,0.0,0.1,2.7,0.8,0.1,1.8,0.0,0.3,0.092,95.4,0.3,3.2,113.4,0.7,280.8,415.8,0.042,1.5,159.5,Legumes & Beans
tamarinds,5,0.013,0.023,0.038,0.036,1.3,0.8,0.057,0.1,0.0,0.007,0.6,0.0,0.0,0.084,0.062,0.0,0.012,0.04,0.078,0.058,0.09,0.0,0.053,0.03,1.5,0.032,0.005,1.8,0.0,2.3,12.6,0.009,1.708,Other
yellow snap beans cooked,44,0.4,0.037,0.065,0.2,9.9,4.5,2.4,4.1,0.0,0.096,111.5,0.0,0.0,0.094,0.063,0.0,0.1,0.8,0.083,0.062,12.1,0.0,0.6,0.025,57.5,0.1,1.6,31.3,0.4,48.8,373.8,0.037,17.003,Legumes & Beans
yardlong beans cooked,202,0.8,0.2,0.027,0.3,36.1,0.0,14.2,6.5,0.0,0.059,117.6,0.0,0.0,0.4,0.2,0.0,0.1,0.9,0.7,0.2,0.7,0.0,0.0,0.0,71.8,0.4,4.5,167.6,0.8,309.5,538.7,0.012,58.2,Legumes & Beans
bacon beef steak,146,12.5,4.5,6.2,1.2,0.2,0.2,8.2,0.0,28.9,0.4,6.1,0.0,0.2,0.077,0.054,0.09,1.4,0.3,0.1,0.0,0.0,0.0,0.091,4.0,0.039,0.5,4.8,0.064,40.2,109.0,0.02,0.9,25.4,Red Meat
bacon,106,10.2,0.0,0.0,0.0,0.2,0.2,3.3,0.0,0.0,0.1,11.7,0.0,0.0,0.0,0.069,0.0,0.0,0.0,0.0,0.0,0.0,0.1,0.0,1.0,0.08,0.1,3.1,0.077,46.8,131.6,0.0,0.3,14.8,Red Meat
lamb rib cooked,915,76.0,32.6,31.9,5.5,0.0,0.0,53.9,0.0,247.4,0.2,122.1,0.0,0.2,0.084,0.082,0.5,17.2,1.6,0.3,0.0,0.0,0.3,0.0,56.1,0.3,4.1,51.0,0.001,423.3,691.1,0.065,8.9,190.1,Red Meat
scrapple,60,3.9,1.3,1.7,0.5,4.0,0.063,2.3,0.052,13.9,0.1,17.7,0.2,0.091,0.032,0.011,0.049,0.6,0.0,0.03,0.7,0.075,0.039,0.057,2.0,0.024,0.5,3.7,0.0,21.5,44.7,0.017,0.3,13.63,Other
chicken nuggets,61,4.1,0.7,1.5,1.3,3.0,0.039,3.2,0.2,8.6,0.1,9.3,0.015,0.011,0.041,0.064,0.049,0.054,1.2,0.2,0.095,0.1,0.01,0.2,0.058,2.2,0.091,0.2,4.8,0.023,54.4,50.2,0.009,10.792,Poultry
ground lamb cooked,886,61.5,25.4,26.0,4.4,0.0,0.0,77.5,0.0,303.6,0.3,172.4,0.0,0.3,0.062,0.064,0.8,21.0,2.1,0.4,0.0,0.079,0.4,0.003,68.9,0.4,5.6,75.1,0.071,629.1,1061.1,0.024,14.6,213.5,Red Meat
lamb meat cooked,678,45.0,18.6,19.1,3.2,0.0,0.0,63.8,0.0,240.0,0.2,139.6,0.0,0.3,0.013,0.068,0.7,16.4,1.7,0.4,0.0,0.0,0.0,0.0,40.0,0.3,4.8,60.0,0.07,482.5,795.0,0.026,11.9,153.6,Red Meat
meat extender,275,2.6,0.4,0.6,1.5,33.7,0.0,33.5,15.4,0.0,0.041,6.6,0.0,0.6,0.2,0.065,0.8,19.4,1.3,1.2,0.0,0.0,0.0,0.0,179.5,0.3,10.6,190.1,0.2,562.3,1673.8,0.038,1.9,275.3,Other
lamb loin cooked,202,14.8,6.3,6.2,1.1,0.0,0.0,16.1,0.0,64.0,0.089,33.0,0.0,0.034,0.003,0.014,0.2,4.5,0.4,0.013,0.0,0.024,0.087,0.062,12.8,0.068,1.2,15.4,0.09,125.4,209.3,0.039,2.2,44.9,Red Meat
chicken patty,172,11.7,2.2,5.0,2.9,7.7,0.0,8.9,0.2,25.8,0.3,30.5,0.0,0.067,0.063,0.072,0.042,2.9,0.7,0.1,0.0,0.0,0.8,0.082,11.4,0.056,0.6,14.4,0.2,124.8,156.6,0.014,0.6,40.5,Poultry
lamb shank roasted,605,33.5,13.7,14.2,2.4,0.0,0.0,71.0,0.0,242.1,0.2,163.2,0.0,0.3,0.085,0.051,0.7,17.6,1.9,0.4,0.0,0.0,0.4,0.0,26.9,0.3,5.3,67.3,0.089,532.6,876.9,0.057,12.5,136.7,Red Meat
barbecue loaf,40,2.0,0.7,1.0,0.2,1.5,0.0,3.6,0.0,8.5,0.3,14.9,0.0,0.042,0.038,0.039,0.086,0.5,0.4,0.07,0.0,0.099,0.0,0.0,12.7,0.029,0.3,3.9,0.089,30.4,75.7,0.009,0.6,20.1,Other
lamb sirloin cooked,765,54.2,22.9,22.8,3.9,0.0,0.0,64.5,0.0,254.1,0.2,141.8,0.0,0.3,0.086,0.086,0.7,17.3,1.8,0.4,0.0,0.0,0.3,0.0,28.8,0.3,5.2,57.6,0.028,479.5,788.6,0.089,10.8,152.7,Red Meat
poultry salad,26,1.8,0.4,0.4,0.8,1.0,0.0,1.5,0.0,3.9,0.079,8.6,0.084,0.066,0.093,0.037,0.081,0.2,0.011,0.009,0.1,0.063,0.3,0.0,1.3,0.072,0.097,1.3,0.049,4.3,23.8,0.024,0.1,5.781,Poultry
sausage patty mcdonalds,115,11.2,3.6,4.7,1.4,0.4,0.1,4.3,0.0,20.9,0.2,11.7,0.0,0.008,0.0,0.025,0.01,1.3,0.2,0.077,0.0,0.0,0.0,0.0,6.5,0.017,0.3,4.5,0.038,39.6,75.8,0.0,0.4,22.7,Fast Food
lamb foreshank cooked,360,19.9,8.3,8.4,1.4,0.0,0.0,42.0,0.0,156.9,0.1,84.1,0.0,0.087,0.026,0.008,0.3,8.1,0.9,0.1,0.0,0.002,0.3,0.091,29.6,0.2,3.2,32.6,0.024,245.7,380.4,0.087,11.4,94.7,Red Meat
ham salad,97,7.0,2.3,3.2,1.2,4.8,0.0,3.9,0.0,16.7,0.5,28.2,0.0,0.2,0.084,0.039,0.006,0.9,0.1,0.047,0.0,0.012,0.8,0.0,3.6,0.065,0.3,4.5,0.083,54.0,67.5,0.059,0.5,19.6,Red Meat
lamb shoulder cooked,750,53.5,22.5,21.9,4.4,0.0,0.0,62.5,0.0,252.9,0.2,98.5,0.0,0.2,0.041,0.024,0.5,13.8,1.3,0.2,0.0,0.0,0.3,0.0,54.5,0.3,5.2,52.3,0.04,405.5,540.6,0.094,13.9,175.7,Red Meat
mutton cooked,66,3.1,1.5,1.3,0.2,0.027,0.0,9.5,0.0,30.8,0.07,15.3,0.0,0.036,0.0,0.066,0.027,1.8,0.3,0.1,0.0,0.0,0.2,0.0,2.8,0.068,1.3,8.8,0.0,77.0,115.7,0.094,1.7,16.744,Red Meat
lamb leg cooked,684,43.7,18.3,18.4,3.1,0.0,0.0,67.7,0.0,246.5,0.2,152.3,0.0,0.3,0.058,0.065,0.7,17.5,1.8,0.4,0.0,0.099,0.4,0.025,29.2,0.3,5.2,63.6,0.071,506.2,829.5,0.064,11.7,145.8,Red Meat
beef stick,110,9.9,4.2,4.1,0.9,1.1,0.0,4.3,0.0,26.6,0.3,3.8,0.0,0.071,0.0,0.002,0.063,0.9,0.016,0.024,1.4,0.0,0.0,0.0,13.6,0.097,0.7,4.2,0.007,36.0,51.4,0.0,0.5,31.0,Red Meat
veal sirloin cooked,517,26.9,10.6,10.6,1.8,0.0,0.0,64.1,0.0,221.4,0.2,111.7,0.0,0.1,0.032,0.048,0.7,13.5,2.1,0.7,0.0,0.0,0.8,0.0,34.9,0.3,2.5,55.4,0.072,498.2,658.1,0.058,8.9,128.4,Red Meat
veal rib cooked,444,22.2,8.8,8.2,1.7,0.0,0.0,57.4,0.0,246.0,0.2,94.4,0.0,0.033,0.058,0.057,0.5,13.3,1.9,0.6,0.0,0.0,0.6,0.092,38.9,0.2,2.5,44.3,0.076,371.7,541.6,0.046,9.9,121.0,Red Meat
veal meat cooked,483,23.8,8.9,9.2,1.7,0.0,0.0,62.9,0.0,238.3,0.2,119.3,0.0,0.1,0.064,0.057,0.7,16.7,2.6,0.6,0.0,0.0,0.8,0.069,46.0,0.2,2.4,54.3,0.084,499.5,679.3,0.061,9.9,135.1,Red Meat
beef rib roasted,238,19.1,7.7,8.2,0.7,0.0,0.0,15.4,0.0,57.0,0.01,32.0,0.0,0.049,0.075,0.031,0.1,2.5,0.2,0.2,0.0,0.037,0.2,0.015,6.7,0.086,1.6,13.4,0.062,115.9,196.3,0.01,3.9,42.8,Red Meat
beef top loin filet grilled,323,19.0,6.5,8.6,0.6,0.8,0.0,37.0,0.0,116.1,0.1,76.7,0.9,0.063,0.1,0.018,0.016,0.4,5.6,0.0,0.6,0.0,0.03,0.0,0.019,9.5,0.2,4.5,36.5,0.0,318.6,507.6,0.077,58.507,Red Meat
beef under blade steak cooked,983,46.7,17.9,22.6,2.3,0.0,0.0,140.8,0.0,480.4,0.3,260.9,1.9,0.002,0.3,0.03,0.068,1.1,17.9,3.5,1.5,0.0,0.022,0.4,0.044,62.9,0.5,14.4,98.8,0.085,929.4,1382.9,0.2,191.483,Red Meat
ground beef cooked,375,24.8,10.0,12.0,0.7,0.0,0.0,35.5,0.0,122.3,0.1,77.5,1.6,0.0,0.007,0.098,0.06,0.3,6.8,1.1,0.6,0.0,0.0,0.7,0.052,57.0,0.1,3.4,27.8,0.044,280.8,455.9,0.081,62.697,Red Meat
beef diced asda,48,0.7,0.3,0.0,0.0,10.5,0.054,0.0,0.0,0.0,0.0,0.0,0.0,0.0,0.0,0.0,0.0,0.0,0.0,0.0,0.0,0.0,0.0,0.0,0.0,0.0,0.0,0.0,0.0,0.0,0.0,0.0,0.0,11.2,Red Meat
t bone steak cooked,1049,74.1,30.3,33.3,3.3,0.0,0.0,89.3,0.0,301.3,0.2,197.8,4.6,0.0,0.2,0.042,0.046,0.8,19.9,1.1,2.4,0.0,0.095,0.0,0.0,69.0,0.2,11.8,65.3,0.001,729.6,900.2,0.041,170.6,Red Meat
beef plate steak grilled,508,35.6,12.9,14.3,2.0,0.0,0.0,47.1,0.0,177.5,0.1,89.5,1.7,0.021,0.2,0.017,0.054,1.4,8.9,2.3,0.8,0.0,0.011,0.2,0.047,13.9,0.4,8.9,41.8,0.4,321.9,487.2,0.088,85.652,Red Meat
ground veal cooked,514,22.6,9.1,8.5,1.6,0.0,0.0,72.9,0.0,308.0,0.2,199.6,0.0,0.2,0.03,0.032,0.8,24.0,3.5,1.2,0.0,0.0,0.4,0.006,50.8,0.3,3.0,71.8,0.1,648.8,1007.6,0.011,11.6,149.3,Red Meat
veal leg round cooked,574,17.2,6.9,6.4,1.3,0.0,0.0,98.4,0.0,364.5,0.2,150.9,0.0,0.2,0.067,0.072,1.0,28.7,2.8,1.0,0.0,0.0,1.3,0.096,21.8,0.4,3.6,78.9,0.1,677.3,1041.8,0.089,10.8,141.0,Red Meat
veal breast cooked,753,47.5,18.5,22.7,3.2,0.0,0.0,76.3,0.0,319.8,0.2,158.3,0.0,0.2,0.089,0.081,0.8,22.6,2.9,0.7,0.0,0.0,0.0,0.0,25.5,0.2,2.2,56.6,0.027,540.5,769.8,0.057,10.3,151.5,Red Meat
corned beef canned,53,3.1,1.3,1.3,0.1,0.0,0.0,5.7,0.0,18.1,0.2,12.1,0.0,0.076,0.057,0.018,0.049,0.5,0.1,0.032,0.0,0.016,0.02,0.041,2.5,0.012,0.4,2.9,0.092,23.3,28.6,0.054,0.7,11.7,Red Meat
rib eye steak grilled,680,47.7,21.2,23.0,2.2,0.0,0.0,62.4,0.0,195.8,0.1,139.5,0.047,0.2,0.036,0.002,0.8,12.9,0.0,1.3,0.0,0.032,0.0,0.065,30.1,0.2,6.0,57.7,0.0,409.1,700.3,0.085,15.9,146.262,Red Meat
sirloin steak,324,14.1,5.2,6.1,1.1,0.0,0.0,49.5,0.0,144.4,0.6,99.9,0.6,0.0,0.1,0.0,0.051,0.6,9.4,1.5,1.1,0.0,0.0,0.9,0.0,16.6,0.2,4.3,44.8,0.082,381.8,629.1,0.083,65.5,Red Meat
mock tender steak cooked,137,4.9,1.5,2.3,0.3,0.0,0.0,21.9,0.0,55.3,0.028,55.7,0.0,0.09,0.025,0.063,0.2,3.1,0.0,0.3,0.0,0.0,0.1,0.0,6.8,0.1,2.6,19.6,0.0,198.9,249.1,0.073,6.7,36.2,Red Meat
beef round steak cooked,385,12.1,4.3,5.1,0.5,0.0,0.0,64.8,0.0,174.3,0.011,126.8,0.0,0.1,0.032,0.042,0.3,11.3,1.3,0.9,0.0,0.0,0.8,0.064,14.4,0.2,5.2,41.0,0.033,395.7,516.6,0.091,10.7,96.5,Red Meat
beef top blade cooked,184,10.0,3.3,4.6,0.4,0.0,0.0,21.9,0.0,51.9,0.002,52.3,0.0,0.1,0.016,0.095,0.2,3.2,0.8,0.3,0.0,0.0,0.1,0.0,6.0,0.057,2.3,20.4,0.0,181.9,254.2,0.098,7.4,40.2,Red Meat
corned beef cooked,53,4.0,1.3,1.9,0.1,0.006,0.0,3.8,0.0,20.6,0.2,12.6,0.0,0.048,0.094,0.066,0.027,0.6,0.082,0.034,0.0,0.015,0.022,0.096,1.7,0.009,0.4,2.5,0.025,26.3,30.5,0.034,1.0,9.905,Red Meat
beef shoulder steak grilled,155,5.8,2.5,3.0,0.6,0.0,0.0,24.0,0.0,68.9,0.014,54.4,0.063,0.083,0.043,0.055,0.2,4.7,0.7,0.6,0.0,0.012,0.072,0.067,10.2,0.056,2.5,21.3,0.03,208.3,311.1,0.084,6.8,42.589,Red Meat
beef bottom round steak cooked,980,35.1,12.1,14.7,1.5,0.0,0.0,155.8,0.0,426.4,0.2,261.0,0.0,0.4,0.045,0.014,0.9,28.0,3.1,2.1,0.0,0.075,2.0,0.091,31.8,0.4,13.0,104.3,0.038,984.3,1279.2,0.2,26.8,235.7,Red Meat
porterhouse steak cooked,235,16.4,6.2,7.4,0.6,0.0,0.0,20.4,0.0,57.0,0.085,46.5,0.0,0.099,0.069,0.024,0.2,3.6,0.3,0.3,0.0,0.0,0.2,0.0,6.0,0.1,2.5,18.7,0.095,164.1,254.2,0.087,3.9,45.3,Red Meat
beef meat canned,111,7.9,3.9,3.6,0.4,0.0,0.0,9.2,0.0,34.7,0.095,27.5,0.0,0.037,0.013,0.037,0.082,1.9,0.041,0.041,0.0,0.0,0.9,0.018,4.5,0.079,1.0,7.2,0.088,63.0,102.2,0.055,2.2,22.6,Red Meat
beef brisket cooked,589,43.6,16.8,19.4,1.5,0.0,0.0,46.0,0.0,165.5,0.1,88.3,0.0,0.1,0.026,0.021,0.4,5.8,0.6,0.5,0.0,0.041,0.3,0.082,12.5,0.2,4.4,35.6,0.076,368.5,446.8,0.063,10.3,106.5,Red Meat
beef mince meat asda,55,3.1,1.3,0.0,0.0,6.8,0.054,0.0,0.0,0.0,0.0,0.0,0.0,0.0,0.0,0.0,0.0,0.0,0.0,0.0,0.0,0.0,0.0,0.0,0.0,0.0,0.0,0.0,0.0,0.0,0.0,0.0,0.0,9.9,Red Meat
pastrami beef fat free,9,0.1,0.0,0.036,0.099,0.1,0.0,1.9,0.0,4.5,0.005,7.1,0.0,0.04,0.076,0.051,0.043,0.5,0.073,0.079,3.3,0.0,0.0,0.0,0.9,0.078,0.3,1.7,0.047,14.3,21.7,0.044,0.4,6.6,Red Meat
beef tenderloin steak cooked,374,24.0,9.4,10.0,0.9,0.0,0.0,37.0,0.0,135.8,0.061,78.5,0.0,0.1,0.016,0.067,0.2,9.9,0.7,0.8,0.0,0.028,0.7,0.028,26.6,0.1,2.4,30.8,0.076,287.0,460.6,0.018,6.7,90.0,Red Meat
chuck blade roast cooked,842,62.0,24.7,26.8,2.2,0.0,0.0,66.1,0.0,256.9,0.2,117.7,0.0,0.2,0.005,0.024,0.6,6.0,0.8,0.6,0.0,0.003,0.5,0.006,32.1,0.3,7.7,46.9,0.089,498.9,575.5,0.061,20.8,167.9,Other
cured beef dried,4,0.019,0.086,0.088,0.007,0.06,0.006,0.9,0.0,2.2,0.049,1.5,0.0,0.017,0.058,0.025,0.002,0.1,0.065,0.032,0.0,0.0,0.026,0.087,0.2,0.091,0.004,0.5,0.018,5.1,6.6,0.01,0.1,1.333,Red Meat
beef flank steak cooked,380,17.5,7.2,7.1,0.7,0.0,0.0,51.8,0.0,152.3,0.068,119.1,0.0,0.1,0.021,0.003,0.2,14.0,1.0,1.0,0.0,0.0,0.7,0.069,33.8,0.2,3.4,41.4,0.095,377.9,612.9,0.073,9.0,106.5,Red Meat
chuck eye steak grilled,853,60.5,26.7,29.1,4.4,0.0,0.0,76.9,0.0,268.0,0.2,170.1,4.0,0.012,0.2,0.083,0.085,0.6,14.4,2.3,1.1,0.0,0.093,0.3,0.02,49.3,0.2,7.5,67.8,0.045,594.4,1001.0,0.012,142.79,Red Meat
veal loin cooked,80,4.9,1.9,1.9,0.3,0.0,0.0,8.5,0.0,33.4,0.001,14.7,0.0,0.011,0.096,0.069,0.053,2.6,0.2,0.039,0.0,0.0,0.1,0.049,7.9,0.074,0.3,6.8,0.047,62.3,79.2,0.082,1.0,21.6,Red Meat
veal shoulder cooked,435,19.4,7.2,7.4,1.4,0.0,0.0,61.2,0.0,240.7,0.2,107.7,0.0,0.1,0.049,0.005,0.6,12.3,2.9,0.5,0.0,0.0,0.8,0.06,66.9,0.3,2.7,51.6,0.037,477.5,590.2,0.091,12.6,150.2,Red Meat
veal shank cooked,371,12.0,4.0,4.5,1.0,0.0,0.0,61.2,0.0,240.6,0.2,119.8,0.0,0.062,0.018,0.016,0.6,18.3,2.4,0.5,0.0,0.0,0.0,0.0,64.0,0.2,2.4,48.5,0.017,436.5,591.7,0.099,12.9,139.6,Red Meat
pastrami beef,104,4.1,1.9,1.5,0.1,0.3,0.08,15.5,0.0,48.3,0.8,49.4,0.0,0.084,0.031,0.072,0.1,3.0,0.2,0.2,0.2,0.09,0.085,0.038,7.1,0.024,1.6,12.1,0.048,124.3,149.1,0.075,3.5,28.8,Red Meat
beef top sirloin steak cooked,430,25.2,9.9,10.5,1.0,0.0,0.0,47.7,0.0,162.8,0.055,103.3,0.0,0.1,0.075,0.072,0.2,12.7,0.9,1.0,0.0,0.009,0.8,0.069,35.4,0.1,3.1,38.9,0.063,369.9,594.7,0.026,8.6,111.4,Red Meat
beef jerky,82,5.1,2.2,2.3,0.2,2.2,1.8,6.6,0.4,9.6,0.4,4.7,0.0,0.059,0.093,0.061,0.084,0.3,0.045,0.048,0.0,0.022,0.018,0.081,4.0,0.029,1.1,10.2,0.072,81.4,119.4,0.046,1.6,19.4,Red Meat
beef breakfast strips cooked,51,3.9,1.6,1.9,0.2,0.2,0.0,3.5,0.0,13.4,0.3,3.0,0.0,0.077,0.02,0.001,0.034,0.7,0.085,0.013,0.0,0.025,0.05,0.016,1.0,0.06,0.4,3.1,0.097,26.7,46.6,0.023,0.7,9.0,Red Meat
pork olive loaf,66,4.6,1.6,2.2,0.5,2.6,0.0,3.3,0.0,10.6,0.3,16.3,0.019,0.097,0.069,0.03,0.071,0.5,0.2,0.073,0.0,0.024,0.031,0.065,30.5,0.023,0.2,5.3,0.015,35.6,83.2,0.087,0.4,41.265,Red Meat
beef luncheon meat jellied,31,0.9,0.4,0.4,0.034,0.0,0.0,5.3,0.0,9.5,0.4,20.9,0.0,0.01,0.027,0.068,0.094,1.4,0.2,0.078,0.0,0.0,0.0,0.0,2.8,0.1,1.0,5.0,0.058,38.9,112.6,0.032,1.0,10.0,Red Meat
turkey pastrami,38,1.8,0.5,0.6,0.5,0.5,1.0,4.6,0.062,19.4,0.3,20.4,0.057,0.044,0.035,0.043,0.071,1.0,0.2,0.021,2.3,0.003,0.058,0.0,3.1,0.023,1.2,4.0,0.055,57.0,98.3,0.014,0.6,13.579,Poultry
pork salami,41,3.4,1.2,1.6,0.4,0.2,0.0,2.3,0.0,7.9,0.2,3.6,0.0,0.056,0.094,0.035,0.072,0.6,0.1,0.072,0.0,0.0,0.0,0.0,1.3,0.077,0.1,2.2,0.042,22.9,37.8,0.041,0.4,7.3,Red Meat
honey loaf,85,3.6,1.3,1.7,0.3,2.6,2.6,9.9,0.0,26.2,0.4,38.4,0.0,0.2,0.046,0.028,0.2,1.8,0.4,0.2,0.0,0.021,0.1,0.048,30.8,0.085,0.6,11.4,0.002,96.9,224.6,0.038,1.8,47.5,Other
pork beef salami,37,3.1,1.1,1.4,0.5,0.076,0.008,2.1,0.0,10.6,0.2,4.0,0.093,0.086,0.042,0.0,0.042,0.096,0.6,0.1,0.032,0.0,0.059,0.088,0.0,2.4,0.042,0.1,2.0,0.06,18.8,35.6,0.06,5.334,Red Meat
beef pork bologna,92,7.4,2.8,3.2,0.3,1.6,1.3,4.6,0.0,18.0,0.3,15.6,0.078,0.058,0.072,0.06,0.031,0.8,0.1,0.099,0.2,0.045,0.0,0.002,25.5,0.081,0.4,5.1,0.027,48.9,94.5,0.093,0.7,39.702,Red Meat
pork beef salami cooked,41,3.2,1.1,1.4,0.3,0.3,0.1,2.7,0.0,10.9,0.2,5.6,0.0,0.079,0.039,0.014,0.007,0.7,0.1,0.001,0.0,0.09,0.075,0.048,1.8,0.071,0.2,2.3,0.1,23.5,38.9,0.022,0.4,8.2,Red Meat
pickle pimiento loaf,86,6.1,2.0,2.7,1.1,3.2,3.2,4.3,0.6,22.0,0.4,22.9,0.007,0.1,0.093,0.063,0.065,0.9,0.2,0.2,3.0,0.079,0.2,0.036,41.4,0.005,0.5,12.9,0.024,58.1,141.0,0.047,0.6,59.105,Other
luxury loaf,39,1.3,0.4,0.7,0.1,1.4,0.0,5.2,0.0,10.1,0.3,19.1,0.0,0.2,0.055,0.055,0.033,1.0,0.1,0.011,0.0,0.08,0.0,0.0,10.1,0.015,0.3,5.6,0.004,51.8,105.6,0.009,0.9,18.3,Other
mortadella,47,3.8,1.4,1.7,0.5,0.5,0.0,2.5,0.0,8.4,0.2,7.8,0.0,0.07,0.015,0.011,0.089,0.4,0.084,0.094,0.0,0.021,0.067,0.018,2.7,0.032,0.2,1.7,0.098,14.6,24.5,0.036,0.3,9.7,Other
pork bologna,69,5.6,1.9,2.7,0.6,0.2,0.0,4.3,0.0,16.5,0.3,17.0,0.0,0.1,0.077,0.087,0.077,1.1,0.2,0.096,0.0,0.032,0.035,0.04,3.1,0.099,0.2,3.9,0.092,38.9,78.7,0.023,0.6,13.4,Red Meat
turkey salami cooked,9,0.5,0.1,0.2,0.1,0.081,0.063,1.0,0.054,3.8,0.023,3.4,0.085,0.068,0.036,0.048,0.075,0.2,0.061,0.001,0.0,0.057,0.017,0.094,2.0,0.026,0.026,1.1,0.025,13.3,10.8,0.072,0.1,3.796,Poultry
pepperoni beef,10,0.9,0.3,0.3,0.053,0.0,0.0,0.5,0.0,2.1,0.09,0.6,0.0,0.088,0.07,0.032,0.014,0.026,0.07,0.006,0.097,0.04,0.0,0.043,0.4,0.009,0.035,0.4,0.014,3.5,5.6,0.035,0.027,1.902,Red Meat
peppered loaf,42,1.8,0.6,0.9,0.1,1.3,1.3,4.9,0.0,13.1,0.2,19.2,0.0,0.1,0.064,0.012,0.005,0.9,0.2,0.081,0.0,0.079,0.084,0.032,15.4,0.047,0.3,5.7,0.046,48.5,112.3,0.059,0.9,23.7,Other
luncheon meat beef,10,0.3,0.1,0.1,0.013,0.0,0.0,1.8,0.0,3.2,0.1,6.9,0.0,0.057,0.095,0.5,0.067,0.4,0.007,0.054,0.0,0.026,0.059,0.076,0.9,0.011,0.3,1.7,0.054,12.9,37.4,0.055,0.3,3.3,Red Meat
lebanon bologna,98,6.0,1.6,2.5,0.1,0.3,0.0,10.8,0.0,31.4,0.8,37.5,0.052,0.066,0.024,0.093,0.051,1.8,0.2,0.2,0.5,0.065,0.3,0.073,11.4,0.093,1.2,11.4,0.002,109.4,188.1,0.059,2.2,30.243,Other
chicken pork bologna,94,8.6,2.8,3.7,1.2,1.2,0.0,2.9,0.0,24.4,0.3,14.2,0.01,0.094,0.081,0.001,0.041,1.0,0.2,0.081,3.7,0.0,0.2,0.048,54.9,0.056,0.3,4.5,0.042,62.4,45.4,0.0,0.3,71.678,Poultry
turkey roll,40,1.9,0.6,0.6,0.5,0.6,0.0,4.9,0.0,14.9,0.1,18.9,0.0,0.038,0.072,0.075,0.013,1.3,0.2,0.089,0.0,0.075,0.009,0.0,8.6,0.088,0.4,4.9,0.085,45.4,72.9,0.049,0.5,16.4,Poultry
beef salami cooked,68,5.8,2.6,2.8,0.3,0.5,0.4,3.3,0.0,18.5,0.3,15.6,0.0,0.046,0.036,0.012,0.099,0.8,0.2,0.051,0.0,0.044,0.093,0.082,1.6,0.014,0.6,3.4,0.083,53.3,48.9,0.088,0.5,11.8,Red Meat
yachtwurst cooked,150,12.7,4.4,0.0,0.0,0.8,0.0,8.3,0.0,35.8,0.5,32.6,0.0,0.0,0.0,0.0,0.0,0.0,0.0,0.0,0.0,0.0,0.0,0.0,10.6,0.0,0.6,0.0,0.0,0.0,0.0,0.0,0.0,33.0,Other
italian salami,43,3.7,1.3,1.8,0.4,0.1,0.1,2.2,0.0,8.0,0.2,3.5,0.0,0.025,0.024,0.071,0.009,0.6,0.1,0.015,0.0,0.0,0.0,0.0,1.0,0.057,0.2,2.2,0.052,22.9,34.0,0.035,0.4,7.2,Red Meat
turkey ham,38,1.6,0.1,0.2,0.3,0.3,0.1,5.5,0.0,18.8,0.3,20.2,0.0,0.094,0.096,0.044,0.011,1.0,0.2,0.024,0.0,0.0,0.1,0.0,1.4,0.047,0.4,5.6,0.074,85.1,83.7,0.043,0.7,9.2,Poultry
turkey bologna,59,4.5,1.2,1.9,1.1,1.3,0.8,3.2,0.1,21.0,0.3,18.1,0.025,0.046,0.098,0.0,0.085,0.7,0.1,0.004,3.7,0.032,0.1,0.037,34.4,0.04,0.8,4.5,0.086,31.9,37.8,0.059,0.4,48.096,Poultry
sliced turkey breast,17,0.6,0.1,0.2,0.2,0.4,0.1,2.4,0.0,7.8,0.1,12.2,0.038,0.0,0.084,0.021,0.076,0.087,1.1,0.089,0.006,0.0,0.049,0.007,0.0,2.2,0.023,0.051,3.0,0.025,39.8,59.4,0.097,3.572,Poultry
luncheon meat pork beef,99,9.0,3.2,4.2,1.0,0.7,0.0,3.5,0.0,15.4,0.4,13.8,0.0,0.072,0.011,0.028,0.074,0.8,0.2,0.025,0.0,0.094,0.038,0.058,2.5,0.041,0.2,3.9,0.092,24.1,56.6,0.058,0.5,15.9,Red Meat
beef bologna,90,7.8,3.1,3.7,0.4,1.3,0.6,3.3,0.0,17.1,0.3,16.6,0.4,0.043,0.019,0.052,0.031,0.014,0.7,0.1,0.085,4.6,0.083,0.2,0.053,6.3,0.01,0.4,3.9,0.055,46.2,105.3,0.018,12.962,Red Meat
turkey bacon cooked,313,22.9,6.8,8.9,5.6,2.5,0.0,24.3,0.0,80.4,1.9,26.7,0.0,0.04,0.021,0.045,0.2,2.9,0.0,0.3,0.0,0.076,0.8,0.028,7.4,0.1,1.7,23.8,0.0,377.2,323.9,0.092,2.5,58.8,Poultry
ground emu cooked,178,5.1,1.4,2.1,0.7,0.0,0.0,31.0,0.0,94.8,0.025,71.8,0.2,0.0,0.3,0.038,0.014,0.6,9.7,3.4,0.9,0.0,0.0,0.3,0.044,8.7,0.3,5.5,31.6,0.085,293.2,408.8,0.044,37.595,Other
emu fillet cooked,607,9.1,2.3,3.6,1.3,0.0,0.0,123.2,0.0,323.1,0.2,261.7,0.0,1.4,0.05,0.062,2.4,38.7,13.3,3.6,0.0,0.0,0.9,0.0,23.6,0.9,18.0,118.2,0.1,1071.7,1564.2,0.2,12.6,173.9,Other
emu drums cooked,649,8.4,2.7,3.6,1.7,0.0,0.0,134.7,0.0,378.6,0.5,267.5,0.084,1.7,0.042,0.084,2.6,42.3,14.6,3.9,0.0,0.0,1.0,0.0,25.0,1.1,30.2,137.3,0.1,1277.1,1297.9,0.2,21.2,198.375,Other
ground bison cooked,448,21.6,8.7,8.2,1.0,0.0,0.0,63.6,0.0,177.5,0.2,162.7,0.0,0.3,0.015,0.006,0.7,14.9,0.0,1.0,0.0,0.0,0.5,0.011,35.0,0.4,8.0,57.5,0.0,532.5,882.5,0.006,13.4,128.2,Other
ostrich tip cooked,123,2.2,0.9,0.8,0.4,0.0,0.0,24.2,0.0,72.3,0.086,58.2,0.0,0.2,0.02,0.077,0.2,6.1,1.1,0.5,0.0,0.0,0.2,0.0,5.1,0.1,2.4,21.3,0.013,213.4,307.7,0.019,4.1,33.9,Other
caribou cooked,210,6.4,2.5,2.0,1.0,0.0,0.0,38.0,0.0,141.2,0.004,86.4,0.1,0.4,0.055,0.032,1.1,7.8,2.0,0.5,0.0,0.0,1.2,0.009,6.6,0.4,6.3,31.7,0.049,283.8,323.4,0.073,5.7,57.4,Other
ground ostrich cooked,163,6.6,1.7,2.0,0.7,0.0,0.0,24.3,0.0,77.2,0.099,62.4,0.2,0.0,0.2,0.045,0.044,0.2,6.1,1.1,0.5,0.0,0.033,0.2,0.0,7.4,0.1,3.2,21.4,0.076,208.3,300.4,0.033,31.712,Other
ostrich leg cooked,120,1.6,0.6,0.6,0.3,0.0,0.0,24.7,0.0,62.1,0.016,59.5,0.0,0.2,0.074,0.023,0.3,6.2,1.1,0.5,0.0,0.0,0.2,0.0,5.1,0.1,2.7,21.3,0.035,207.4,299.2,0.05,4.0,34.1,Other
ostrich top loin cooked,132,3.3,1.1,1.1,0.3,0.0,0.0,23.9,0.0,79.1,0.029,57.8,0.1,0.0,0.2,0.082,0.062,0.2,6.0,1.1,0.5,0.0,0.0,0.2,0.046,5.1,0.1,2.8,21.3,0.075,208.3,300.1,0.017,27.982,Other
ostrich strip cooked,139,3.6,1.5,1.5,0.6,0.0,0.0,25.0,0.0,82.5,0.034,56.6,0.0,0.2,0.012,0.081,0.3,6.3,1.2,0.5,0.0,0.0,0.2,0.0,4.3,0.1,4.1,22.1,0.013,215.1,311.1,0.018,4.2,37.0,Other
veal brain cooked,461,32.6,7.4,5.9,5.1,0.0,0.0,38.9,0.0,10509.0,0.5,260.7,0.0,0.3,0.024,0.084,0.7,8.2,3.4,0.6,44.1,0.0,0.0,0.0,54.2,0.9,5.7,54.2,0.1,1305.2,725.5,0.055,5.5,175.5,Red Meat
veal tongue cooked,515,25.8,11.1,11.8,1.0,0.0,0.0,65.9,0.0,606.9,0.2,163.4,0.0,0.2,0.098,0.016,0.9,3.7,1.9,0.4,15.3,0.0,0.0,0.0,23.0,0.5,5.3,45.9,0.1,423.3,413.1,0.016,11.5,135.3,Red Meat
beef heart cooked,47,1.3,0.4,0.3,0.3,0.057,0.0,8.1,0.0,60.0,0.024,18.6,0.016,0.0,0.062,0.047,0.05,0.3,1.9,0.5,0.048,0.0,0.022,0.089,0.038,1.4,0.2,1.8,5.9,0.03,71.9,62.0,0.015,9.714,Red Meat
turkey liver cooked,100,4.3,1.2,0.6,1.1,0.0,0.0,14.3,0.0,343.4,0.083,33.9,5.7,0.1,0.4,0.096,1.4,5.9,2.3,0.5,12.0,0.0,0.083,0.068,10.1,0.6,0.9,13.8,0.2,165.4,81.1,0.022,2.4,47.3,Poultry
veal thymus cooked,35,0.9,0.3,0.3,0.066,0.0,0.0,6.4,0.0,99.1,0.036,20.8,0.0,0.055,0.052,0.095,0.084,1.0,0.3,0.005,11.2,0.0,0.079,0.0,1.1,0.029,0.4,6.8,0.063,177.4,123.1,0.059,0.6,20.0,Red Meat
beef brain cooked,688,55.6,13.1,14.0,8.1,0.0,0.0,44.1,0.0,7002.5,0.6,248.3,0.0,0.5,0.097,0.057,0.9,13.3,2.0,1.4,11.6,0.0,0.0,0.0,31.6,0.8,7.8,52.7,0.1,1354.9,1242.5,0.09,4.7,150.7,Red Meat
beef pancreas cooked,602,38.2,13.1,13.2,7.1,0.0,0.0,60.2,0.0,581.6,0.1,123.4,0.0,0.4,0.093,0.052,1.1,8.8,9.4,0.4,45.1,0.0,0.0,0.0,35.5,0.2,5.8,46.6,0.5,1005.7,546.1,0.1,10.2,184.8,Red Meat
beef tripe cooked,80,3.4,1.2,1.4,0.2,1.7,0.0,10.0,0.0,133.5,0.045,69.4,0.0,0.0,0.038,0.053,0.0,0.4,0.089,0.0,0.0,0.0,0.1,0.0,68.9,0.0,0.6,12.8,0.041,56.1,35.7,0.01,1.5,84.6,Red Meat
chicken gizzard cooked,223,3.9,1.0,0.8,0.5,0.0,0.0,44.1,0.0,536.5,0.069,98.5,0.0,0.094,0.074,0.095,0.3,4.5,0.7,0.1,0.0,0.0,0.3,0.0,24.7,0.2,4.6,4.4,0.1,274.1,259.6,0.047,6.4,77.3,Poultry
pork pancreas cooked,537,26.5,9.1,9.2,5.0,0.0,0.0,69.8,0.0,771.8,0.1,147.7,0.0,0.2,0.086,0.058,1.6,7.9,11.6,1.1,14.0,0.0,0.0,0.0,39.2,0.3,6.6,56.4,0.5,713.0,411.6,0.2,10.5,156.1,Red Meat
beef tongue cooked,80,6.3,2.3,2.9,0.2,0.0,0.0,5.5,0.0,37.4,0.029,16.4,0.0,0.042,0.007,0.072,0.025,1.0,0.2,0.067,0.4,0.067,0.074,0.049,1.4,0.048,0.7,4.2,0.03,41.0,52.1,0.065,1.2,14.3,Red Meat
lamb heart cooked,353,15.1,6.0,4.2,1.5,3.7,0.0,47.7,0.0,475.6,0.1,122.6,0.0,0.3,0.006,0.051,2.3,8.3,2.6,0.6,13.4,0.0,0.0,0.0,26.7,1.2,10.5,45.8,0.1,485.1,359.1,0.04,7.0,117.1,Red Meat
beef spleen cooked,447,12.9,4.3,3.4,1.0,0.0,0.0,77.3,0.0,1068.8,0.2,215.5,0.0,0.1,0.035,0.06,0.9,17.1,2.7,0.1,154.9,0.0,0.0,0.0,37.0,2.8,121.2,58.5,0.2,939.4,874.7,0.3,8.6,403.3,Red Meat
veal kidneys cooked,300,10.4,3.2,2.3,2.1,0.0,0.0,48.4,0.0,1455.4,0.2,124.5,0.4,0.3,0.056,0.002,3.7,8.5,1.6,0.3,14.7,0.0,0.0,0.0,53.4,0.7,5.6,44.2,0.2,684.5,292.6,0.2,7.8,132.9,Red Meat
chicken heart cooked,268,11.5,3.3,2.9,3.3,0.1,0.0,38.3,0.0,350.9,0.081,94.0,0.033,0.1,0.1,0.034,1.1,4.1,3.8,0.5,2.6,0.0,0.0,0.0,27.6,0.7,13.1,29.0,0.2,288.6,191.4,0.027,10.6,93.286,Poultry
lamb tongue cooked,701,51.7,20.0,25.5,3.2,0.0,0.0,55.0,0.0,482.0,0.2,147.5,0.0,0.2,0.082,0.027,1.1,9.4,0.9,0.4,17.9,0.0,0.0,0.0,25.5,0.5,6.7,40.8,0.076,341.7,402.9,0.072,7.6,156.8,Red Meat
veal heart cooked,368,13.4,3.6,2.8,3.5,0.3,0.0,57.7,0.0,348.5,0.1,123.1,0.0,0.7,0.029,0.048,1.8,9.7,3.3,0.4,19.8,0.0,0.0,0.0,15.8,0.9,8.6,35.6,0.1,495.0,394.0,0.1,4.4,115.6,Red Meat
chicken liver cooked,76,2.8,0.9,0.6,0.6,0.5,0.0,11.3,0.0,248.2,0.079,28.7,0.006,1.9,0.1,0.2,0.015,1.0,6.1,3.7,0.4,1.2,0.0,0.3,0.0,4.4,0.2,5.7,11.9,0.2,194.5,138.6,0.052,15.238,Poultry
lamb pancreas cooked,541,34.9,15.8,12.6,1.7,0.0,0.0,52.7,0.0,924.0,0.1,137.8,0.0,0.022,0.089,0.026,0.5,5.9,2.0,0.1,46.2,0.0,0.0,0.0,27.7,0.2,4.9,43.9,0.049,995.6,672.2,0.1,6.2,166.4,Red Meat
veal spleen cooked,445,10.0,3.3,2.7,0.7,0.0,0.0,83.1,0.0,1542.2,0.2,245.8,0.0,0.2,0.022,0.051,1.0,18.4,0.0,0.2,138.0,0.0,0.0,0.0,24.2,3.2,25.4,48.3,0.3,1076.4,741.8,0.3,6.6,280.7,Red Meat
lamb liver cooked,739,29.6,11.5,6.2,4.4,8.5,0.0,102.7,0.0,1683.4,0.2,190.4,25.2,0.8,0.2,0.3,13.5,40.8,13.3,1.6,13.4,0.0,0.0,0.0,26.9,23.8,27.8,73.9,1.7,1411.2,742.6,0.4,26.5,234.1,Red Meat
turkey gizzard cooked,70,2.1,0.5,0.4,0.3,0.0,0.0,11.9,0.0,203.4,0.031,31.1,0.091,0.03,0.045,0.067,0.2,2.9,0.2,0.027,2.8,0.0,0.025,0.0,7.7,0.1,1.7,9.5,0.063,84.2,86.9,0.033,1.8,26.231,Poultry
lamp spleen cooked,460,14.1,4.7,3.7,1.0,0.0,0.0,78.1,0.0,1135.8,0.2,195.8,0.0,0.2,0.062,0.028,0.9,17.3,0.0,0.2,76.7,0.0,0.0,0.0,38.4,0.4,114.1,62.0,0.2,1006.0,731.6,0.1,11.6,321.4,Other
turkey heart cooked,35,1.5,0.4,0.3,0.4,0.0,0.0,5.0,0.0,71.8,0.046,13.4,0.085,0.07,0.091,0.089,0.3,1.6,0.3,0.1,0.6,0.0,0.013,0.0,4.2,0.2,1.4,5.6,0.017,48.2,40.6,0.001,0.9,12.759,Poultry
beef liver cooked,130,3.6,1.2,0.4,0.4,3.5,0.0,19.8,0.0,269.3,0.068,40.0,0.2,6.4,0.1,0.2,0.01,2.3,11.9,4.8,0.7,1.3,0.034,0.3,0.07,4.1,9.7,4.4,14.3,0.2,338.0,239.4,0.023,37.539,Red Meat
lamb lungs cooked,431,11.8,4.0,3.0,1.6,0.0,0.0,75.7,0.0,1082.0,0.3,288.9,0.1,0.1,0.012,0.1,0.5,9.3,0.0,0.2,106.7,0.0,0.0,0.0,45.7,0.9,17.4,41.9,0.064,716.3,483.9,0.095,7.4,257.4,Red Meat
pork brain cooked,527,36.3,8.2,6.6,5.6,0.0,0.0,46.4,0.0,9748.6,0.3,289.9,0.0,0.3,0.063,0.031,0.9,12.7,7.0,0.5,53.5,0.0,0.0,0.0,34.4,1.0,7.0,45.8,0.3,840.4,744.9,0.003,5.7,177.6,Red Meat
goose liver,125,4.0,1.5,0.8,0.2,5.9,0.0,15.4,0.0,484.1,0.1,67.5,8.8,0.5,0.7,0.022,0.8,6.1,5.8,0.7,4.2,0.0,0.0,0.0,40.4,7.1,28.7,22.6,0.0,245.3,216.2,0.067,2.9,107.4,Poultry
pork kidneys cooked,211,6.6,2.1,2.2,0.5,0.0,0.0,35.6,0.0,672.0,0.1,96.2,0.1,0.6,0.098,0.028,2.2,8.1,4.0,0.6,14.8,0.0,0.0,0.0,18.2,1.0,7.4,25.2,0.2,336.0,200.2,0.4,5.8,82.7,Red Meat
lamb brain cooked,503,35.3,9.0,6.4,3.6,0.0,0.0,43.5,0.0,7089.2,0.5,262.8,0.0,0.4,0.007,0.088,0.8,8.6,3.4,0.4,41.6,0.0,0.0,0.0,41.6,0.7,5.8,48.6,0.2,1169.4,711.4,0.066,4.7,167.8,Red Meat
pork heart cooked,215,7.3,1.9,1.7,1.9,0.6,0.0,34.2,0.0,320.5,0.053,98.7,0.017,0.8,0.023,0.0,2.5,8.8,3.6,0.6,2.9,0.0,0.0,0.0,10.2,0.7,8.5,34.8,0.1,258.1,298.7,0.082,4.5,63.745,Red Meat
lamb kidneys cooked,349,9.2,3.1,2.0,1.7,2.5,0.0,60.3,0.0,1440.8,0.4,179.6,0.3,0.9,0.2,0.2,5.3,15.3,5.2,0.3,30.6,0.0,0.0,0.0,45.9,0.9,31.6,51.0,0.4,739.5,453.9,0.6,9.7,180.4,Red Meat
beef lungs cooked,364,11.2,3.8,2.9,1.5,0.0,0.0,61.8,0.0,839.3,0.3,231.5,0.095,0.1,0.062,0.09,0.4,7.6,1.9,0.066,99.1,0.0,0.0,0.0,33.3,0.7,16.4,30.3,0.015,539.3,524.2,0.2,5.0,221.858,Red Meat
veal pancreas cooked,614,35.0,12.0,12.1,6.5,0.0,0.0,69.8,0.0,0.0,0.2,133.7,0.0,0.4,0.068,0.082,1.2,10.0,0.0,0.5,14.4,0.0,0.0,0.0,43.2,0.2,5.7,57.6,0.6,1228.8,667.2,0.098,12.5,168.1,Red Meat
pork liver cooked,584,15.6,5.0,2.2,3.7,13.3,0.0,92.1,0.0,1256.7,0.2,227.7,19.1,0.9,0.6,0.071,7.8,29.9,16.9,2.0,83.5,0.0,0.0,0.0,35.4,2.2,63.4,49.6,1.1,853.1,531.0,0.2,23.8,322.4,Red Meat
beef kidneys cooked,45,1.3,0.3,0.2,0.2,0.0,0.0,7.7,0.0,202.6,0.029,18.9,0.0,0.001,0.073,0.013,0.8,1.1,0.4,0.1,0.0,0.095,0.099,0.0,5.4,0.2,1.6,3.4,0.007,86.0,38.2,0.049,0.8,16.0,Red Meat
turkey giblets cooked,164,6.3,1.6,1.0,1.5,0.0,0.0,25.1,0.0,495.0,0.1,63.3,0.095,4.4,0.2,0.3,0.063,1.5,8.2,2.2,0.5,0.0,0.0,0.1,0.014,17.1,0.7,3.2,23.8,0.2,236.6,168.2,0.072,32.643,Poultry
veal liver cooked,154,5.0,1.6,0.9,0.9,3.0,0.0,22.7,0.0,408.8,0.046,47.9,0.2,16.9,0.1,0.3,0.09,2.3,10.5,5.2,0.7,0.9,0.0,0.5,0.043,4.8,12.0,4.1,16.0,0.2,368.0,263.2,0.043,43.638,Red Meat
pork lungs cooked,297,9.3,3.3,2.1,1.1,0.0,0.0,49.8,0.0,1161.0,0.2,240.0,0.0,0.2,0.069,0.049,1.0,4.1,2.0,0.2,23.7,0.0,0.0,0.0,24.0,0.2,49.2,36.0,0.029,558.0,453.0,0.085,7.4,156.0,Red Meat
veal lungs cooked,312,7.9,2.7,2.0,1.1,0.0,0.0,56.2,0.0,789.0,0.2,232.8,0.0,0.072,0.032,0.016,0.4,6.9,0.0,0.2,102.0,0.0,0.0,0.0,21.0,0.7,10.8,24.0,0.082,696.0,426.0,0.067,3.6,197.9,Red Meat
beef thymus cooked,1215,95.2,32.8,32.9,17.8,0.0,0.0,83.2,0.0,1120.1,0.4,201.3,0.0,0.3,0.058,0.092,0.9,7.0,7.5,0.3,115.1,0.0,0.0,0.0,38.1,0.2,5.7,38.1,0.4,1386.8,1649.7,0.029,8.4,337.3,Red Meat
ham,46,2.5,0.1,1.2,0.2,1.0,0.3,4.6,0.4,16.0,0.2,18.8,0.0,0.2,0.079,0.074,0.094,0.8,0.1,0.041,1.1,0.08,0.076,0.0,6.7,0.002,0.3,6.2,0.2,42.8,80.4,0.063,0.4,16.6,Red Meat
pork meat cooked,283,14.1,4.4,6.8,2.1,0.0,0.0,14.1,0.0,112.6,0.7,79.2,0.02,0.8,0.0,0.044,0.3,11.0,0.7,0.7,0.0,0.095,0.0,0.0,10.7,0.082,0.7,41.5,0.077,369.8,615.1,0.048,2.6,39.657,Red Meat
bacon roasted,43,3.3,1.1,1.5,0.4,0.1,0.0,3.0,0.0,8.8,0.034,1.0,0.0,0.037,0.05,0.007,0.081,0.015,0.9,0.051,0.09,0.0,0.002,0.039,0.097,0.9,0.096,0.1,2.6,0.003,42.6,45.2,0.09,6.516,Red Meat
pork spareribs cooked,703,53.6,19.7,23.9,4.8,0.0,0.0,51.4,0.0,214.2,0.2,71.5,0.065,0.7,0.022,0.016,0.7,9.7,1.3,0.6,0.0,0.043,0.6,0.0,83.2,0.3,3.3,42.5,0.083,462.0,566.4,0.092,8.1,191.598,Red Meat
pork stomach cooked,44,2.1,0.8,0.6,0.2,0.029,0.0,6.1,0.0,89.4,0.035,20.0,0.0,0.08,0.09,0.067,0.05,0.4,0.2,0.038,0.0,0.0,0.087,0.0,4.2,0.048,0.3,4.2,0.015,36.5,24.1,0.077,0.8,12.779,Red Meat
honey smoked ham cooked,67,1.3,0.6,0.9,0.2,4.0,0.0,9.9,0.0,12.1,0.5,38.5,0.0,0.2,0.013,0.091,0.097,1.3,0.1,0.1,0.3,0.0,0.0,0.0,3.3,0.039,0.2,4.4,0.096,211.2,90.8,0.099,0.5,19.0,Red Meat
pork sirloin chops cooked,140,4.5,1.5,1.8,0.8,0.0,0.0,23.3,0.0,65.6,0.001,53.9,0.075,0.075,0.5,0.0,0.07,0.2,6.4,0.8,0.4,0.0,0.01,0.1,0.0,9.0,0.012,0.6,20.5,0.073,238.6,337.0,0.043,28.239,Red Meat
ham patties,205,18.3,6.6,8.6,2.0,1.1,0.0,8.3,0.0,45.5,0.7,35.4,0.0,0.3,0.061,0.084,0.1,2.0,0.2,0.1,0.0,0.0,0.0,0.0,5.2,0.039,0.7,6.5,0.064,96.9,155.4,0.075,1.0,33.6,Red Meat
pork feet cooked,67,4.5,1.2,2.3,0.4,0.0,0.0,6.2,0.0,30.3,0.046,17.8,0.0,0.08,0.014,0.048,0.029,0.2,0.047,0.081,0.0,0.0,0.054,0.0,0.0,0.014,0.3,1.4,0.017,23.2,9.3,0.04,0.3,11.0,Red Meat
ground pork cooked,930,65.0,24.2,29.0,5.9,0.0,0.0,80.4,0.0,294.2,0.2,165.1,0.01,2.2,0.005,0.058,0.7,13.2,1.6,1.2,2.2,0.066,0.7,0.0,68.9,0.1,4.0,75.1,0.081,707.4,1133.1,0.1,10.0,220.513,Red Meat
pork centre loin chops cooked,328,17.4,5.5,6.6,2.1,0.0,0.0,40.2,0.0,131.9,0.065,97.8,0.2,0.021,0.9,0.0,0.059,0.4,12.8,1.0,1.1,0.0,0.089,0.2,0.0,37.7,0.1,1.2,39.3,0.005,345.4,540.1,0.07,59.0,Red Meat
pork leg cap steak cooked,307,8.6,2.6,3.7,1.1,0.0,0.0,53.5,0.0,157.1,0.1,133.3,0.0,0.9,0.071,0.068,0.8,15.9,1.5,0.8,0.0,0.0,0.2,0.0,13.6,0.1,1.9,44.6,0.061,428.7,710.0,0.035,8.0,77.6,Red Meat
pork splean cooked,446,9.6,3.2,2.6,0.7,0.0,0.0,84.3,0.0,1507.0,0.3,199.4,0.0,0.4,0.002,0.071,0.8,17.8,2.7,0.2,34.7,0.0,0.0,0.0,38.9,0.4,66.5,44.9,0.1,846.2,678.7,0.1,10.6,234.0,Red Meat
chopped ham,50,2.9,1.0,1.4,0.4,1.2,0.0,4.6,0.0,16.5,0.3,18.3,0.0,0.2,0.008,0.006,0.035,1.1,0.0,0.01,0.0,0.025,0.087,0.0,2.0,0.049,0.2,4.5,0.0,43.4,89.3,0.098,0.5,10.9,Red Meat
pork blade chops cooked,265,14.6,4.3,5.1,1.9,1.1,0.0,32.4,0.0,100.9,0.072,81.4,0.069,0.8,0.0,0.068,0.3,10.1,1.5,0.7,0.0,0.028,0.3,0.0,10.5,0.1,1.2,31.4,0.076,355.0,533.2,0.085,3.0,59.882,Red Meat
boston butt steak cooked,494,32.7,12.2,14.8,3.8,0.0,0.0,46.4,0.0,181.3,0.1,101.7,0.066,0.9,0.0,0.064,0.7,7.2,2.4,0.8,0.0,0.051,0.2,0.0,48.1,0.2,3.2,42.6,0.063,384.8,564.3,0.04,9.0,130.498,Red Meat
pork blade steak braised,694,44.7,16.6,20.1,5.3,0.087,0.0,68.2,0.0,256.1,0.4,148.2,0.4,0.0,1.1,0.0,0.1,0.9,9.5,3.5,1.2,0.0,0.032,0.3,0.0,71.3,0.5,4.5,52.8,0.06,599.3,976.8,0.1,115.063,Red Meat
pork boston steaks cooked,438,28.1,10.1,12.5,2.5,0.0,0.0,43.2,0.0,160.6,0.1,96.8,0.06,1.2,0.096,0.046,0.7,6.9,1.2,0.5,0.5,0.091,0.5,0.0,60.8,0.003,2.4,35.5,0.037,354.9,550.9,0.06,7.6,135.049,Red Meat
bacon cooked,43,3.1,1.1,1.4,0.5,0.068,0.0,3.5,0.0,10.1,0.2,1.9,0.053,0.0,0.031,0.0,0.037,0.066,1.0,0.1,0.047,0.0,0.0,0.009,0.0,1.2,0.047,0.1,3.1,0.071,35.4,47.8,0.064,6.747,Red Meat
pickled pork hocks,48,3.0,0.9,1.5,0.3,0.0,0.0,5.4,0.0,25.2,0.3,19.2,0.055,0.056,0.058,0.061,0.066,0.3,0.02,0.047,0.0,0.0,0.047,0.0,5.4,0.063,0.3,1.7,0.018,17.0,13.3,0.089,0.7,14.146,Red Meat
pork boston roast cooked,705,49.4,18.3,21.7,4.6,0.0,0.0,60.5,0.0,225.3,0.2,150.6,0.061,1.7,0.084,0.041,0.9,10.6,1.7,0.6,1.8,0.029,0.5,0.0,73.4,0.3,3.8,47.2,0.052,516.1,869.8,0.022,10.4,188.948,Red Meat
canadian style bacon grilled,43,2.0,0.7,0.9,0.2,0.3,0.0,5.7,0.0,13.6,0.4,14.5,0.0,0.2,0.07,0.03,0.054,1.6,0.1,0.1,0.0,0.048,0.061,0.0,2.4,0.043,0.2,4.9,0.023,69.6,91.7,0.058,0.4,10.6,Red Meat
ham steak,70,2.4,0.8,1.1,0.3,0.0,0.0,11.1,0.0,25.7,0.7,41.2,0.0,0.5,0.064,0.08,0.1,2.9,0.4,0.2,18.4,0.0,0.0,0.0,2.3,0.05,0.6,10.8,0.011,148.2,185.3,0.068,1.2,34.8,Red Meat
pork backfat,3683,402.3,146.1,190.3,46.9,0.0,0.0,13.2,0.0,258.6,0.064,34.9,0.032,0.4,0.072,0.035,0.2,4.5,0.5,0.2,0.5,0.003,0.0,0.0,9.1,0.094,0.8,9.1,0.082,172.4,294.8,0.063,1.7,425.932,Red Meat
bacon baked,44,3.5,1.1,1.5,0.4,0.1,0.0,2.9,0.0,8.7,0.2,1.0,0.0,0.052,0.09,0.095,0.053,0.058,0.9,0.077,0.084,0.0,0.0,0.038,0.047,0.8,0.054,0.1,2.4,0.078,41.0,43.7,0.003,6.673,Red Meat
pork arm picnic cooked,5292,322.7,109.3,139.0,62.7,0.0,0.0,560.3,0.0,1936.7,2.2,1351.9,0.007,9.9,0.1,0.086,7.3,119.5,27.0,7.8,0.0,0.062,5.9,0.0,360.3,2.4,20.7,495.4,0.5,5404.8,8039.6,0.7,69.8,1264.074,Red Meat
pork top loin chops cooked,270,11.2,4.3,4.9,1.7,0.0,0.0,39.4,0.0,97.2,0.064,84.3,0.062,0.02,0.7,0.0,0.067,0.3,13.4,1.4,0.7,0.0,0.043,0.3,0.0,16.2,0.1,1.2,31.1,0.052,298.4,352.4,0.079,51.481,Red Meat
pork chitterlings cooked,66,5.8,2.7,2.0,0.3,0.0,0.0,3.5,0.0,78.4,0.078,19.2,0.0,0.0,0.099,0.024,0.056,0.093,0.065,0.059,0.0,0.0,0.0,0.083,0.0,7.1,0.056,0.4,2.5,0.033,18.7,4.0,0.07,9.329,Red Meat
pork breakfast strips cooked,52,4.1,1.4,1.9,0.6,0.1,0.0,3.3,0.0,11.9,0.2,3.0,0.0,0.039,0.02,0.02,0.073,0.9,0.1,0.068,0.0,0.066,0.057,0.0,1.6,0.054,0.2,2.9,0.085,29.9,52.7,0.061,0.4,9.3,Red Meat
pork blade roll roasted,1079,88.3,31.5,41.5,9.4,1.4,0.0,65.0,0.0,251.9,3.7,211.2,0.0,1.7,0.032,0.007,1.1,8.9,2.9,0.8,12.0,0.0,0.0,0.0,26.3,0.3,3.3,48.9,0.098,586.6,729.4,0.1,9.2,196.3,Red Meat
pork tail cooked,1089,98.5,34.2,46.4,10.8,0.0,0.0,46.8,0.0,354.8,0.093,128.4,0.0,0.2,0.002,0.061,0.2,3.1,1.2,0.7,0.0,0.0,0.0,0.0,38.5,0.2,2.2,19.3,0.087,129.3,431.8,0.087,4.5,186.0,Red Meat
pork centre rib roasts roasted,1942,114.9,42.6,48.4,19.4,0.0,0.0,211.3,0.0,610.7,0.7,452.3,0.8,0.041,4.1,0.0,0.018,2.3,74.3,11.6,3.8,0.0,0.094,1.6,0.0,148.8,0.7,7.5,164.4,0.063,1800.9,2129.8,0.3,331.5,Red Meat
minced ham,55,4.3,1.5,2.0,0.5,0.4,0.0,3.4,0.0,14.7,0.3,12.0,0.0,0.1,0.094,0.059,0.073,0.9,0.094,0.081,0.0,0.058,0.012,0.0,2.1,0.029,0.2,3.4,0.074,33.0,65.3,0.048,0.4,10.4,Red Meat
ham roasted,316,21.3,7.1,9.9,2.5,0.6,0.0,28.7,0.0,86.8,1.3,85.3,0.0,1.1,0.033,0.054,0.4,7.4,1.0,0.4,19.6,0.0,0.0,0.0,11.2,0.2,1.9,23.8,0.084,340.2,499.8,0.053,3.5,83.3,Red Meat
pork backribs roasted,2564,188.9,68.5,81.6,31.0,0.0,0.0,202.0,0.0,737.5,0.8,481.3,1.7,0.023,4.0,0.0,0.08,2.9,67.0,11.1,3.6,0.0,0.068,2.2,0.0,403.9,0.9,8.1,149.3,0.065,1448.7,2107.2,0.3,397.1,Red Meat
ham extra lean,45,2.3,0.8,1.1,0.3,0.6,0.0,5.1,0.0,14.8,0.4,18.7,0.0,0.2,0.022,0.097,0.028,1.4,0.1,0.1,0.0,0.094,0.04,0.0,2.0,0.075,0.3,5.0,0.049,66.1,83.2,0.041,0.6,10.3,Red Meat
pork feet pickled,635,45.5,13.4,25.8,3.6,0.029,0.0,52.8,0.0,376.5,4.3,340.2,0.098,0.031,0.061,0.003,0.085,1.0,1.2,0.058,0.0,0.01,1.0,0.0,145.2,0.2,1.4,49.9,0.049,394.6,59.0,0.003,0.9,245.019,Red Meat
pork shoulder cooked,394,28.9,10.6,12.8,2.8,0.0,0.0,31.4,0.0,121.5,0.001,74.0,0.004,0.8,0.065,0.007,0.4,5.4,0.8,0.4,0.7,0.007,0.3,0.0,32.4,0.2,1.8,24.3,0.084,286.2,444.2,0.026,5.0,95.226,Red Meat
pork top loin roasts roasted,1628,74.8,24.1,29.8,8.5,0.0,0.0,224.3,0.0,678.4,0.4,540.7,0.7,0.011,4.6,0.0,0.051,2.0,60.2,5.7,5.9,0.0,0.017,0.9,0.0,59.4,0.7,5.4,212.0,0.052,1891.0,2959.5,0.3,306.4,Red Meat
pork skin,154,8.9,3.2,4.2,1.0,0.0,0.0,17.3,0.0,26.9,0.5,0.5,0.037,0.009,0.0,0.036,0.034,0.4,0.1,0.096,0.1,0.0,0.1,0.0,8.5,0.033,0.2,3.1,0.066,24.1,35.9,0.062,0.2,35.03,Red Meat
pork country style ribs cooked,235,15.2,5.4,6.6,1.8,0.0,0.0,22.8,0.0,88.6,0.049,46.4,0.098,0.4,0.0,0.016,0.2,4.8,1.2,0.4,0.0,0.09,0.1,0.0,29.2,0.072,1.2,19.8,0.025,173.7,247.7,0.026,3.6,68.402,Red Meat
pork tenderloin cooked,153,6.2,2.2,2.5,0.6,0.0,0.0,22.7,0.0,71.4,0.091,46.4,0.017,0.7,0.051,0.014,0.3,3.8,0.7,0.4,0.8,0.0,0.0,0.0,3.8,0.045,1.1,26.6,0.072,220.4,337.4,0.082,2.2,34.679,Red Meat
pork loin cooked,213,12.1,4.5,5.4,1.0,0.0,0.0,24.2,0.0,71.2,0.077,51.9,0.008,0.6,0.066,0.024,0.2,3.9,0.6,0.3,0.5,0.007,0.2,0.0,18.7,0.006,1.0,16.9,0.033,161.1,332.9,0.02,2.1,56.575,Red Meat
pork ears cooked,184,12.0,4.3,5.5,1.3,0.2,0.0,17.7,0.0,99.9,0.2,80.6,0.0,0.004,0.0,0.0,0.07,0.6,0.051,0.066,0.0,0.0,0.0,0.0,20.0,0.086,1.7,7.8,0.086,26.6,44.4,0.044,0.2,51.6,Red Meat
pork tongue cooked,626,43.0,14.9,20.2,4.5,0.0,0.0,55.7,0.0,337.3,0.3,131.4,0.0,0.7,0.019,0.077,1.2,12.3,1.2,0.5,3.9,0.0,0.0,0.0,43.9,0.3,11.5,46.2,0.054,401.9,547.5,0.04,10.5,158.0,Red Meat
ham patties grilled,205,18.5,6.7,8.8,2.0,1.0,0.0,8.0,0.0,43.2,0.6,30.8,0.0,0.2,0.034,0.046,0.1,1.9,0.2,0.085,0.0,0.056,0.3,0.0,5.4,0.043,1.0,6.0,0.045,60.6,146.4,0.028,1.1,33.9,Red Meat
chicken skin roasted,508,45.6,12.8,19.1,9.6,0.0,0.0,22.8,0.0,93.0,0.028,45.1,0.083,0.021,0.08,0.099,0.1,6.3,0.8,0.1,0.0,0.026,0.4,0.032,15.7,0.034,1.7,16.8,0.083,140.0,152.3,0.2,1.4,85.844,Poultry
chicken wing cooked,52,3.5,1.0,1.4,0.8,0.0,0.0,4.8,0.0,14.7,0.086,13.1,0.041,0.036,0.071,0.092,0.097,1.0,0.1,0.086,0.0,0.022,0.052,0.092,2.5,0.095,0.2,3.4,0.041,25.4,29.2,0.092,0.3,11.058,Poultry
turkey roast roasted,209,7.8,2.6,1.6,2.2,4.1,0.0,28.8,0.0,71.6,0.9,91.6,0.0,0.058,0.054,0.079,0.2,8.5,1.1,0.4,0.0,0.084,0.5,0.09,6.8,0.037,2.2,29.7,0.066,329.4,402.3,0.081,3.4,49.7,Poultry
chicken back cooked,93,6.5,1.8,2.6,1.4,0.0,0.0,8.0,0.0,28.1,0.091,21.9,0.005,0.026,0.035,0.052,0.035,1.6,0.3,0.048,0.0,0.084,0.074,0.051,6.5,0.052,0.4,5.8,0.016,43.2,52.2,0.055,0.7,21.425,Poultry
chicken leg fried,431,25.5,6.8,10.4,6.1,13.8,0.0,34.4,0.5,142.2,0.4,82.3,0.07,0.2,0.089,0.056,0.3,8.6,1.6,0.4,0.0,0.0,0.0,0.0,28.4,0.1,2.2,31.6,0.043,240.2,298.6,0.041,3.4,104.858,Poultry
chicken feet cooked,975,66.2,17.8,24.9,13.5,0.9,0.0,88.0,0.0,381.0,0.3,298.5,0.1,0.3,0.4,0.011,0.9,1.8,0.0,0.052,0.0,0.068,1.2,0.036,399.2,0.5,4.1,22.7,0.0,376.5,140.6,0.033,3.1,558.5,Poultry
turkey steak fried,179,10.8,2.8,4.4,2.8,10.9,0.0,9.1,0.0,41.0,0.5,31.6,0.092,0.075,0.071,0.088,0.1,1.3,0.3,0.1,0.0,0.0,0.0,0.0,9.0,0.01,1.4,9.6,0.028,149.8,166.4,0.013,0.9,41.229,Poultry
turkey taco meat cooked,271,13.9,3.2,4.7,3.9,5.5,0.0,30.7,0.0,129.9,1.2,128.1,0.0,0.1,0.051,0.062,0.6,5.5,1.1,0.5,0.0,0.0,0.5,0.089,126.3,0.072,3.3,49.4,0.3,329.4,543.5,0.067,4.6,179.7,Poultry
chicken neck cooked,94,6.9,1.9,2.7,1.5,0.0,0.0,7.5,0.0,26.6,0.085,23.5,0.065,0.05,0.078,0.079,0.035,1.3,0.2,0.033,0.0,0.087,0.1,0.032,10.3,0.065,0.9,4.9,0.095,46.4,41.0,0.054,1.0,25.616,Poultry
chicken drumstick fried,193,11.3,3.0,4.6,2.7,6.0,0.0,15.8,0.2,61.9,0.2,38.0,0.028,0.049,0.065,0.061,0.2,3.7,1.2,0.2,0.0,0.0,0.0,0.0,12.2,0.063,1.0,14.4,0.004,105.8,133.9,0.018,1.7,46.519,Poultry
quail egg,14,1.0,0.3,0.4,0.1,0.08,0.048,1.2,0.0,76.0,0.042,6.7,0.083,0.014,0.089,0.039,0.001,0.076,0.2,0.016,0.0,0.047,0.03,0.01,5.8,0.078,0.3,1.2,0.061,20.3,11.9,0.091,0.1,8.343,Poultry
duck meat cooked,472,39.7,13.5,18.1,5.1,0.0,0.0,26.6,0.0,117.6,0.041,72.6,0.008,0.2,0.073,0.098,0.4,6.8,1.5,0.3,0.0,0.067,1.0,0.047,15.4,0.3,3.8,22.4,0.071,218.4,285.6,0.092,2.6,85.544,Poultry
chicken wing roasted,216,14.3,4.2,6.6,3.1,0.0,0.0,20.2,0.0,119.9,0.039,50.5,0.073,0.017,0.005,0.069,0.08,0.1,5.4,0.8,0.5,0.0,0.094,0.6,0.024,15.3,0.092,0.7,16.2,0.095,125.0,180.2,0.032,35.155,Poultry
quail meat cooked,1028,63.9,17.9,22.2,15.8,0.0,0.0,113.7,0.0,389.6,0.2,271.8,0.3,1.0,0.098,0.02,1.4,35.9,0.0,2.8,10.4,0.003,3.2,0.074,68.0,2.7,20.1,99.7,0.0,1263.9,978.5,0.063,14.0,276.4,Poultry
goose meat cooked,427,30.7,9.6,14.4,3.5,0.0,0.0,35.2,0.0,127.4,0.089,72.7,0.081,0.1,0.039,0.076,0.5,5.8,2.1,0.5,0.0,0.002,2.4,0.026,18.2,0.4,4.0,30.8,0.082,378.0,460.6,0.047,3.7,88.168,Poultry
chicken breast cooked,114,4.5,1.3,1.8,1.0,0.0,0.0,17.3,0.0,48.7,0.058,36.2,0.08,0.018,0.092,0.074,0.056,7.4,0.5,0.3,0.0,0.019,0.2,0.004,8.1,0.012,0.6,15.7,0.024,124.1,142.1,0.046,0.6,30.552,Poultry
duck egg,130,9.6,2.6,4.6,0.9,1.0,0.7,9.0,0.0,618.8,0.1,49.6,0.1,0.1,0.09,0.02,0.3,0.1,1.3,0.2,0.0,0.026,0.9,0.098,44.8,0.035,2.7,11.9,0.058,154.0,155.4,0.058,1.0,67.2,Poultry
turkey meat roasted,284,11.1,3.2,4.0,3.2,0.031,0.0,42.8,0.0,163.5,0.2,95.3,0.004,0.073,0.083,0.019,0.4,14.4,1.4,0.9,0.0,0.091,0.1,0.0,21.0,0.1,1.6,45.0,0.053,334.5,358.5,0.022,3.7,76.629,Poultry
ground chicken cooked,474,27.4,7.8,12.2,5.2,0.0,0.0,58.4,0.0,268.6,0.2,162.9,0.2,0.0,0.3,0.093,0.079,0.8,17.8,3.3,1.4,0.0,0.0,1.0,0.044,20.1,0.2,2.3,70.3,0.038,587.3,1699.3,0.047,87.678,Poultry
turkey wing cooked,426,23.1,6.3,8.7,5.5,0.0,0.0,50.9,0.0,150.7,0.1,110.7,0.0,0.092,0.095,0.051,0.2,10.7,1.1,0.8,0.0,0.03,0.3,0.0,44.6,0.1,2.7,46.5,0.05,366.4,494.8,0.026,3.9,121.3,Poultry
turkey breast roasted,3266,128.0,36.3,42.3,31.1,0.0,0.0,496.1,0.0,1278.7,1.1,1092.4,0.0,1.0,0.1,0.004,2.3,110.0,11.0,8.3,0.0,0.0,0.0,0.0,362.9,0.8,24.2,466.6,0.3,3628.8,4976.6,0.5,35.1,1011.2,Poultry
chicken fajita strips,13,0.5,0.2,0.2,0.1,0.2,0.0,1.7,0.0,8.3,0.044,6.6,0.041,0.028,0.062,0.011,0.021,0.4,0.005,0.049,0.0,0.0,0.031,0.015,1.2,0.034,0.097,2.1,0.099,26.0,26.7,0.018,0.1,3.66,Poultry
crispy chicken strips tyson,145,6.0,7.7,14.5,1.0,0.0,0.0,0.0,0.0,0.0,0.0,0.0,0.0,0.0,0.0,0.0,0.0,0.0,0.0,0.0,0.0,0.0,0.0,0.0,0.0,0.0,0.0,0.0,0.0,0.0,0.0,0.0,0.0,6.0,Poultry
chocolate pudding fat free,105,0.3,0.0,0.0,0.0,23.6,17.8,2.2,0.3,1.1,0.1,86.1,0.0,0.021,0.06,0.069,0.046,0.022,0.2,0.084,0.0,0.0,0.0,0.098,44.1,0.035,1.9,17.0,0.04,61.0,235.0,0.052,0.3,72.4,Desserts & Sweets
tapioca pudding,143,4.3,1.1,2.8,0.088,23.9,16.4,2.1,0.0,1.1,0.2,79.0,0.0,0.025,0.003,0.021,0.1,0.031,0.3,0.052,0.3,0.0,0.2,0.01,78.1,0.026,0.1,6.6,0.096,66.0,101.2,0.0,0.2,108.8,Desserts & Sweets
tapioca pudding fat free,105,0.4,0.1,0.08,0.067,23.9,15.9,1.6,0.0,1.1,0.2,85.4,0.0,0.044,0.096,0.012,0.043,0.1,0.056,0.039,0.3,0.0,0.072,0.0,58.2,0.004,0.1,5.6,0.023,73.9,78.4,0.0,0.2,84.5,Desserts & Sweets
rice pudding,122,2.4,1.4,0.6,0.1,20.8,13.1,3.6,0.3,13.6,0.1,84.9,0.043,0.002,0.098,0.089,0.098,0.2,0.2,0.4,0.074,1.5,0.0,0.011,0.063,107.4,0.014,0.1,9.0,0.1,92.7,141.3,0.083,27.329,Desserts & Sweets
corn pudding,328,12.6,6.3,3.9,1.4,42.4,16.5,11.1,3.0,180.0,0.7,180.8,0.2,0.1,0.2,0.074,0.026,0.4,2.6,1.3,0.3,9.3,0.048,0.7,0.066,97.5,0.1,1.3,37.5,0.2,225.0,440.0,0.069,69.795,Desserts & Sweets
chocolate pudding,213,6.9,1.9,4.1,0.2,34.5,25.8,3.1,0.0,1.5,0.2,104.2,0.045,0.003,0.061,0.044,0.1,0.2,0.4,0.062,0.5,0.0,0.5,0.066,76.5,0.1,1.9,27.0,0.2,84.0,276.0,0.0,0.5,123.424,Desserts & Sweets
lemon pudding,173,4.4,2.6,1.3,0.2,30.2,0.0,4.1,0.0,16.5,0.4,109.8,0.026,0.092,0.071,0.028,0.2,0.1,0.4,0.083,1.2,0.0,0.0,0.0,148.5,0.07,0.058,16.5,0.007,307.5,190.5,0.041,0.5,188.516,Desserts & Sweets
vanilla pudding,195,5.7,1.5,3.4,0.1,33.9,25.5,2.2,0.0,1.5,0.3,107.5,0.018,0.012,0.084,0.092,0.1,0.047,0.2,0.048,0.3,0.0,0.5,0.034,73.5,0.08,0.1,6.0,0.031,61.5,97.5,0.0,0.2,115.796,Desserts & Sweets
profeel proteiinirahka valio,140,0.4,0.2,16.8,16.8,19.3,0.2,175.0,0.0,0.0,0.0,0.0,0.0,0.0,0.0,0.0,0.0,0.0,0.0,0.0,0.0,0.0,0.0,0.0,0.0,0.0,0.0,0.0,0.0,0.0,0.0,0.0,0.0,194.7,Other
cottage cheese creamed,20,0.9,0.3,0.2,0.084,0.7,0.5,2.2,0.0,3.4,0.095,16.0,0.022,0.089,0.039,0.06,0.06,0.059,0.1,0.036,0.0,0.085,0.082,0.0,16.6,0.019,0.071,1.6,0.009,31.8,20.8,0.045,0.018,20.576,Dairy & Cheese
zaziki milfina,51,4.4,1.6,1.2,0.0,0.0,0.0,0.0,0.0,0.0,0.0,0.0,0.0,0.0,0.0,0.0,0.0,0.0,0.0,0.0,0.0,0.0,0.0,0.0,0.0,0.0,0.0,0.0,0.0,0.0,0.0,0.0,0.0,4.4,Other
cottage cheese low fat,163,2.3,1.5,0.7,0.041,6.1,6.1,28.0,0.0,9.0,0.9,186.4,0.021,0.081,0.005,0.072,0.4,0.3,0.5,0.2,0.0,0.0,0.035,0.024,137.9,0.005,0.3,11.3,0.041,302.8,194.4,0.055,0.9,174.683,Dairy & Cheese
cottage cheese nonfat,104,0.4,0.2,0.1,0.066,9.7,2.7,15.0,0.0,10.2,0.5,117.5,0.093,0.063,0.013,0.006,0.3,0.2,0.6,0.039,0.0,0.0,0.096,0.0,124.7,0.071,0.2,16.0,0.063,275.5,198.7,0.063,0.7,150.072,Dairy & Cheese
vanilla yogurt low fat,208,3.1,2.0,0.8,0.036,33.8,33.8,12.1,0.0,12.3,0.2,193.6,0.051,0.1,0.054,0.01,0.5,0.3,1.4,0.1,2.0,0.0,0.029,0.024,419.0,0.012,0.2,39.2,0.023,330.8,536.6,0.049,2.0,470.265,Dairy & Cheese
classique yogurt plain 2 liberte,30,1.2,0.7,0.7,0.0,1.7,1.7,3.3,0.0,0.017,0.0,0.0,0.0,0.0,0.0,0.0,0.0,0.0,0.0,0.0,0.0,0.0,0.0,0.0,0.0,0.0,0.0,0.0,0.0,0.0,0.0,0.0,0.0,6.2,Dairy & Cheese
vanilla yogurt,145,2.1,1.3,0.5,0.069,23.5,23.5,8.4,0.0,8.5,0.1,134.3,0.005,0.091,0.068,0.026,0.3,0.2,0.9,0.094,1.4,0.0,0.003,0.037,290.7,0.089,0.1,27.2,0.087,229.5,372.3,0.08,1.4,326.243,Dairy & Cheese
chocolate yogurt,168,0.0,0.0,0.0,0.0,35.3,22.5,5.3,1.8,1.5,0.2,107.4,0.0,0.083,0.019,0.042,0.3,0.3,0.0,0.05,0.0,0.0,0.0,0.0,132.0,0.3,0.6,60.0,0.0,249.0,508.5,0.069,1.7,175.0,Dairy & Cheese
yogurt parfait,125,1.5,0.8,0.5,0.2,23.6,17.4,5.0,1.6,4.5,0.048,117.7,0.073,0.1,0.018,0.1,0.3,1.1,0.0,0.3,21.3,0.042,0.4,0.085,156.5,0.025,0.7,25.3,0.0,138.6,281.6,0.088,1.3,210.272,Dairy & Cheese
yogurt,92,4.9,3.1,1.3,0.1,7.0,7.0,5.2,0.0,19.5,0.005,131.9,0.026,0.017,0.06,0.081,0.2,0.1,0.6,0.026,0.8,0.076,0.035,0.02,181.5,0.049,0.001,18.0,0.084,142.5,232.5,0.075,0.9,199.51,Dairy & Cheese
chocolate frozen yogurt,221,6.3,4.0,1.7,0.2,37.6,33.5,5.2,4.0,22.6,0.1,123.9,0.036,0.08,0.008,0.088,0.3,0.2,0.0,0.021,0.0,0.057,0.2,0.071,174.0,0.028,0.8,43.5,0.0,154.9,407.2,0.059,0.5,227.929,Dairy & Cheese
frozen yogurt,221,6.3,4.0,1.7,0.2,37.6,34.7,5.2,0.0,22.6,0.1,123.9,0.013,0.062,0.095,0.05,0.3,0.1,0.0,0.072,1.2,0.01,0.2,0.054,174.0,0.074,0.8,17.4,0.0,154.9,271.4,0.005,0.5,225.163,Dairy & Cheese
yogurt low fat,154,3.8,2.5,1.0,0.1,17.2,17.2,12.9,0.0,14.7,0.2,208.4,0.021,0.1,0.045,0.034,0.5,0.3,1.4,0.1,2.0,0.0,0.007,0.007,448.4,0.005,0.2,41.7,0.039,352.8,573.3,0.071,2.2,484.517,Dairy & Cheese
vanilla yoghurt oikos,120,1.8,24.0,4.9,0.0,0.0,0.0,0.0,0.0,0.0,0.0,0.0,0.0,0.0,0.0,0.0,0.0,0.0,0.0,0.0,0.0,0.0,0.0,0.0,0.0,0.0,0.0,0.0,0.0,0.0,0.0,0.0,0.0,1.8,Other
fruit yogurt,149,1.7,1.1,0.5,0.024,28.0,28.0,6.0,0.0,7.5,0.013,113.0,0.006,0.081,0.032,0.087,0.2,0.1,0.7,0.099,0.9,0.0,0.079,0.031,207.0,0.1,0.066,19.5,0.029,163.5,265.5,0.026,1.0,243.671,Dairy & Cheese
danone low fat alsafi,88,1.7,1.0,11.1,7.1,0.089,255.0,0.0,0.0,0.0,0.0,0.0,0.0,0.0,0.0,0.0,0.0,0.0,0.0,0.0,0.0,0.0,0.0,0.0,0.0,0.0,0.0,0.0,0.0,0.0,0.0,0.0,0.0,1.743,Other
fruit n yogurt parfait mcdonalds,156,1.9,0.044,0.2,0.1,30.9,19.1,4.1,1.5,7.5,0.065,111.2,0.0,0.004,0.029,0.099,0.2,0.4,0.6,0.0,20.7,0.0,0.0,0.0,128.1,0.092,0.7,20.9,0.3,125.2,248.8,0.0,0.5,187.9,Fast Food
triple zero greek yogurt dannon oikos,120,0.0,0.0,15.0,7.0,22.5,6.0,0.038,0.0,0.0,0.0,0.0,0.0,0.0,0.0,0.0,0.0,0.0,0.0,0.0,0.0,0.0,0.0,0.0,0.0,0.0,0.0,0.0,0.0,0.0,0.0,0.0,0.0,22.598,Dairy & Cheese
greek yogurt,100,0.7,0.2,0.018,0.01,6.1,5.5,17.3,0.0,8.5,0.081,144.7,0.035,0.009,0.045,0.036,0.5,0.4,0.6,0.1,0.0,0.0,0.089,0.01,187.0,0.021,0.1,18.7,0.004,229.5,239.7,0.032,0.9,211.251,Dairy & Cheese
chocolate rasberry protein mini proteinfx,102,2.9,1.8,9.1,0.0,0.0,0.0,0.0,0.0,0.0,0.0,0.0,0.0,0.0,0.0,0.0,0.0,0.0,0.0,0.0,0.0,0.0,0.0,0.0,0.0,0.0,0.0,0.0,0.0,0.0,0.0,0.0,0.0,2.9,Protein Supplements
gushers fruit gushers,360,6.0,80.0,40.0,0.0,0.2,0.0,0.0,0.0,0.0,0.0,0.0,0.0,0.0,0.0,0.0,0.0,0.0,0.0,0.0,0.0,0.0,0.0,0.0,0.0,0.0,0.0,0.0,0.0,0.0,0.0,0.0,0.0,6.2,Other
egg fried,90,6.8,2.0,2.8,1.5,0.4,0.2,6.3,0.0,184.5,0.043,32.0,0.016,0.049,0.035,0.029,0.2,0.093,0.8,0.093,0.0,0.081,0.6,0.079,28.5,0.065,0.9,6.0,0.046,98.9,69.9,0.078,0.6,42.904,Eggs
glucerna abbott,1010,35.6,2.8,0.0,0.0,120.9,49.8,0.0,12.8,0.0,0.0,0.0,0.0,0.0,0.0,0.0,0.0,0.0,0.0,0.0,0.0,0.0,0.0,0.0,0.0,0.0,0.0,0.0,0.0,0.0,0.0,0.0,0.0,169.3,Other
sports drink,26,0.0,0.0,0.0,0.0,7.2,0.0,0.0,0.0,0.0,0.073,232.3,0.0,0.0,0.0,0.0,0.0,0.0,0.0,0.0,15.1,0.0,0.0,0.0,0.0,0.098,0.1,2.4,0.0,21.6,24.0,0.088,0.056,22.4,Beverages
peanut butter cookie protein syntha 6,200,6.0,15.0,2.0,22.0,5.0,0.0,0.0,0.0,0.0,0.0,0.0,0.0,0.0,0.0,0.0,0.0,0.0,0.0,0.0,0.0,0.0,0.0,0.0,0.0,0.0,0.0,0.0,0.0,0.0,0.0,0.0,0.0,11.0,Spreads & Butters
hanfprotein pulver rohkostqualitat veganz,107,3.1,0.3,2.3,1.6,14.2,0.057,0.0,0.0,0.0,0.0,0.0,0.0,0.0,0.0,0.0,0.0,0.0,0.0,0.0,0.0,0.0,0.0,0.0,0.0,0.0,0.0,0.0,0.0,0.0,0.0,0.0,0.0,17.3,Other
smoothie high protein creamy chocolate slimfast,110,3.5,0.5,0.0,0.0,2.1,1.0,12.0,0.0,5.0,0.2,15.0,45.0,25.0,100.0,25.0,35.0,25.0,0.0,0.0,0.0,0.0,0.0,0.0,0.0,0.0,0.0,0.0,0.0,0.0,0.0,0.0,0.0,62.6,Protein Supplements
egg large,138,9.3,0.5,11.8,0.0,0.0,0.0,0.0,0.0,0.0,0.0,0.0,0.0,0.0,0.0,0.0,0.0,0.0,0.0,0.0,0.0,0.0,0.0,0.0,0.0,0.0,0.0,0.0,0.0,0.0,0.0,0.0,0.0,9.3,Eggs
boysenberries frozen,66,0.3,0.049,0.059,0.2,16.1,9.1,1.5,7.0,0.0,0.064,113.4,0.0,0.063,0.07,0.0,0.045,1.0,0.3,0.054,4.1,0.0,1.1,0.002,35.6,0.1,1.1,21.1,0.7,35.6,183.5,0.058,0.3,65.7,Other
malt beverage,88,0.3,0.005,0.032,0.1,19.1,19.1,0.5,0.0,0.0,0.02,216.0,0.0,0.022,0.021,0.0,0.1,2.6,0.02,0.044,1.2,0.0,0.0,0.0,16.6,0.048,0.1,16.6,0.046,37.9,19.0,0.049,0.025,37.8,Other
chocolate powder for milk,88,0.5,0.5,0.0,0.0,19.9,18.0,1.0,1.0,0.0,0.012,0.2,0.0,0.041,0.079,0.0,0.09,0.064,0.0,0.2,6.0,0.0,0.038,0.041,100.1,0.2,0.0,11.7,0.2,18.9,61.6,0.039,1.5,128.5,Dairy & Cheese
vegetable fruit juice,9,0.017,0.0,0.0,0.0,2.2,0.6,0.071,0.0,0.0,0.043,27.2,0.0,0.047,0.0,0.0,0.075,0.023,0.025,0.05,9.6,0.0,0.5,0.036,0.9,0.031,0.013,0.3,0.032,0.6,5.6,0.027,0.069,12.912,Fruit Juices
cocoa powder unsweetened,12,0.7,0.4,0.2,0.048,3.1,0.087,1.1,1.8,0.0,0.062,0.2,0.0,0.049,0.078,0.0,0.058,0.1,0.054,0.028,0.0,0.0,0.085,0.056,6.9,0.2,0.7,26.9,0.2,39.6,82.3,0.035,0.4,14.3,Other
coconut milk,35,3.6,3.2,0.2,0.01,0.8,0.5,0.3,0.3,0.0,0.001,10.1,0.0,0.058,0.094,0.0,0.0,0.1,0.045,0.069,0.4,0.0,0.063,0.014,2.4,0.023,0.2,5.6,0.1,15.0,39.5,0.096,0.1,8.0,Dairy & Cheese
cocoa powder,28,0.3,0.2,0.061,0.055,5.9,4.6,0.5,0.3,0.0,0.034,0.1,0.066,0.045,0.096,0.051,0.033,0.048,0.066,0.085,0.016,0.0,0.094,0.001,9.3,0.049,0.075,5.8,0.01,22.1,49.8,0.069,0.1,16.393,Other
rice drink,113,2.3,0.0,1.5,0.8,22.0,12.7,0.7,0.7,0.0,0.058,214.3,0.0,0.2,0.01,0.0,0.008,0.3,0.9,0.4,0.059,0.0,0.042,1.1,0.078,283.2,0.013,0.5,26.4,0.7,134.4,64.8,0.009,25.883,Beverages
coconut water,46,0.5,0.4,0.091,0.03,8.9,6.3,1.7,2.6,0.0,0.3,228.0,0.0,0.002,0.05,0.0,0.1,0.2,0.1,0.082,5.8,0.0,0.0,0.0,57.6,0.029,0.7,60.0,0.3,48.0,600.0,0.045,0.2,77.8,Beverages
caramel med iced coffee dunkin donuts,268,9.0,41.0,37.0,5.0,0.0,0.0,0.0,0.0,0.0,0.0,0.0,0.0,0.0,0.0,0.0,0.0,0.0,0.0,0.0,0.0,0.0,0.0,0.0,0.0,0.0,0.0,0.0,0.0,0.0,0.0,0.0,0.0,9.0,Beverages
instant coffee with water decaffeinated,4,0.0,0.024,0.0,0.068,0.8,0.0,0.2,0.0,0.0,0.093,177.1,0.0,0.0,0.0,0.0,0.058,0.5,0.092,0.0,0.0,0.0,0.0,0.0,7.2,0.046,0.042,7.2,0.098,5.4,64.4,0.02,0.053,8.247,Beverages
instant coffee powder,353,0.5,0.2,0.09,0.2,75.4,0.0,12.2,0.0,0.0,0.051,3.1,0.0,0.09,0.0,0.0,0.031,28.2,0.019,0.073,0.0,0.0,0.0,0.077,141.0,0.1,4.4,327.0,1.7,303.0,3535.0,0.024,0.4,233.5,Beverages
instant coffee powder decaffeinated,6,0.069,0.015,0.031,0.075,1.4,0.0,0.2,0.0,0.0,0.09,0.051,0.0,0.0,0.0,0.0,0.072,0.5,0.077,0.0,0.0,0.0,0.0,0.015,2.5,0.031,0.056,5.6,0.084,5.1,63.0,0.015,0.004,4.121,Beverages
instant cappuccino powder,53,0.7,0.4,0.2,0.098,11.2,9.0,0.4,0.2,0.3,0.074,0.2,0.0,0.073,0.067,0.037,0.087,0.3,0.037,0.011,0.1,0.0,0.08,0.062,17.3,0.078,0.036,5.6,0.014,23.8,108.0,0.064,0.058,29.908,Other
espresso decaffeinated,3,0.011,0.037,0.0,0.057,0.5,0.0,0.065,0.0,0.0,0.011,29.3,0.0,0.087,0.054,0.0,0.003,1.6,0.086,0.035,0.026,0.0,0.0,0.047,0.6,0.085,0.087,24.0,0.093,2.1,34.5,0.0,0.036,1.391,Other
instant coffee with water,4,0.0,0.051,0.0,0.025,0.6,0.0,0.2,0.0,0.0,0.015,177.4,0.0,0.0,0.0,0.0,0.073,0.4,0.089,0.0,0.0,0.0,0.0,0.0,7.2,0.026,0.015,7.2,0.001,5.4,53.7,0.054,0.013,8.027,Beverages
coffee,2,0.069,0.011,0.016,0.011,0.0,0.0,0.3,0.0,0.0,0.075,235.6,0.0,0.034,0.076,0.0,0.2,0.5,0.6,0.022,0.0,0.0,0.068,0.025,4.7,0.045,0.051,7.1,0.076,7.1,116.1,0.0,0.039,5.09,Beverages
espresso,3,0.086,0.068,0.0,0.054,0.5,0.0,0.021,0.0,0.0,0.083,29.3,0.0,0.088,0.073,0.0,0.08,1.6,0.075,0.099,0.099,0.0,0.005,0.027,0.6,0.022,0.049,24.0,0.023,2.1,34.5,0.0,0.02,1.263,Other
whey protein powder vanilla eas,108,1.7,1.4,1.3,20.2,0.0,0.0,0.0,0.0,0.0,0.0,0.0,0.0,0.0,0.0,0.0,0.0,0.0,0.0,0.0,0.0,0.0,0.0,0.0,0.0,0.0,0.0,0.0,0.0,0.0,0.0,0.0,0.0,1.7,Protein Supplements
energy drink sugar free red bull,13,0.2,0.0,0.0,0.0,1.8,0.0,0.6,0.0,0.0,0.008,245.9,0.0,0.031,0.0,0.09,1.4,21.3,4.8,5.0,0.0,0.0,0.0,0.0,32.5,0.048,0.023,7.5,0.016,0.0,7.5,0.067,0.0,35.19,Beverages
powerade coca cola,9,0.009,0.076,0.078,0.054,2.3,1.8,0.0,0.0,0.0,0.005,27.1,0.0,0.021,0.0,0.082,0.0,0.5,0.0,0.013,0.0,0.0,0.0,0.0,0.3,0.0,0.096,0.0,0.0,0.3,5.3,0.0,0.058,2.671,Other
amp energy pepsi,110,0.2,0.0,0.0,0.0,29.0,29.0,0.6,0.0,0.0,0.093,209.5,0.0,0.078,0.0,0.083,0.8,4.8,2.4,0.5,0.0,0.0,0.0,0.0,31.2,0.044,0.053,7.2,0.0,40.8,7.2,0.075,0.0,61.067,Other
gatorade g2 pepsi,2,0.052,0.0,0.0,0.0,0.6,0.4,0.069,0.0,0.0,0.011,28.9,0.0,0.0,0.0,0.091,0.0,0.0,0.0,0.0,0.0,0.0,0.0,0.038,0.0,0.0,0.0,0.0,0.0,2.1,3.8,0.0,0.0,0.69,Other
amp energy sugar free pepsi,5,0.0,0.0,0.0,0.0,2.5,0.0,0.0,0.0,0.0,0.093,236.0,0.0,0.0,0.0,0.084,0.3,2.0,1.0,0.2,0.0,0.0,0.0,0.0,0.0,0.095,0.0,7.2,0.0,40.8,4.8,0.038,0.0,2.5,Other
energy drink red bull,111,0.0,0.0,0.0,0.0,26.4,26.4,1.2,0.0,0.0,0.1,230.2,0.0,0.0,0.1,0.0,0.068,0.3,25.4,4.9,5.6,0.0,0.0,0.0,0.0,15.5,0.049,0.2,49.0,0.086,0.0,7.7,0.072,33.224,Beverages
full throttle coca cola,110,0.2,0.0,0.0,0.0,29.0,29.0,0.6,0.0,0.0,0.071,209.5,0.0,0.037,0.0,0.031,0.0,4.0,0.0,0.4,0.0,0.0,0.0,0.0,31.2,0.054,0.037,7.2,0.0,0.0,7.2,0.083,0.0,61.049,Other
passion fruit juice purple,148,0.4,0.064,0.037,0.3,35.7,35.2,1.7,0.5,0.0,0.084,208.0,0.0,0.0,0.039,0.0,0.2,5.5,0.0,0.1,45.0,0.0,0.09,0.011,9.9,0.1,0.9,42.0,0.0,61.8,686.7,0.001,0.1,94.1,Fruit Juices
pomegranate juice,134,0.7,0.2,0.1,0.1,32.7,31.5,0.4,0.2,0.0,0.089,214.0,0.0,0.037,0.014,0.0,0.006,0.6,0.7,0.019,0.2,0.0,0.9,0.081,27.4,0.06,0.2,17.4,0.2,27.4,532.9,0.065,0.2,61.8,Fruit Juices
cranberry apricot juice,157,0.0,0.0,0.0,0.0,39.7,0.0,0.5,0.2,0.0,0.007,204.6,0.0,0.089,0.071,0.0,0.01,0.3,0.071,0.082,0.0,0.0,0.0,0.0,22.1,0.051,0.4,7.4,0.3,12.3,149.5,0.0,0.05,62.9,Fruit Juices
pineapple juice,133,0.3,0.071,0.027,0.1,32.2,25.0,0.9,0.5,0.0,0.075,215.9,0.0,0.0,0.1,0.004,0.0,0.064,0.5,0.1,0.3,109.5,0.0,0.048,0.062,32.5,0.2,0.8,30.0,1.3,20.0,325.0,0.099,34.477,Fruit Juices
passion fruit juice yellow,126,0.1,0.008,0.02,0.094,33.6,33.1,1.0,0.5,0.0,0.003,211.5,0.0,0.0,0.1,0.0,0.3,3.6,0.0,0.1,73.6,0.0,0.036,0.09,9.9,0.1,0.6,42.0,0.0,32.1,686.7,0.098,0.1,119.3,Fruit Juices
orange apricot juice,128,0.3,0.001,0.078,0.063,31.8,30.2,0.8,0.3,0.0,0.096,216.8,0.0,0.022,0.094,0.0,0.021,0.5,0.2,0.08,50.0,0.0,0.3,0.054,12.5,0.024,0.3,12.5,0.091,20.0,200.0,0.086,0.1,96.0,Fruit Juices
tangerine juice,106,0.5,0.082,0.015,0.054,24.9,24.5,1.2,0.5,0.0,0.022,219.6,0.0,0.0,0.1,0.086,0.0,0.094,0.2,0.3,0.1,76.6,0.0,0.3,0.0,44.5,0.06,0.5,19.8,0.031,34.6,439.7,0.016,27.29,Fruit Juices
orange juice,90,0.4,0.079,0.046,0.037,20.8,16.8,1.4,0.4,0.0,0.067,176.6,0.0,0.0,0.2,0.002,0.0,0.01,0.8,0.4,0.052,100.0,0.0,0.013,0.053,22.0,0.06,0.4,22.0,0.056,34.0,400.0,0.067,23.177,Fruit Juices
grapefruit juice,96,0.2,0.011,0.09,0.008,22.7,0.0,1.2,0.0,0.0,0.061,222.3,0.0,0.0,0.06,0.038,0.0,0.01,0.5,0.5,0.1,93.9,0.0,0.0,0.0,22.2,0.004,0.5,29.6,0.037,37.1,400.1,0.0,24.254,Fruit Juices
pineapple grapefruit juice,118,0.3,0.077,0.0,0.022,29.0,28.8,0.5,0.3,0.0,0.054,219.8,0.0,0.042,0.047,0.0,0.07,0.7,0.1,0.1,115.0,0.0,0.001,0.046,17.5,0.1,0.8,15.0,1.0,15.0,152.5,0.025,0.2,163.4,Fruit Juices
tamarind nectar,143,0.3,0.0,0.0,0.0,37.0,31.9,0.2,1.3,0.0,0.046,213.3,0.0,0.077,0.055,0.0,0.024,0.2,0.025,0.048,17.8,0.0,0.3,0.069,25.1,0.054,1.9,10.0,0.079,5.0,67.8,0.0,0.089,83.6,Other
apple juice,114,0.3,0.064,0.078,0.09,28.0,23.9,0.2,0.5,0.0,0.038,218.8,0.0,0.0,0.083,0.0,0.0,0.019,0.2,0.1,0.025,2.2,0.0,0.057,0.0,19.8,0.065,0.3,12.4,0.2,17.4,250.5,0.039,29.087,Fruit Juices
limeade,128,0.0,0.0,0.0,0.0,34.1,32.8,0.0,0.0,0.0,0.071,212.6,0.0,0.047,0.058,0.0,0.034,0.05,0.006,0.051,7.7,0.0,0.0,0.0,4.9,0.058,0.0,4.9,0.068,2.5,24.7,0.081,0.024,46.7,Other
guava nectar,158,0.2,0.05,0.071,0.054,40.8,32.5,0.2,2.5,0.0,0.063,209.6,0.0,0.0,0.06,0.075,0.0,0.073,0.4,0.2,0.057,53.0,0.0,0.1,0.087,20.1,0.055,1.0,5.0,0.1,5.0,97.9,0.0,43.83,Fruits
orange grapefruit juice,106,0.2,0.009,0.001,0.098,25.4,25.1,1.5,0.2,0.0,0.082,218.9,0.0,0.1,0.005,0.0,0.04,0.8,0.3,0.079,71.9,0.0,0.3,0.066,19.8,0.2,1.1,24.7,0.067,34.6,390.3,0.005,0.2,120.1,Fruit Juices
orange juice sainsburys,14,0.088,2.5,0.1,0.0,0.0,0.0,0.0,0.0,0.0,0.0,0.0,0.0,0.0,0.0,0.0,0.0,0.0,0.0,0.0,0.0,0.0,0.0,0.0,0.0,0.0,0.0,0.0,0.0,0.0,0.0,0.0,0.0,0.049,Fruit Juices
cranberry apple juice,154,0.3,0.066,0.014,0.1,38.8,35.5,0.0,0.0,0.0,0.061,205.3,0.0,0.0,0.0,0.0,0.0,0.0,0.0,0.0,96.8,0.0,0.3,0.075,7.4,0.07,0.2,2.5,0.1,4.9,41.7,0.0,0.015,143.5,Fruit Juices
pineapple orange juice,125,0.0,0.0,0.0,0.0,29.5,29.0,3.3,0.3,0.0,0.069,217.3,0.0,0.035,0.046,0.0,0.02,0.5,0.1,0.1,56.3,0.0,0.079,0.085,12.5,0.1,0.7,15.0,0.9,10.0,115.0,0.071,0.2,102.6,Fruit Juices
pear nectar,150,0.062,0.032,0.086,0.038,39.4,0.0,0.3,1.5,0.0,0.056,210.0,0.0,0.0,0.032,0.049,0.0,0.033,0.3,0.087,0.017,67.5,0.0,0.0,0.0,12.5,0.2,0.7,7.5,0.041,7.5,32.5,0.065,41.466,Fruits
blackberry juice,95,1.5,0.095,0.1,0.9,19.5,19.3,0.8,0.3,0.0,0.072,227.3,0.0,0.076,0.091,0.0,0.053,1.1,0.0,0.075,28.3,0.0,2.3,0.088,30.0,0.3,1.2,52.5,0.0,30.0,337.5,0.093,1.0,81.6,Fruit Juices
lemon juice,54,0.6,0.06,0.073,0.038,16.6,6.1,0.9,0.7,0.0,0.046,225.2,0.0,0.0,0.015,0.093,0.0,0.084,0.2,0.2,0.1,94.4,0.0,0.4,0.0,14.6,0.073,0.2,14.6,0.091,19.5,251.3,0.09,18.9,Fruit Juices
cranberry grape juice,137,0.2,0.053,0.092,0.08,34.3,0.0,0.5,0.2,0.0,0.079,209.7,0.0,0.094,0.09,0.0,0.056,0.3,0.1,0.027,78.4,0.0,0.0,0.0,19.6,0.051,0.04,7.4,0.4,9.8,58.8,0.0,0.055,133.2,Fruit Juices
citrus fruit juice,114,0.057,0.088,0.048,0.085,28.3,20.2,0.8,0.2,0.0,0.051,217.8,0.0,0.043,0.021,0.0,0.096,0.2,0.2,0.054,67.2,0.0,0.1,0.042,22.3,0.065,2.8,14.9,0.2,24.8,277.8,0.036,0.011,121.7,Fruit Juices
prune juice,182,0.006,0.033,0.082,0.011,44.7,42.1,1.6,2.6,0.0,0.1,208.0,0.0,0.038,0.0,0.0,0.2,2.0,0.3,0.6,10.5,0.0,0.3,0.007,30.7,0.2,3.0,35.8,0.4,64.0,706.6,0.083,0.5,93.105,Fruit Juices
guanabana nectar,148,0.4,0.096,0.1,0.006,37.5,32.8,0.3,0.3,0.0,0.061,212.6,0.0,0.086,0.05,0.0,0.027,0.3,0.2,0.05,27.9,0.0,0.036,0.0,17.6,0.067,0.9,7.5,0.056,5.0,62.8,0.067,0.011,84.9,Other
fruit juice,108,0.1,0.059,0.048,0.036,26.3,24.2,0.3,0.2,0.0,0.1,172.7,0.0,0.071,0.2,0.0,0.0,0.096,0.028,0.0,0.001,50.8,0.0,0.1,0.0,6.0,0.039,0.5,10.0,0.0,14.0,244.0,0.089,26.937,Fruit Juices
horchata,15,0.2,0.0,0.0,0.0,3.3,2.6,0.1,0.0,0.0,0.013,24.6,0.0,0.0,0.0,0.0,0.0,0.016,0.0,0.029,0.0,0.0,0.022,0.0,5.1,0.028,0.057,0.8,0.045,4.2,9.6,0.005,0.058,8.717,Other
fruit punch,98,0.4,0.048,0.011,0.039,24.4,0.0,0.2,0.0,0.0,0.08,208.6,0.0,0.092,0.061,0.0,0.1,0.1,0.035,0.047,11.2,0.0,0.0,0.0,16.4,0.097,0.5,7.0,0.1,7.0,154.4,0.0,0.4,53.1,Other
apricot nectar,139,0.2,0.07,0.085,0.039,35.7,34.2,0.9,1.5,0.0,0.025,210.5,0.0,0.044,0.059,0.0,0.014,0.6,0.2,0.036,1.5,0.0,0.8,0.008,17.4,0.2,0.9,12.4,0.008,22.3,282.7,0.0,0.2,58.1,Fruits
orangensaft ja,86,0.0,0.0,17.8,17.8,1.4,0.024,0.0,0.0,0.0,0.0,0.0,0.0,0.0,0.0,0.0,0.0,0.0,0.0,0.0,0.0,0.0,0.0,0.0,0.0,0.0,0.0,0.0,0.0,0.0,0.0,0.0,0.0,1.4,Other
fruchtcocktail granini,102,0.4,0.2,23.0,23.0,1.0,0.0,0.0,0.0,0.0,0.0,0.0,0.0,0.0,0.0,0.0,0.0,0.0,0.0,0.0,0.0,0.0,0.0,0.0,0.0,0.0,0.0,0.0,0.0,0.0,0.0,0.0,0.0,1.4,Other
peach nectar,125,1.3,0.6,0.2,0.5,29.7,27.8,0.5,0.2,0.0,0.077,217.3,0.0,0.038,0.1,0.005,0.0,0.049,0.5,0.2,0.091,75.2,0.0,1.5,0.0,14.9,0.2,0.2,12.5,0.058,12.5,124.5,0.071,31.949,Fruits
orange pineapple juice,15,0.08,0.056,0.026,0.024,3.6,3.1,0.1,0.032,0.0,0.044,25.7,0.0,0.044,0.01,0.0,0.069,0.054,0.0,0.053,12.0,0.0,0.036,0.016,2.4,0.09,0.086,3.0,0.1,3.2,44.3,0.076,0.072,18.261,Fruit Juices
cranberry juice,92,0.3,0.061,0.098,0.1,24.4,24.2,0.8,0.2,0.0,0.093,174.3,0.0,0.0,0.069,0.011,0.0,0.016,0.2,0.0,0.1,18.6,0.0,2.4,0.099,16.0,0.1,0.5,12.0,0.0,26.0,154.0,0.036,25.975,Fruit Juices
white grapefruit juice,96,0.2,0.083,0.091,0.007,22.7,22.5,1.2,0.2,0.0,0.018,222.3,0.0,0.015,0.029,0.0,0.005,0.5,0.5,0.1,93.9,0.0,0.5,0.0,22.2,0.035,0.5,29.6,0.032,37.1,400.1,0.019,0.1,140.9,Fruit Juices
mango nectar,128,0.2,0.04,0.092,0.066,32.9,31.2,0.3,0.8,0.0,0.061,217.4,0.0,0.0,0.039,0.055,0.0,0.06,0.2,0.2,0.038,38.2,0.0,0.5,0.047,42.7,0.087,0.9,7.5,0.007,5.0,60.2,0.025,34.447,Fruits
acerola cherry juice,56,0.7,0.2,0.2,0.2,11.6,10.9,1.0,0.7,0.0,0.082,228.2,0.0,0.067,0.084,0.0,0.1,1.0,0.5,0.051,3872.0,0.0,0.4,0.057,24.2,0.2,1.2,29.0,0.0,21.8,234.7,0.061,0.2,3911.4,Fruit Juices
apple juice concentrate,350,0.8,0.1,0.053,0.2,86.5,81.9,1.1,0.8,0.0,0.049,120.3,0.0,0.029,0.005,0.0,0.1,0.3,0.5,0.2,4.4,0.0,0.022,0.0,42.2,0.1,1.9,35.9,0.5,52.8,945.3,0.067,0.3,137.7,Fruit Juices
papaya nectar,143,0.4,0.1,0.1,0.07,36.3,34.8,0.4,1.5,0.0,0.082,212.6,0.0,0.0,0.053,0.039,0.0,0.077,0.4,0.1,0.017,7.5,0.0,0.6,0.076,25.0,0.029,0.9,7.5,0.012,0.0,77.5,0.072,38.657,Fruits
apple juice martinellis,122,0.0,0.0,29.1,0.7,0.0,0.0,0.0,0.0,0.0,0.0,0.0,0.0,0.0,0.0,0.0,0.0,0.0,0.0,0.0,0.0,0.0,0.0,0.0,0.0,0.0,0.0,0.0,0.0,0.0,0.0,0.0,0.0,0.0,Fruit Juices
lime juice,61,0.2,0.052,0.087,0.071,20.4,4.1,1.0,1.0,0.0,0.014,219.7,0.0,0.015,0.01,0.0,0.078,0.3,0.3,0.04,72.6,0.0,0.5,0.074,33.9,0.027,0.2,19.4,0.011,33.9,283.1,0.052,0.2,129.3,Fruit Juices
grape juice,152,0.3,0.06,0.03,0.059,37.4,35.9,0.9,0.5,0.0,0.003,213.8,0.0,0.05,0.0,0.0,0.025,0.3,0.1,0.086,0.3,0.0,0.0,0.025,27.8,0.025,0.6,25.3,0.6,35.4,263.1,0.0,0.2,67.8,Fruit Juices
fruit flavored water,52,0.0,0.0,0.0,0.0,13.0,13.0,0.0,0.0,0.0,0.0,223.8,0.05,0.0,0.016,0.049,0.0,2.0,1.0,0.2,30.1,0.0,4.5,0.0,40.3,0.061,0.0,7.1,0.0,0.0,0.0,0.0,0.8,83.471,Beverages
lemon lime soda,151,0.0,0.0,0.0,0.0,38.4,37.6,0.3,0.0,0.0,0.024,330.2,0.0,0.0,0.0,0.0,0.0,0.055,0.0,0.0,0.0,0.0,0.0,0.0,7.4,0.0,0.061,3.7,0.0,0.0,3.7,0.0,0.065,46.113,Beverages
tonic water,114,0.0,0.0,0.0,0.0,29.6,29.6,0.0,0.0,0.0,0.049,306.1,0.0,0.0,0.0,0.0,0.0,0.0,0.0,0.0,0.0,0.0,0.0,0.0,3.4,0.031,0.09,0.0,0.05,0.0,0.0,0.0,0.3,33.038,Beverages
lemonade low calorie,7,0.0,0.0,0.0,0.0,1.6,0.0,0.092,0.0,0.0,0.013,236.8,0.0,0.0,0.0,0.0,0.0,0.0,0.0,0.0,7.6,0.0,0.0,0.0,66.9,0.04,0.1,2.4,0.057,31.1,2.4,0.0,0.011,76.216,Beverages
ginger ale,68,0.0,0.0,0.0,0.0,17.5,17.4,0.0,0.0,0.0,0.043,182.5,0.0,0.0,0.0,0.0,0.0,0.0,0.0,0.0,0.0,0.0,0.0,0.0,0.0,6.0,0.024,0.4,2.0,0.087,0.0,2.0,0.078,17.528,Herbs & Spices
ice tea lemon flavor nestle,88,0.0,0.0,0.0,0.0,22.3,22.3,0.0,0.0,0.0,0.063,223.4,0.0,0.0,0.0,0.0,0.0,0.0,0.0,0.0,0.0,0.0,0.0,0.0,7.4,0.068,0.0,2.5,0.3,88.2,46.6,0.0,0.1,29.7,Beverages
sprite coca cola,80,0.063,0.0,0.0,0.0,20.3,18.0,0.1,0.0,0.0,0.021,179.6,0.0,0.0,0.0,0.0,0.0,0.0,0.032,0.0,0.0,0.0,0.0,0.0,0.0,4.0,0.042,0.2,2.0,0.017,0.0,2.0,0.0,20.538,Other
cola coca cola,151,0.0,0.0,0.0,0.0,38.9,38.9,0.0,0.0,0.0,0.045,329.8,0.0,0.0,0.0,0.0,0.0,0.0,0.0,0.0,0.0,0.0,0.0,0.0,7.4,0.0,0.048,0.0,0.0,40.5,11.0,0.045,0.052,46.4,Other
cola,74,0.07,0.0,0.0,0.0,19.1,17.9,0.1,0.0,0.0,0.072,180.6,0.0,0.0,0.0,0.0,0.0,0.0,0.0,0.0,0.0,0.0,0.0,0.0,0.0,4.0,0.012,0.2,0.0,0.081,20.0,4.0,0.038,19.336,Other
cream soda,252,0.0,0.0,0.0,0.0,65.7,65.7,0.0,0.0,0.0,0.098,428.3,0.0,0.0,0.0,0.0,0.0,0.0,0.0,0.0,0.0,0.0,0.0,0.0,24.7,0.036,0.2,4.9,0.08,0.0,4.9,0.0,0.3,90.6,Beverages
pink lemonade,86,0.3,0.079,0.03,0.034,21.6,20.6,0.1,0.2,0.0,0.01,177.8,0.0,0.003,0.078,0.0,0.0,0.047,0.035,0.061,6.2,0.0,0.062,0.0,8.0,0.011,0.092,4.0,0.094,4.0,34.0,0.0,0.093,36.488,Beverages
grape soda,160,0.0,0.0,0.0,0.0,41.7,0.0,0.0,0.0,0.0,0.042,330.3,0.0,0.0,0.0,0.0,0.0,0.0,0.0,0.0,0.0,0.0,0.0,0.0,11.2,0.038,0.3,3.7,0.054,0.0,3.7,0.0,0.3,53.2,Beverages
cola without caffeine coca cola,151,0.0,0.0,0.0,0.0,38.9,38.9,0.0,0.0,0.0,0.04,329.8,0.0,0.0,0.0,0.0,0.0,0.0,0.0,0.0,0.0,0.0,0.0,0.0,7.4,0.0,0.026,0.0,0.0,40.5,11.0,0.063,0.032,46.381,Other
white lemonade,80,0.003,0.093,0.024,0.076,20.8,20.0,0.1,0.0,0.0,0.02,178.7,0.0,0.0,0.004,0.043,0.0,0.02,0.094,0.094,0.007,7.8,0.0,0.04,0.0,8.0,0.013,0.3,4.0,0.083,4.0,30.0,0.066,21.02,Beverages
chocolate soda,207,0.0,0.0,0.0,0.0,52.6,52.6,0.0,0.0,0.0,0.031,438.9,0.0,0.0,0.0,0.0,0.0,0.0,0.0,0.0,0.0,0.0,0.0,0.0,19.7,0.022,0.5,4.9,0.2,4.9,246.0,0.015,0.8,72.8,Beverages
sweet tea lipton,130,0.0,0.0,0.0,0.0,35.0,35.0,0.0,0.0,0.0,0.0,0.0,0.0,0.0,0.0,0.0,0.0,0.0,0.0,0.0,0.0,0.0,0.0,0.0,0.0,0.0,0.0,0.0,0.0,0.0,0.0,0.0,0.0,35.0,Beverages
hibiscus tea,74,1.3,0.5,0.2,0.04,14.8,12.0,0.9,0.6,0.0,0.091,179.3,0.0,2.6,0.03,0.0,0.2,0.0,0.0,0.0,36.8,0.0,0.0,0.0,2.0,0.1,17.3,2.0,0.0,6.0,18.0,0.0,0.2,73.7,Beverages
instant lemon tea,2,0.0,0.0,0.0,0.0,0.3,0.047,0.1,0.0,0.0,0.046,199.2,0.0,0.0,0.0,0.0,0.0,0.003,0.023,0.06,0.009,0.0,0.0,0.0,0.0,6.0,0.026,0.02,4.0,0.8,2.0,36.0,0.0,0.494,Beverages
pesca tea santal,116,0.0,28.1,0.0,0.0,0.0,0.0,0.0,0.0,0.0,0.0,0.0,0.0,0.0,0.0,0.0,0.0,0.0,0.0,0.0,0.0,0.0,0.0,0.0,0.0,0.0,0.0,0.0,0.0,0.0,0.0,0.0,0.0,0.0,Beverages
instant lemon tea sweetened,91,0.2,0.018,0.046,0.093,22.3,21.6,0.071,0.3,0.0,0.089,236.2,0.0,0.083,0.0,0.0,0.0,0.006,0.0,0.044,0.0,0.0,0.0,0.0,5.2,0.076,0.0,2.6,0.3,0.0,38.9,0.017,0.048,28.147,Beverages
tea with milk and sugar yorkshire,15,0.5,0.3,0.7,0.7,0.4,0.0,0.0,0.0,0.0,0.0,0.0,0.0,0.0,0.0,0.0,0.0,0.0,0.0,0.0,0.0,0.0,0.0,0.0,0.0,0.0,0.0,0.0,0.0,0.0,0.0,0.0,0.0,0.9,Beverages
tea blueberry muffin tekanne,4,0.2,0.2,0.6,0.4,0.4,0.007,0.0,0.0,0.0,0.0,0.0,0.0,0.0,0.0,0.0,0.0,0.0,0.0,0.0,0.0,0.0,0.0,0.0,0.0,0.0,0.0,0.0,0.0,0.0,0.0,0.0,0.0,0.6,Beverages
chamomile tea,2,0.0,0.028,0.032,0.073,0.4,0.0,0.0,0.0,0.0,0.003,199.4,0.0,0.06,0.05,0.0,0.022,0.0,0.027,0.0,0.0,0.0,0.0,0.0,4.0,0.097,0.2,2.0,0.078,0.0,18.0,0.0,0.006,4.6,Beverages
black tea,2,0.0,0.072,0.032,0.029,0.7,0.0,0.0,0.0,0.0,0.091,236.3,0.0,0.0,0.041,0.0,0.018,0.0,0.04,0.0,0.0,0.0,0.0,0.0,0.0,0.088,0.088,7.1,0.5,2.4,87.7,0.0,0.081,0.72,Beverages
herb tea,2,0.0,0.014,0.043,0.071,0.4,0.0,0.0,0.0,0.0,0.064,199.4,0.0,0.007,0.093,0.0,0.051,0.0,0.096,0.0,0.0,0.0,0.0,0.0,4.0,0.059,0.2,2.0,0.019,0.0,18.0,0.0,0.006,4.6,Beverages
clam tomato juice,80,0.3,0.0,0.0,0.0,18.2,5.5,1.0,0.7,0.0,0.6,145.1,0.0,0.015,0.079,0.0,0.064,0.4,0.1,0.1,8.3,0.0,0.2,0.0,13.3,0.011,0.2,8.3,0.073,18.3,147.7,0.097,0.1,42.0,Fruit Juices
tomato juice,41,0.7,0.043,0.062,0.043,8.6,6.3,2.1,1.0,0.0,0.063,229.0,0.0,0.069,0.2,0.003,0.0,0.2,1.6,0.6,0.2,170.3,0.0,0.8,0.056,24.3,0.1,0.9,26.7,0.2,46.2,527.3,0.067,12.742,Fruit Juices
vegetable juice,53,0.2,0.071,0.016,0.1,11.1,7.9,1.5,1.9,0.0,0.1,226.3,0.0,0.0,0.095,0.039,0.0,0.091,1.8,0.6,0.3,67.0,0.0,0.8,0.007,26.6,0.5,1.0,26.6,0.2,41.1,467.1,0.026,15.538,Fruit Juices
tomato vegetable juice,53,0.2,0.014,0.014,0.1,11.1,9.2,1.5,1.9,0.0,0.2,226.3,0.0,0.034,0.047,0.0,0.097,1.8,0.0,0.3,67.0,0.0,0.8,0.085,26.6,0.5,1.0,26.6,0.0,41.1,467.1,0.046,0.5,109.3,Fruit Juices
carrot juice,80,0.3,0.055,0.027,0.1,18.6,7.8,1.9,1.6,0.0,0.1,177.7,0.0,0.2,0.077,0.0,0.1,0.8,0.5,0.4,17.0,0.0,2.3,0.047,48.0,0.087,0.9,28.0,0.3,84.0,584.0,0.046,0.4,88.3,Fruit Juices
acorn dried,144,8.9,1.2,5.6,1.7,15.2,0.0,2.3,0.0,0.0,0.0,1.4,0.0,0.005,0.085,0.0,0.021,0.7,0.3,0.2,0.0,0.0,0.0,0.0,15.3,0.2,0.3,23.2,0.4,29.1,200.6,0.0,0.2,42.0,Other
fenugreek seeds,36,0.7,0.2,0.0,0.0,6.5,0.0,2.6,2.7,0.0,0.09,1.0,0.0,0.036,0.046,0.0,0.019,0.2,0.0,0.064,0.3,0.0,0.0,0.0,19.5,0.1,3.7,21.2,0.1,32.9,85.5,0.025,0.3,36.0,Other
peanut topping mcdonalds,181,15.0,2.4,7.3,4.0,4.6,1.2,7.9,0.0,0.0,0.0,0.2,0.0,0.07,0.015,0.0,0.099,4.7,0.3,0.2,0.0,0.0,2.3,0.0,13.0,0.1,0.4,54.6,0.6,103.0,179.4,0.0,0.8,40.9,Fast Food
beechnuts dried,173,15.0,1.7,6.6,6.0,10.1,0.0,1.9,0.0,0.0,0.068,2.0,0.0,0.053,0.087,0.0,0.1,0.3,0.3,0.2,4.7,0.0,0.0,0.0,0.3,0.2,0.7,0.0,0.4,0.0,305.1,0.0,0.1,32.7,Other
cumin seeds,8,0.5,0.096,0.3,0.013,0.9,0.063,0.4,0.2,0.0,0.073,0.2,0.0,0.079,0.015,0.0,0.093,0.064,0.0,0.021,0.2,0.0,0.096,0.001,19.6,0.058,1.4,7.7,0.087,10.5,37.5,0.072,0.1,23.2,Other
pili nuts dried,863,95.5,37.4,44.7,9.1,4.8,0.0,13.0,0.0,0.0,0.014,3.3,0.0,1.1,0.066,0.0,0.1,0.6,0.6,0.1,0.7,0.0,0.0,0.0,174.0,1.1,4.2,362.4,2.8,690.0,608.4,0.0,3.6,292.2,Other
hazelnuts roasted,194,18.7,1.4,14.0,2.5,5.3,1.5,4.5,2.8,0.0,0.0,0.8,0.0,0.1,0.031,0.0,0.074,0.6,0.3,0.2,1.1,0.0,4.6,0.0,36.9,0.5,1.3,51.9,1.7,93.0,226.5,0.061,0.8,70.6,Nuts & Seeds
lupins cooked,193,4.8,0.6,2.0,1.2,15.4,0.0,25.8,4.6,0.0,0.4,118.0,0.0,0.2,0.083,0.0,0.071,0.8,0.3,0.016,1.8,0.0,0.0,0.0,84.7,0.4,2.0,89.6,1.1,212.5,406.7,0.084,2.3,139.1,Other
hazelnuts blanched,178,17.3,1.3,13.6,1.6,4.8,1.0,3.9,3.1,0.0,0.0,1.6,0.0,0.1,0.021,0.0,0.049,0.4,0.2,0.2,0.6,0.0,5.0,0.0,42.2,0.5,0.9,45.3,3.6,87.7,186.2,0.015,0.6,72.8,Nuts & Seeds
brazilnuts dried,33,3.3,0.8,1.2,1.0,0.6,0.1,0.7,0.4,0.0,0.073,0.2,0.0,0.079,0.035,0.0,0.013,0.083,0.051,0.041,0.024,0.0,0.3,0.0,8.0,0.074,0.1,18.8,0.084,36.3,33.0,0.035,0.2,13.139,Nuts & Seeds
sunflower seeds dry roasted,47,4.0,0.4,0.8,2.6,1.9,0.2,1.5,0.9,0.0,0.067,0.076,0.0,0.087,0.072,0.0,0.086,0.6,0.6,0.01,0.1,0.0,2.1,0.037,5.6,0.1,0.3,10.3,0.2,92.4,68.0,0.021,0.4,14.3,Nuts & Seeds
ginkgo nuts canned,172,2.5,0.5,0.9,0.9,34.3,0.0,3.5,14.4,0.0,0.5,113.1,0.0,0.2,0.06,0.0,0.052,5.6,0.2,0.3,14.1,0.0,0.0,0.0,6.2,0.3,0.4,24.8,0.1,83.7,279.0,0.067,0.3,75.4,Other
peanuts cooked,572,39.6,5.5,19.7,12.5,38.3,4.4,24.3,15.8,0.0,1.4,75.2,0.0,0.5,0.1,0.0,0.1,9.5,1.5,0.3,0.0,0.0,7.4,0.0,99.0,0.9,1.8,183.6,1.8,356.4,324.0,0.027,3.3,218.8,Other
pumpkin squash seeds dried,721,63.3,11.2,21.0,27.1,13.8,1.8,39.0,7.7,0.0,0.013,6.7,0.0,0.4,0.024,0.0,0.2,6.4,1.0,0.2,2.5,0.0,2.8,0.03,59.3,1.7,11.4,763.7,5.9,1590.6,1043.6,0.078,10.1,197.0,Vegetables
sunflower seeds dried,269,23.7,2.0,8.5,10.6,9.2,1.2,9.6,4.0,0.0,0.014,2.2,0.0,0.7,0.1,0.0,0.2,3.8,0.5,0.6,0.6,0.0,16.2,0.0,35.9,0.8,2.4,149.5,0.9,303.6,296.7,0.077,2.3,85.4,Nuts & Seeds
lotus seeds dried,106,0.6,0.1,0.1,0.4,20.6,0.0,4.9,0.0,0.0,0.024,4.5,0.0,0.2,0.019,0.0,0.059,0.5,0.3,0.2,0.0,0.0,0.0,0.0,52.2,0.1,1.1,67.2,0.7,200.3,437.8,0.0,0.3,79.4,Nuts & Seeds
butternuts dried,734,68.4,1.6,12.5,51.3,14.5,0.0,29.9,5.6,0.0,0.062,4.0,0.0,0.5,0.088,0.0,0.2,1.3,0.8,0.7,3.8,0.0,0.0,0.0,63.6,0.5,4.8,284.4,7.9,535.2,505.2,0.028,3.8,190.6,Other
sesame seeds dried,52,4.5,0.6,1.7,2.0,2.1,0.031,1.6,1.1,0.0,0.049,0.4,0.0,0.037,0.05,0.0,0.057,0.4,0.082,0.096,0.0,0.0,0.099,0.0,87.8,0.4,1.3,31.6,0.2,56.6,42.1,0.047,0.7,98.4,Nuts & Seeds
breadfruit seeds,57,1.7,0.5,0.2,0.9,8.8,0.0,2.2,1.6,0.0,0.04,16.9,0.0,0.1,0.095,0.0,0.066,0.1,0.3,0.024,2.0,0.0,0.0,0.0,10.8,0.3,1.1,16.2,0.049,52.5,282.3,0.0,0.3,28.2,Fruits
pinyon pine nuts dried,1,0.073,0.022,0.044,0.074,0.01,0.0,0.083,0.005,0.0,0.07,0.045,0.0,0.02,0.066,0.0,0.04,0.027,0.0,0.048,0.004,0.0,0.0,0.0,0.022,0.078,0.007,0.2,0.012,0.098,0.6,0.0,0.049,0.359,Nuts & Seeds
pine nuts dried,909,92.3,6.6,25.3,46.0,17.7,4.8,18.5,5.0,0.0,0.086,3.1,0.0,0.5,0.018,0.0,0.3,5.9,0.4,0.1,1.1,0.0,12.6,0.002,21.6,1.8,7.5,338.9,11.9,776.3,806.0,0.061,8.7,163.7,Nuts & Seeds
flaxseeds,55,4.3,0.4,0.8,3.0,3.0,0.2,1.9,2.8,0.0,0.035,0.7,0.0,0.2,0.015,0.0,0.095,0.3,0.1,0.056,0.023,0.0,0.042,0.053,26.3,0.1,0.6,40.4,0.3,66.1,83.7,0.05,0.4,38.994,Other
safflower seed kernels dried,146,10.9,1.0,1.4,8.0,9.7,0.0,4.6,0.0,0.0,0.042,1.6,0.0,0.3,0.055,0.0,0.1,0.6,1.1,0.3,0.0,0.0,0.0,0.0,22.1,0.5,1.4,99.9,0.6,182.3,194.4,0.0,1.4,48.7,Other
poppy seeds,46,3.7,0.4,0.5,2.5,2.5,0.3,1.6,1.7,0.0,0.079,0.5,0.0,0.034,0.044,0.0,0.04,0.069,0.071,0.09,0.061,0.0,0.2,0.0,126.5,0.1,0.9,30.5,0.6,76.6,63.3,0.059,0.7,136.934,Other
spanish peanuts,832,72.4,11.2,32.6,25.1,23.1,0.0,38.2,13.9,0.0,0.036,9.3,0.0,1.0,0.4,0.0,0.2,23.3,2.6,0.5,0.0,0.0,0.0,0.0,154.8,1.3,5.7,274.5,3.9,566.5,1086.2,0.077,3.1,308.1,Other
dill seeds,20,1.0,0.018,0.6,0.041,3.6,0.0,1.1,1.4,0.0,0.037,0.5,0.0,0.011,0.085,0.0,0.059,0.2,0.0,0.001,1.4,0.0,0.0,0.0,100.1,0.009,1.1,16.9,0.1,18.3,78.3,0.075,0.3,109.7,Other
almonds roasted,182,16.6,1.3,10.4,4.1,5.3,1.4,6.4,3.2,0.0,0.029,0.8,0.0,0.055,0.032,0.0,0.2,1.1,0.049,0.065,0.0,0.0,7.8,0.0,87.3,0.3,1.1,82.2,0.7,139.8,209.7,0.017,0.9,119.9,Other
chestnuts cooked,37,0.4,0.016,0.1,0.2,7.9,0.0,0.6,0.0,0.0,0.046,19.3,0.0,0.095,0.099,0.0,0.053,0.2,0.046,0.021,7.6,0.0,0.0,0.0,13.0,0.1,0.5,15.3,0.2,28.0,202.3,0.0,0.02,30.0,Other
alfalfa seeds,1,0.075,0.029,0.067,0.057,0.002,0.058,0.1,0.015,0.0,0.048,2.8,0.0,0.065,0.008,0.0,0.078,0.02,0.051,0.021,0.2,0.0,0.036,0.042,1.0,0.048,0.034,0.8,0.024,2.1,2.4,0.076,0.071,1.435,Other
virginia peanuts roasted,173,14.6,1.9,7.6,4.4,6.0,0.0,7.8,2.7,0.0,0.018,0.7,0.0,0.066,0.061,0.0,0.022,4.4,0.4,0.099,0.0,0.0,0.0,0.0,25.8,0.4,0.5,56.4,0.6,151.8,195.6,0.006,2.0,57.4,Other
anise seeds,7,0.3,0.06,0.2,0.066,1.1,0.0,0.4,0.3,0.0,0.1,0.2,0.0,0.058,0.002,0.0,0.091,0.09,0.058,0.01,0.4,0.0,0.0,0.0,13.6,0.024,0.8,3.6,0.031,9.2,30.3,0.05,0.1,16.9,Other
macadamia nuts roasted,215,22.8,3.6,17.8,0.4,4.0,1.2,2.3,2.4,0.0,0.064,0.5,0.0,0.2,0.002,0.0,0.086,0.7,0.2,0.1,0.2,0.0,0.2,0.0,21.0,0.2,0.8,35.4,0.9,59.4,108.9,0.085,0.4,53.5,Nuts & Seeds
studentenfutter alnatura,139,7.8,0.9,4.8,2.0,13.2,11.7,3.1,0.031,1.7,0.0,0.0,0.0,0.0,0.0,0.0,0.0,0.0,0.0,0.0,0.0,0.0,0.0,0.0,0.0,0.0,0.0,0.0,0.0,0.0,0.0,0.0,0.0,24.152,Other
pumpkin squash seeds roasted,46,3.9,0.7,1.3,1.6,1.2,0.1,2.4,0.5,0.0,0.045,0.2,0.0,0.046,0.041,0.0,0.046,0.4,0.02,0.012,0.1,0.0,0.049,0.002,4.2,0.1,0.6,44.0,0.4,93.9,63.0,0.05,0.6,12.9,Vegetables
chestnuts roasted,37,0.3,0.009,0.1,0.1,7.9,1.6,0.5,0.8,0.0,0.043,6.1,0.0,0.08,0.096,0.0,0.011,0.2,0.046,0.075,3.9,0.0,0.08,0.008,4.4,0.075,0.1,5.0,0.2,16.1,88.8,0.037,0.086,17.9,Other
peanuts roasted,180,15.8,2.6,7.8,4.6,4.6,1.3,8.4,2.8,0.0,0.069,0.4,0.0,0.057,0.051,0.0,0.02,4.1,0.4,0.1,0.2,0.0,2.1,0.0,18.3,0.2,0.5,52.8,0.6,119.1,217.8,0.066,1.0,50.6,Other
sunflower seeds toasted,829,76.1,8.0,14.5,50.3,27.6,0.0,23.1,15.4,0.0,0.8,1.3,0.0,0.4,0.3,0.0,0.4,5.6,9.5,1.1,1.9,0.0,0.0,0.0,76.4,2.5,9.1,172.9,2.8,1551.7,657.9,0.066,7.1,229.6,Nuts & Seeds
sisymbrium seeds,235,3.4,0.7,1.1,1.5,43.1,0.0,9.0,0.0,0.0,0.047,4.5,0.0,0.1,0.072,0.0,0.3,12.5,0.7,0.6,22.7,0.0,0.0,0.0,1208.4,0.052,0.098,232.4,1.1,4.4,1576.2,0.0,0.2,1286.643,Other
breadnut tree seeds dried,587,2.7,0.7,0.3,1.4,127.0,0.0,13.8,23.8,0.0,0.091,10.4,0.0,0.04,0.2,0.0,0.2,3.4,3.0,1.1,74.6,0.0,0.0,0.0,150.4,3.9,7.4,184.0,0.5,284.8,3217.6,0.011,3.1,399.7,Other
chia seeds dried,138,8.7,0.9,0.7,6.7,11.9,0.0,4.7,9.7,0.0,0.047,1.6,0.0,0.2,0.098,0.0,0.08,2.5,0.0,0.0,0.5,0.0,0.1,0.0,178.6,0.3,2.2,94.8,0.8,243.4,115.2,0.035,1.3,216.3,Nuts & Seeds
japanese chestnuts roasted,57,0.2,0.08,0.1,0.094,12.8,0.0,0.8,0.0,0.0,0.079,14.1,0.0,0.1,0.022,0.0,0.0,0.2,0.1,0.1,7.9,0.0,0.0,0.0,9.9,0.2,0.6,18.1,0.6,26.3,120.8,0.0,0.4,32.2,Other
sesame seeds toasted,45,3.8,0.5,1.5,1.7,2.1,0.0,1.4,1.1,0.0,0.07,0.3,0.0,0.084,0.075,0.0,0.022,0.4,0.074,0.002,0.0,0.0,0.0,0.0,79.1,0.2,1.2,28.5,0.2,51.0,38.0,0.03,0.6,88.7,Nuts & Seeds
cashew nuts roasted,174,14.3,2.5,7.8,2.6,9.0,1.5,5.1,1.0,0.0,0.091,0.7,0.0,0.1,0.08,0.0,0.025,0.5,0.3,0.056,0.071,0.0,0.3,0.041,12.9,0.6,1.8,81.9,0.5,159.3,189.6,0.02,1.6,44.12,Nuts & Seeds
mustard seeds ground,10,0.7,0.012,0.5,0.2,0.6,0.1,0.5,0.2,0.0,0.017,0.1,0.0,0.072,0.093,0.0,0.02,0.093,0.018,0.0,0.1,0.0,0.1,0.086,5.3,0.055,0.2,7.4,0.078,16.6,14.8,0.003,0.1,7.6,Condiments & Sauces
mixed nuts roasted,178,15.4,2.0,9.4,3.2,7.6,1.4,5.2,2.7,0.0,0.1,0.5,0.0,0.063,0.008,0.0,0.074,1.4,0.4,0.073,0.1,0.0,3.3,0.017,21.0,0.4,1.1,67.5,0.6,130.5,207.9,0.053,1.1,53.1,Other
salat mix alestro,61,5.2,0.9,0.1,0.3,2.4,0.0,0.0,0.0,0.0,0.0,0.0,0.0,0.0,0.0,0.0,0.0,0.0,0.0,0.0,0.0,0.0,0.0,0.0,0.0,0.0,0.0,0.0,0.0,0.0,0.0,0.0,0.0,7.6,Other
pistachio nuts roasted,172,13.7,1.7,7.4,4.0,8.5,2.3,6.3,3.1,0.0,0.008,0.6,0.0,0.0,0.2,0.009,0.0,0.072,0.4,0.2,0.3,0.9,0.0,0.7,0.054,32.1,0.4,1.2,32.7,0.4,140.7,302.1,0.021,32.348,Nuts & Seeds
walnut,33,3.3,0.3,0.4,2.4,0.7,0.1,0.8,0.3,0.0,0.041,0.2,0.0,0.064,0.004,0.0,0.037,0.075,0.029,0.018,0.037,0.0,0.06,0.029,4.9,0.058,0.1,7.9,0.2,17.3,22.1,0.06,0.2,10.109,Nuts & Seeds
celery seeds,25,1.6,0.1,1.0,0.2,2.7,0.078,1.2,0.8,0.0,0.068,0.4,0.0,0.098,0.05,0.0,0.022,0.2,0.0,0.039,1.1,0.0,0.06,0.0,114.9,0.029,2.9,28.6,0.5,35.6,91.0,0.057,0.5,125.2,Vegetables
hickorynuts dried,788,77.2,8.4,39.1,26.3,21.9,0.0,15.3,7.7,0.0,0.053,3.2,0.0,1.0,0.042,0.0,0.2,1.1,2.1,0.2,2.4,0.0,0.0,0.0,73.2,0.9,2.5,207.6,5.5,403.2,523.2,0.038,5.2,200.2,Other
spanish peanuts roasted,851,72.1,11.1,32.4,25.0,25.7,0.0,41.2,13.1,0.0,0.6,2.6,0.0,0.5,0.2,0.0,0.1,22.0,2.0,0.4,0.0,0.0,0.0,0.0,147.0,1.0,3.4,247.0,3.5,568.9,1140.7,0.083,2.9,302.5,Other
woca seeds dried,102,0.3,0.025,0.044,0.059,22.6,0.1,2.2,5.4,0.0,0.048,2.6,0.0,0.029,0.092,0.0,0.042,1.2,0.4,0.3,0.0,0.0,10.1,0.0,7.6,0.041,0.4,24.3,0.3,64.8,156.5,0.021,1.8,38.5,Other
pecans roasted,215,22.6,2.2,12.3,7.1,3.9,1.2,2.8,2.9,0.0,0.062,0.3,0.0,0.1,0.053,0.0,0.02,0.4,0.2,0.071,0.2,0.0,0.8,0.0,20.1,0.4,0.7,36.3,1.1,78.9,117.6,0.004,1.3,53.2,Other
fennel seeds,7,0.3,0.008,0.2,0.065,1.0,0.0,0.3,0.8,0.0,0.097,0.2,0.0,0.021,0.0,0.0,0.092,0.1,0.0,0.045,0.4,0.0,0.0,0.0,23.9,0.051,0.4,7.7,0.1,9.7,33.9,0.0,0.042,27.1,Vegetables
chinese chestnuts roasted,68,0.3,0.027,0.2,0.073,14.8,0.0,1.3,0.0,0.0,0.052,11.4,0.0,0.036,0.1,0.0,0.037,0.4,0.2,0.1,10.9,0.0,0.0,0.0,5.4,0.1,0.4,25.5,0.5,28.9,135.0,0.0,0.3,33.1,Other
watermelon seed kernels dried,602,51.2,10.6,8.0,30.3,16.5,0.0,30.6,0.0,0.0,0.1,5.5,0.0,0.2,0.038,0.0,0.2,3.8,0.4,0.032,0.0,0.0,0.0,0.0,58.3,0.7,7.9,556.2,1.7,815.4,699.8,0.0,11.1,164.5,Fruits
pectin,163,0.2,0.052,0.093,0.076,45.2,0.0,0.2,4.3,0.0,0.1,4.4,0.0,0.042,0.025,0.0,0.021,0.017,0.023,0.063,0.0,0.0,0.0,0.0,3.5,0.2,1.4,0.5,0.094,1.0,3.5,0.0,0.2,54.8,Other
black walnut dried,31,3.0,0.2,0.8,1.8,0.5,0.018,1.2,0.3,0.0,0.028,0.2,0.0,0.014,0.083,0.0,0.097,0.036,0.056,0.067,0.032,0.0,0.091,0.029,3.1,0.071,0.2,10.1,0.2,25.7,26.2,0.046,0.2,8.347,Nuts & Seeds
water chestnut canned,70,0.015,0.05,0.068,0.053,17.2,3.4,1.2,3.5,0.0,0.011,121.0,0.0,0.035,0.016,0.0,0.03,0.5,0.3,0.2,1.8,0.0,0.7,0.043,5.6,0.1,1.2,7.0,0.2,26.6,165.2,0.099,0.5,30.594,Beverages
ginkgo nuts dried,98,0.6,0.1,0.2,0.2,20.5,0.0,2.9,0.0,0.0,0.045,3.5,0.0,0.1,0.054,0.0,0.01,3.3,0.4,0.2,8.3,0.0,0.0,0.0,5.7,0.2,0.5,15.0,0.059,76.1,282.4,0.0,0.2,38.5,Other
valencia peanuts roasted,177,15.4,2.4,6.9,5.3,4.9,0.0,8.1,2.7,0.0,0.004,0.6,0.0,0.052,0.003,0.0,0.068,4.3,0.4,0.072,0.0,0.0,0.0,0.0,16.2,0.3,0.5,48.0,0.5,95.7,183.6,0.046,0.9,47.8,Other
nesfit diet cereal nestle,75,0.0,14.5,2.8,0.0,0.0,0.0,0.0,0.0,0.0,0.0,0.0,0.0,0.0,0.0,0.0,0.0,0.0,0.0,0.0,0.0,0.0,0.0,0.0,0.0,0.0,0.0,0.0,0.0,0.0,0.0,0.0,0.0,0.0,Grains & Cereals
corn grits cooked,182,1.2,0.2,0.2,0.4,37.9,0.3,4.4,2.1,0.0,0.6,213.1,0.0,0.2,0.002,0.0,0.1,2.1,0.1,0.1,0.0,0.0,0.03,0.0,2.6,0.0,1.5,18.0,0.008,51.4,69.4,0.052,0.5,49.7,Vegetables
amaranth flakes,134,2.7,0.5,0.8,1.0,27.0,0.2,5.9,3.6,0.0,0.067,1.1,0.0,0.033,0.025,0.0,0.0,1.0,0.0,0.006,1.0,0.0,0.5,0.007,6.5,0.011,0.7,9.5,0.0,125.8,134.1,0.009,0.011,47.4,Grains & Cereals
granola,293,14.6,2.4,6.6,4.7,32.3,11.9,8.2,5.3,0.0,0.01,3.5,0.008,0.3,0.017,0.0,0.2,1.6,0.9,0.2,0.7,0.0,6.7,0.035,45.6,0.4,2.4,100.8,2.4,258.6,323.4,0.087,2.5,109.142,Grains & Cereals
muesli with fruit nuts,231,3.4,0.5,1.2,1.4,45.7,14.2,4.3,5.8,0.0,0.1,5.1,0.2,0.4,177.6,0.047,0.5,5.5,2.8,0.5,0.0,0.028,1.4,0.038,25.8,0.2,5.9,72.0,1.3,176.4,229.2,0.083,1.6,91.1,Grains & Cereals
muesli master crumble,124,2.4,1.0,19.8,8.5,4.5,0.042,2.4,0.0,0.0,0.0,0.0,0.0,0.0,0.0,0.0,0.0,0.0,0.0,0.0,0.0,0.0,0.0,0.0,0.0,0.0,0.0,0.0,0.0,0.0,0.0,0.0,0.0,9.3,Grains & Cereals
bran flakes,131,0.8,0.2,0.1,0.5,32.2,7.4,4.0,7.3,0.0,0.2,1.4,0.0,0.3,0.5,0.4,0.011,0.6,6.7,0.3,0.7,0.0,0.09,0.3,0.025,17.6,0.3,11.2,91.6,1.4,179.6,213.2,0.083,45.358,Other
nut cereal,245,5.9,1.0,3.9,0.5,46.2,17.2,4.0,3.6,0.0,0.3,2.6,0.2,0.5,0.3,0.0,0.6,6.5,0.3,0.7,10.7,0.002,0.0,0.0,75.6,0.2,10.3,39.0,1.0,106.8,134.4,0.066,3.0,156.5,Grains & Cereals
corn flakes,108,0.3,0.098,0.071,0.018,24.6,2.2,1.7,0.8,0.0,0.2,0.9,0.0,0.3,1.3,0.026,0.056,0.5,5.9,0.022,0.5,18.2,0.011,0.011,0.0,0.6,0.083,5.4,2.0,0.06,9.2,30.0,0.077,27.947,Vegetables
corn grits dry,36,0.2,0.022,0.018,0.032,7.7,0.008,0.7,0.4,0.0,0.054,1.1,0.0,0.1,0.08,0.0,0.032,0.4,0.072,0.097,0.0,0.0,0.07,0.0,0.4,0.086,0.3,3.5,0.029,10.8,13.7,0.024,0.046,9.7,Vegetables
margarine with yoghurt,88,9.8,1.9,5.6,2.0,0.073,0.0,0.058,0.0,0.0,0.018,3.9,0.1,0.074,0.086,0.073,0.005,0.097,0.0,0.075,0.082,0.0,0.7,0.002,2.8,0.001,0.027,0.3,0.0,2.2,3.5,0.0,0.008,12.971,Oils & Fats
sunflower seed butter,99,8.8,0.7,6.2,1.6,3.7,1.7,2.8,0.9,0.0,0.065,0.1,0.0,0.021,0.005,0.0,0.075,1.1,0.2,0.013,0.4,0.0,3.7,0.0,10.2,0.3,0.7,49.8,0.3,106.6,92.2,0.075,0.8,27.5,Spreads & Butters
hazelnut oil,120,13.6,1.0,10.6,1.4,0.0,0.0,0.0,0.0,0.0,0.0,0.0,0.0,0.0,0.0,0.0,0.0,0.0,0.0,0.0,0.0,0.0,6.4,0.0,0.0,0.0,0.0,0.0,0.0,0.0,0.0,0.0,0.0,13.6,Nuts & Seeds
menhaden fish oil,1966,218.0,66.3,58.2,74.5,0.0,0.0,0.0,0.0,1135.8,0.0,0.0,0.0,0.0,0.0,0.0,0.0,0.0,0.0,0.0,0.0,0.0,0.0,0.0,0.0,0.0,0.0,0.0,0.0,0.0,0.0,0.0,0.0,218.0,Seafood
cod liver fish oil,123,13.6,3.1,6.4,3.1,0.0,0.0,0.0,0.0,77.5,0.0,0.0,4.1,0.0,0.0,0.0,0.0,0.0,0.0,0.0,0.0,0.004,0.0,0.0,0.0,0.0,0.0,0.0,0.0,0.0,0.0,0.0,0.0,17.7,Seafood
sardine oil,123,13.6,4.1,4.6,4.3,0.0,0.0,0.0,0.0,96.6,0.0,0.0,0.0,0.0,0.0,0.0,0.0,0.0,0.0,0.0,0.0,0.02,0.0,0.0,0.0,0.0,0.0,0.0,0.0,0.0,0.0,0.0,0.0,13.6,Seafood
cupu assu oil,120,13.6,7.2,5.3,0.5,0.0,0.0,0.0,0.0,0.0,0.0,0.0,0.0,0.0,0.0,0.0,0.0,0.0,0.0,0.0,0.0,0.0,0.035,0.0,0.0,0.0,0.0,0.0,0.0,0.0,0.0,0.0,0.0,13.6,Oils & Fats
lard,115,12.8,5.0,5.8,1.4,0.0,0.0,0.0,0.0,12.2,0.0,0.0,0.0,0.0,0.0,0.0,0.0,0.0,0.0,0.0,0.0,0.025,0.078,0.0,0.0,0.0,0.0,0.0,0.0,0.0,0.0,0.012,0.089,12.8,Oils & Fats
sesame butter,94,8.1,1.1,3.1,3.6,3.8,0.0,2.9,0.9,0.0,0.031,0.3,0.0,0.004,0.002,0.0,0.099,1.1,0.077,0.1,0.0,0.0,0.0,0.0,153.6,0.7,3.1,57.9,0.4,105.4,93.1,0.088,1.2,172.4,Nuts & Seeds
margarine spread,59,6.7,1.2,2.3,2.8,0.1,0.0,0.082,0.0,0.1,0.019,7.0,0.0,0.0,0.067,0.0,0.084,0.0,0.051,0.049,0.0,0.0,0.6,0.073,0.6,0.045,0.078,0.1,0.0,0.6,5.0,0.0,0.054,7.547,Oils & Fats
lard vegetable oil,115,12.8,5.2,5.7,1.4,0.0,0.0,0.0,0.0,7.2,0.0,0.0,0.0,0.0,0.0,0.0,0.0,0.0,0.0,0.0,0.0,0.0,0.1,0.016,0.0,0.0,0.0,0.0,0.0,0.0,0.0,0.0,0.0,12.8,Oils & Fats
shortening,113,12.8,3.2,5.7,3.3,0.0,0.0,0.0,0.0,0.0,0.0,0.0,0.0,0.0,0.0,0.0,0.0,0.0,0.0,0.0,0.0,0.0,0.8,0.039,0.0,0.0,0.0,0.0,0.0,0.0,0.0,0.0,0.0,12.8,Oils & Fats
vegetable oil spread,75,8.4,1.7,2.7,3.7,0.1,0.0,0.007,0.0,0.1,0.081,5.3,0.1,0.098,0.052,0.088,0.06,0.081,0.0,0.5,0.092,0.0,3.0,0.022,2.9,0.0,0.0,0.3,0.0,2.2,4.2,0.0,0.0,11.613,Oils & Fats
cottonseed oil,120,13.6,3.5,2.4,7.1,0.0,0.0,0.0,0.0,0.0,0.0,0.0,0.0,0.0,0.0,0.0,0.0,0.0,0.0,0.0,0.0,0.0,4.8,0.066,0.0,0.0,0.0,0.0,0.0,0.0,0.0,0.0,0.0,13.6,Oils & Fats
vegetable oil spread fat free,6,0.5,0.015,0.1,0.3,0.4,0.0,0.2,0.0,0.2,0.1,13.7,0.1,0.015,0.004,0.069,0.079,0.002,0.0,0.077,0.051,0.0,0.8,0.062,5.7,0.052,0.041,0.6,0.0,4.5,7.5,0.0,0.044,7.001,Oils & Fats
soy margarine,88,9.9,3.2,5.2,1.1,0.0,0.0,0.0,0.0,0.0,0.1,3.9,2.7,0.0,0.006,0.058,0.0,0.035,0.0,0.041,0.051,0.0,0.0,0.8,0.0,0.0,0.0,0.0,0.0,0.0,0.0,0.0,0.0,12.642,Oils & Fats
margarine with salt,100,11.3,2.1,5.4,3.4,0.017,0.0,0.031,0.0,0.0,0.1,2.3,2.1,0.1,0.001,0.063,0.08,0.094,0.054,0.0,0.036,0.013,0.0,1.3,0.068,0.4,0.0,0.059,0.4,0.0,0.7,2.5,0.0,13.618,Oils & Fats
margarine,102,11.5,2.2,5.5,3.5,0.018,0.0,0.037,0.0,0.0,0.091,2.3,2.1,0.1,0.084,0.065,0.02,0.093,0.034,0.0,0.076,0.098,0.0,1.3,0.059,0.4,0.0,0.073,0.4,0.0,0.7,2.6,0.0,13.719,Oils & Fats
salmon fish oil,123,13.6,2.7,3.9,5.5,0.0,0.0,0.0,0.0,66.0,0.0,0.0,0.0,0.0,0.0,0.0,0.0,0.0,0.0,0.0,0.0,0.0,0.0,0.0,0.0,0.0,0.0,0.0,0.0,0.0,0.0,0.0,0.0,13.6,Seafood
nutmeg butter oil,1927,218.0,196.2,10.5,0.0,0.0,0.0,0.0,0.0,0.0,0.0,0.0,0.0,0.0,0.0,0.0,0.0,0.0,0.0,0.0,0.0,0.0,0.4,0.0,0.0,0.0,0.0,0.0,0.0,0.0,0.0,0.0,0.0,218.0,Herbs & Spices
almond butter,98,8.9,0.7,5.2,2.2,3.0,0.7,3.4,1.6,0.0,0.037,0.3,0.0,0.039,0.017,0.0,0.2,0.5,0.016,0.072,0.0,0.0,3.9,0.0,55.5,0.1,0.6,44.6,0.3,81.3,119.7,0.054,0.5,73.0,Spreads & Butters
sour cream shoprite,60,5.0,3.5,1.0,1.0,1.0,0.014,0.0,0.0,0.0,0.0,0.0,0.0,0.0,0.0,0.0,0.0,0.0,0.0,0.0,0.0,0.0,0.0,0.0,0.0,0.0,0.0,0.0,0.0,0.0,0.0,0.0,0.0,6.0,Dairy & Cheese
ucuhuba butter oil,120,13.6,11.6,0.9,0.4,0.0,0.0,0.0,0.0,0.0,0.0,0.0,0.0,0.0,0.0,0.0,0.0,0.0,0.0,0.0,0.0,0.0,0.061,0.0,0.0,0.0,0.0,0.0,0.0,0.0,0.0,0.0,0.0,13.6,Oils & Fats
chicken fat,115,12.8,3.8,5.7,2.7,0.0,0.0,0.0,0.0,10.9,0.0,0.032,0.0,0.0,0.0,0.0,0.0,0.0,0.0,0.0,0.0,0.011,0.3,0.0,0.0,0.0,0.0,0.0,0.0,0.0,0.0,0.068,0.0,12.8,Poultry
herring fish oil,123,13.6,2.9,7.7,2.1,0.0,0.0,0.0,0.0,104.2,0.0,0.0,0.0,0.0,0.0,0.0,0.0,0.0,0.0,0.0,0.0,0.0,0.0,0.0,0.0,0.0,0.0,0.0,0.0,0.0,0.0,0.0,0.0,13.6,Seafood
bacon grease,39,4.3,1.7,1.9,0.5,0.0,0.0,0.0,0.0,4.1,0.009,0.0,0.0,0.0,0.0,0.0,0.0,0.0,0.0,0.0,0.0,0.063,0.081,0.0,0.0,0.0,0.0,0.0,0.0,0.0,0.0,0.0,0.031,4.3,Red Meat
turkey fat,45,5.0,1.5,2.1,1.2,0.0,0.0,0.0,0.0,5.1,0.0,0.014,0.0,0.0,0.0,0.0,0.0,0.0,0.0,0.0,0.0,0.085,0.1,0.0,0.0,0.0,0.0,0.0,0.0,0.0,0.0,0.083,0.0,5.0,Poultry
beef tallow,115,12.8,6.4,5.4,0.5,0.0,0.0,0.0,0.0,14.0,0.0,0.0,0.0,0.0,0.0,0.0,0.0,0.0,0.0,0.0,0.0,0.062,0.3,0.0,0.0,0.0,0.0,0.0,0.0,0.0,0.0,0.015,0.0,12.8,Red Meat
goose fat,45,5.0,1.4,2.8,0.6,0.0,0.0,0.0,0.0,5.0,0.0,0.053,0.0,0.0,0.0,0.0,0.0,0.0,0.0,0.0,0.0,0.0,0.1,0.0,0.0,0.0,0.0,0.0,0.0,0.0,0.0,0.098,0.0,5.0,Poultry
duck fat,44,5.0,1.7,2.5,0.6,0.0,0.0,0.0,0.0,5.0,0.0,0.015,0.0,0.0,0.0,0.0,0.0,0.0,0.0,0.0,0.0,0.043,0.1,0.0,0.0,0.0,0.0,0.0,0.0,0.0,0.0,0.041,0.0,5.0,Poultry
mutton tallow,45,5.0,2.4,2.0,0.4,0.0,0.0,0.0,0.0,5.1,0.0,0.0,0.0,0.0,0.0,0.0,0.0,0.0,0.0,0.0,0.0,0.089,0.1,0.0,0.0,0.0,0.0,0.0,0.0,0.0,0.0,0.057,0.0,5.0,Red Meat
grapeseed oil,120,13.6,1.3,2.2,9.5,0.0,0.0,0.0,0.0,0.0,0.0,0.0,0.0,0.0,0.0,0.0,0.0,0.0,0.0,0.0,0.0,0.0,3.9,0.0,0.0,0.0,0.0,0.0,0.0,0.0,0.0,0.0,0.0,13.6,Oils & Fats
sheanut oil,1927,218.0,101.6,95.9,11.3,0.0,0.0,0.0,0.0,0.0,0.0,0.0,0.0,0.0,0.0,0.0,0.0,0.0,0.0,0.0,0.0,0.0,0.0,0.0,0.0,0.0,0.0,0.0,0.0,0.0,0.0,0.0,0.0,218.0,Oils & Fats
almond oil,120,13.6,1.1,9.5,2.4,0.0,0.0,0.0,0.0,0.0,0.0,0.0,0.0,0.0,0.0,0.0,0.0,0.0,0.0,0.0,0.0,0.0,5.3,0.053,0.0,0.0,0.0,0.0,0.0,0.0,0.0,0.0,0.0,13.6,Nuts & Seeds
sunflower oil,120,13.6,1.2,7.8,3.9,0.0,0.0,0.0,0.0,0.0,0.0,0.0,0.066,0.0,0.0,0.0,0.0,0.0,0.0,0.0,0.0,0.0,0.0,5.6,0.1,0.0,0.0,0.06,0.0,0.0,0.0,0.0,0.0,13.617,Oils & Fats
cashew butter,94,7.9,1.6,4.7,1.3,4.4,0.8,2.8,0.3,0.0,0.071,0.5,0.0,0.065,0.099,0.0,0.042,0.3,0.2,0.059,0.0,0.0,0.1,0.093,6.9,0.4,0.8,41.3,0.1,73.1,87.4,0.056,0.8,23.1,Spreads & Butters
canola oil,124,14.0,1.0,8.9,3.9,0.0,0.0,0.0,0.0,0.0,0.0,0.0,0.032,0.0,0.0,0.0,0.0,0.0,0.0,0.0,0.0,0.0,0.0,2.4,0.088,0.0,0.0,0.0,0.0,0.0,0.0,0.0,0.0,14.132,Oils & Fats
babassu oil,1927,218.0,177.0,24.9,3.5,0.0,0.0,0.0,0.0,0.0,0.0,0.0,0.0,0.0,0.0,0.0,0.0,0.0,0.0,0.0,0.0,0.0,41.6,0.0,0.0,0.0,0.0,0.0,0.0,0.0,0.0,0.0,0.0,218.0,Oils & Fats
teaseed oil,120,13.6,2.9,7.0,3.1,0.0,0.0,0.0,0.0,0.0,0.0,0.0,0.0,0.0,0.0,0.0,0.0,0.0,0.0,0.0,0.0,0.0,0.0,0.0,0.0,0.0,0.0,0.0,0.0,0.0,0.0,0.0,0.0,13.6,Oils & Fats
avocado oil,124,14.0,1.6,9.9,1.9,0.0,0.0,0.0,0.0,0.0,0.0,0.0,0.0,0.0,0.0,0.0,0.0,0.0,0.0,0.0,0.0,0.0,0.0,0.0,0.0,0.0,0.0,0.0,0.0,0.0,0.0,0.0,0.0,14.0,Vegetables
vegetable palm kernel oil,117,13.6,11.1,1.6,0.2,0.0,0.0,0.0,0.0,0.0,0.0,0.0,0.0,0.0,0.0,0.0,0.0,0.0,0.0,0.0,0.0,0.0,0.5,0.026,0.0,0.0,0.0,0.0,0.0,0.0,0.0,0.0,0.0,13.6,Oils & Fats
coconut oil,117,13.6,11.2,0.9,0.2,0.0,0.0,0.0,0.0,0.0,0.0,0.0,0.045,0.0,0.0,0.0,0.0,0.0,0.0,0.0,0.0,0.0,0.0,0.017,0.029,0.0,0.0,0.013,0.0,0.0,0.0,0.0,0.0,13.661,Oils & Fats
safflower oil,120,13.6,1.0,10.2,1.7,0.0,0.0,0.0,0.0,0.0,0.0,0.0,0.0,0.0,0.0,0.0,0.0,0.0,0.0,0.0,0.0,0.0,4.6,0.055,0.0,0.0,0.0,0.0,0.0,0.0,0.0,0.0,0.0,13.6,Oils & Fats
vegetable oil,120,13.6,2.1,3.1,7.8,0.0,0.0,0.0,0.0,0.0,0.0,0.0,0.08,0.0,0.0,0.0,0.0,0.0,0.0,0.0,0.0,0.0,0.0,1.3,0.073,0.0,0.0,0.083,0.0,0.0,0.0,0.0,0.0,13.706,Oils & Fats
apricot kernel oil,40,4.5,0.3,2.7,1.3,0.0,0.0,0.0,0.0,0.0,0.0,0.0,0.0,0.0,0.0,0.0,0.0,0.0,0.0,0.0,0.0,0.0,0.2,0.0,0.0,0.0,0.0,0.0,0.0,0.0,0.0,0.0,0.0,4.5,Fruits
peanut oil,119,13.5,2.3,6.2,4.3,0.0,0.0,0.0,0.0,0.0,0.0,0.0,0.0,0.0,0.0,0.0,0.0,0.0,0.0,0.0,0.0,0.0,2.1,0.04,0.0,0.0,0.004,0.0,0.0,0.0,0.0,0.0,0.056,13.575,Nuts & Seeds
poppyseed oil,120,13.6,1.8,2.7,8.5,0.0,0.0,0.0,0.0,0.0,0.0,0.0,0.0,0.0,0.0,0.0,0.0,0.0,0.0,0.0,0.0,0.0,1.6,0.0,0.0,0.0,0.0,0.0,0.0,0.0,0.0,0.0,0.0,13.6,Oils & Fats
flaxseed oil,120,13.6,1.2,2.5,9.2,0.0,0.0,0.086,0.0,0.0,0.0,0.04,0.0,0.0,0.0,0.0,0.0,0.0,0.0,0.0,0.0,0.0,0.025,0.081,0.1,0.0,0.0,0.0,0.0,0.1,0.0,0.0,0.086,13.729,Nuts & Seeds
tomatoseed oil,1927,218.0,42.9,49.7,115.8,0.0,0.0,0.0,0.0,0.0,0.0,0.0,0.0,0.0,0.0,0.0,0.0,0.0,0.0,0.0,0.0,0.0,8.3,0.0,0.0,0.0,0.0,0.0,0.0,0.0,0.0,0.0,0.0,218.0,Oils & Fats
wheat germ oil,120,13.6,2.6,2.1,8.4,0.0,0.0,0.0,0.0,0.0,0.0,0.0,0.0,0.0,0.0,0.0,0.0,0.0,0.0,0.0,0.0,0.0,20.3,0.034,0.0,0.0,0.0,0.0,0.0,0.0,0.0,0.0,0.0,13.6,Grains & Cereals
sesame oil,40,4.5,0.6,1.8,1.9,0.0,0.0,0.0,0.0,0.0,0.0,0.0,0.0,0.0,0.0,0.0,0.0,0.0,0.0,0.0,0.0,0.0,0.002,0.071,0.0,0.0,0.0,0.0,0.0,0.0,0.0,0.0,0.0,4.5,Nuts & Seeds
corn granola oil,124,14.0,1.1,8.2,4.1,0.0,0.0,0.0,0.0,0.0,0.0,0.0,0.0,0.0,0.0,0.0,0.0,0.0,0.0,0.0,0.0,0.0,2.1,0.082,0.0,0.0,0.0,0.0,0.0,0.0,0.0,0.0,0.0,14.0,Vegetables
cocoa butter oil,120,13.6,8.1,4.5,0.4,0.0,0.0,0.0,0.0,0.0,0.0,0.0,0.0,0.0,0.0,0.0,0.0,0.0,0.0,0.0,0.0,0.0,0.2,0.037,0.0,0.0,0.0,0.0,0.0,0.0,0.0,0.0,0.0,13.6,Oils & Fats
olive oil,119,13.5,1.9,9.8,1.4,0.0,0.0,0.0,0.0,0.0,0.004,0.0,0.0,0.0,0.0,0.0,0.0,0.0,0.0,0.0,0.0,0.0,1.9,0.066,0.1,0.0,0.092,0.0,0.0,0.0,0.1,0.0,0.0,13.618,Oils & Fats
palm kernel oil,40,4.5,4.0,0.3,0.0,0.0,0.0,0.0,0.0,0.0,0.098,0.064,0.2,0.0,0.0,0.0,0.0,0.0,0.0,0.0,0.0,0.0,0.0,0.2,0.033,0.04,0.0,0.071,0.0,0.0,0.0,0.061,0.0,4.741,Oils & Fats
mustard oil,124,14.0,1.6,8.3,3.0,0.0,0.0,0.0,0.0,0.0,0.0,0.0,0.0,0.0,0.0,0.0,0.0,0.0,0.0,0.0,0.0,0.0,0.0,0.0,0.0,0.0,0.0,0.0,0.0,0.0,0.0,0.0,0.0,14.0,Condiments & Sauces
rice bran oil,120,13.6,2.7,5.3,4.8,0.0,0.0,0.0,0.0,0.0,0.0,0.0,0.0,0.0,0.0,0.0,0.0,0.0,0.0,0.0,0.0,0.0,4.4,0.072,0.0,0.0,0.001,0.0,0.0,0.0,0.0,0.0,0.0,13.689,Grains & Cereals
vegetable macaroni dry,308,0.9,0.1,0.1,0.4,62.9,0.0,11.0,3.6,0.0,0.06,8.3,0.0,0.9,0.2,0.0,0.4,6.2,0.6,0.1,0.0,0.0,0.0,0.0,28.6,0.2,3.6,38.6,3.2,97.4,239.4,0.0,0.6,110.6,Pasta & Noodles
chow mein noodles,257,9.9,1.0,3.0,5.9,37.5,0.5,5.9,1.5,0.0,0.5,0.7,0.0,0.3,0.048,0.0,0.2,3.3,0.3,0.029,0.0,0.0,1.3,0.08,11.2,0.028,2.6,29.1,0.0,90.2,67.2,0.086,0.8,68.6,Pasta & Noodles
chinese noodles,456,0.094,0.088,0.085,0.072,111.9,0.0,0.2,0.7,0.0,0.088,17.4,0.0,0.0,0.2,0.032,0.0,0.0,0.3,0.1,0.031,0.0,0.0,0.2,0.0,32.5,0.1,2.8,3.9,0.1,41.6,13.0,0.044,112.906,Other
vegetable macaroni cooked,172,0.1,0.037,0.079,0.011,35.7,1.5,6.1,5.8,0.0,0.015,91.6,0.0,0.2,0.045,0.0,0.052,1.4,0.5,0.079,0.0,0.0,0.3,0.045,14.7,0.1,0.7,25.5,1.3,67.0,41.5,0.082,0.6,63.1,Pasta & Noodles
corn pasta dry,375,2.2,0.3,0.6,1.0,83.2,0.0,7.8,11.6,0.0,0.027,10.5,0.0,0.2,0.048,0.0,0.002,2.6,0.5,0.2,0.0,0.0,0.0,0.0,4.2,0.2,1.0,125.0,0.5,265.7,308.7,0.09,1.9,110.0,Vegetables
egg noodles dry,146,1.7,0.4,0.5,0.5,27.1,0.7,5.4,1.3,31.9,0.095,3.4,0.086,0.03,0.029,0.047,0.039,0.8,0.3,0.06,0.0,0.083,0.1,0.026,13.3,0.1,0.7,22.0,0.3,91.6,92.7,0.016,0.7,49.598,Eggs
whole wheat spaghetti dry,98,0.4,0.047,0.003,0.2,21.2,0.0,4.1,0.0,0.0,0.002,2.1,0.0,0.1,0.024,0.0,0.042,1.5,0.3,0.093,0.0,0.0,0.0,0.0,11.3,0.1,1.0,40.5,0.9,73.0,60.8,0.022,0.7,38.0,Pasta & Noodles
japanese soba noodles dry,95,0.2,0.084,0.035,0.094,21.1,0.0,4.1,0.0,0.0,0.2,1.9,0.0,0.1,0.023,0.0,0.015,0.9,0.3,0.009,0.0,0.0,0.0,0.0,9.9,0.035,0.8,26.9,0.4,71.9,71.3,0.0,0.5,36.1,Pasta & Noodles
rice noodles dry,103,0.2,0.053,0.067,0.09,23.6,0.0,1.0,0.5,0.0,0.006,3.4,0.0,0.062,0.091,0.0,0.03,0.032,0.062,0.017,0.0,0.0,0.0,0.0,5.1,0.079,0.2,3.4,0.1,43.3,8.5,0.053,0.2,30.6,Grains & Cereals
spinach spaghetti dry,105,0.4,0.097,0.015,0.2,21.2,0.8,3.8,3.0,0.0,0.094,2.4,0.0,0.1,0.007,0.0,0.09,1.3,0.3,0.087,0.0,0.0,0.2,0.067,16.4,0.1,0.6,49.2,0.7,94.0,106.4,0.068,0.8,45.4,Vegetables
egg noodles cooked,110,1.7,0.3,0.5,0.4,20.1,0.3,3.6,1.0,23.2,0.027,54.2,0.007,0.029,0.2,0.012,0.011,0.1,1.7,0.2,0.029,0.0,0.0,0.1,0.0,9.6,0.051,1.2,16.8,0.3,60.8,30.4,0.066,26.542,Eggs
japanese somen noodles cooked,231,0.3,0.006,0.062,0.1,48.5,0.0,7.0,0.0,0.0,0.3,119.5,0.0,0.029,0.039,0.0,0.046,0.2,0.3,0.051,0.0,0.0,0.0,0.0,14.1,0.082,0.9,3.5,0.4,47.5,51.0,0.0,0.4,70.8,Pasta & Noodles
whole wheat macaroni dry,365,1.5,0.3,0.2,0.6,78.8,0.0,15.4,8.7,0.0,0.028,7.7,0.0,0.5,0.023,0.0,0.2,5.4,1.0,0.2,0.0,0.0,0.0,0.0,42.0,0.5,3.8,150.2,3.2,270.9,225.8,0.0,2.5,150.2,Pasta & Noodles
pasta marinara and ground beef sauce,41,1.6,0.5,0.7,0.1,4.1,1.0,2.5,0.5,0.2,0.0,0.0,0.0,0.0,0.0,0.0,0.0,0.0,0.0,0.0,0.0,0.0,0.0,0.0,0.0,0.0,0.0,0.0,0.0,0.0,0.0,0.0,0.0,8.7,Red Meat
spaghetti dry,105,0.4,0.045,0.043,0.2,21.1,0.8,3.7,0.9,0.0,0.09,2.8,0.0,0.3,0.061,0.0,0.1,2.0,0.1,0.084,0.0,0.0,0.064,0.089,5.9,0.047,0.9,15.0,0.3,53.5,63.1,0.011,0.4,32.9,Pasta & Noodles
fusilli cucina,100,0.4,0.1,20.1,0.8,3.4,0.041,0.0,0.0,0.0,0.0,0.0,0.0,0.0,0.0,0.0,0.0,0.0,0.0,0.0,0.0,0.0,0.0,0.0,0.0,0.0,0.0,0.0,0.0,0.0,0.0,0.0,0.0,3.8,Pasta & Noodles
japanese somen noodles dry,101,0.2,0.0,0.013,0.012,21.0,0.0,3.2,1.2,0.0,0.5,2.6,0.0,0.0,0.028,0.0,0.086,0.2,0.1,0.098,0.0,0.0,0.0,0.0,6.5,0.052,0.4,7.9,0.1,22.6,46.4,0.0,0.1,32.5,Pasta & Noodles
pasta cooked,301,2.4,0.3,0.3,1.0,57.3,0.0,11.8,0.0,75.9,0.073,157.7,0.061,0.5,0.1,0.089,0.3,2.3,0.4,0.036,0.0,0.0,0.0,0.0,13.8,0.2,2.6,41.4,0.5,144.9,55.2,0.0,1.3,87.985,Pasta & Noodles
macaroni cooked,221,1.3,0.2,0.2,0.4,43.2,0.8,8.1,2.5,0.0,0.071,87.0,0.0,0.0,0.4,0.1,0.0,0.2,2.4,0.2,0.089,0.0,0.0,0.021,0.0,9.8,0.1,1.8,25.2,0.5,81.2,61.6,0.029,55.217,Pasta & Noodles
spinach egg noodles dry,145,1.7,0.4,0.5,0.4,26.7,0.0,5.6,2.6,36.1,0.096,3.3,0.0,0.4,0.083,0.1,0.2,2.5,0.3,0.2,0.0,0.0,0.0,0.0,21.3,0.025,1.6,31.2,0.4,73.3,134.9,0.0,0.7,59.5,Eggs
japanese soba noodles cooked,113,0.1,0.026,0.085,0.007,24.4,0.0,5.8,0.0,0.0,0.1,83.2,0.0,0.1,0.022,0.0,0.097,0.6,0.3,0.026,0.0,0.0,0.0,0.0,4.6,0.084,0.5,10.3,0.4,28.5,39.9,0.0,0.1,35.4,Pasta & Noodles
rice noodles cooked,190,0.4,0.072,0.007,0.021,42.3,0.052,3.2,1.8,0.0,0.075,129.9,0.0,0.002,0.009,0.0,0.011,0.1,0.087,0.003,0.0,0.0,0.0,0.0,7.0,0.045,0.2,5.3,0.2,35.2,7.0,0.076,0.4,54.9,Grains & Cereals
whole wheat macaroni cooked,174,0.8,0.1,0.1,0.3,37.2,1.1,7.5,3.9,0.0,0.057,94.0,0.0,0.2,0.039,0.0,0.087,1.0,0.6,0.1,0.0,0.0,0.4,0.061,21.0,0.2,1.5,42.0,1.9,124.6,61.6,0.077,1.1,71.9,Pasta & Noodles
spaghetti cooked,363,2.1,0.4,0.3,0.7,71.0,1.3,13.3,4.1,0.0,0.089,142.9,0.0,0.0,0.6,0.2,0.0,0.3,3.9,0.3,0.1,0.0,0.0,0.1,0.0,16.1,0.2,2.9,41.4,0.7,133.4,101.2,0.016,90.8,Pasta & Noodles
whole wheat spaghetti cooked,174,0.8,0.1,0.1,0.3,37.2,1.1,7.5,6.3,0.0,0.091,94.0,0.0,0.2,0.081,0.0,0.043,1.0,0.6,0.1,0.0,0.0,0.4,0.083,21.0,0.2,1.5,42.0,1.9,124.6,61.6,0.028,1.1,74.3,Pasta & Noodles
waffle,218,10.6,2.1,2.6,5.1,24.7,0.0,5.9,0.0,51.8,0.4,31.5,0.069,0.2,0.062,0.08,0.3,1.6,0.4,0.067,0.3,0.0,0.0,0.0,191.3,0.024,1.7,14.3,0.2,142.5,119.3,0.068,0.5,234.547,Breakfast Foods
baked taco shell,61,2.7,0.8,0.8,0.9,8.3,0.2,0.8,0.9,0.0,0.004,0.8,0.0,0.09,0.038,0.0,0.048,0.2,0.0,0.089,0.0,0.0,0.094,0.069,12.5,0.043,0.2,11.1,0.092,30.4,30.1,0.097,0.2,25.4,Other
puff pastry,1367,94.3,13.5,21.6,54.5,112.0,1.8,18.1,3.7,0.0,0.6,18.1,0.0,0.8,0.1,0.0,0.6,9.3,0.0,0.062,0.0,0.0,1.3,0.03,24.5,0.3,6.4,39.2,1.2,147.0,151.9,0.051,1.3,259.0,Other
blueberry muffin,214,9.2,1.6,2.7,4.6,30.2,17.9,2.6,0.6,17.1,0.2,14.2,0.1,0.095,0.068,0.077,0.094,0.016,0.8,0.3,0.034,0.5,0.065,0.9,0.054,25.1,0.063,0.7,5.7,0.3,83.2,69.0,0.002,42.915,Bread & Bakery
bread crumbs,427,5.7,1.3,1.1,2.2,77.7,6.7,14.4,4.9,0.0,0.8,7.0,0.0,1.0,0.1,0.021,0.4,7.2,0.6,0.1,0.0,0.0,0.011,0.005,197.6,0.3,5.2,46.4,1.0,178.2,211.7,0.079,1.6,305.5,Bread & Bakery
warm cinnamon roll mcdonalds,113,5.1,1.3,2.6,0.8,15.0,7.0,2.0,0.5,16.4,0.1,5.8,0.06,0.05,0.019,0.0,0.059,0.7,0.2,0.043,0.0,0.0,0.5,0.0,16.1,0.083,0.5,5.4,0.1,29.4,39.6,0.0,0.2,39.264,Fast Food
corn muffin,201,5.5,0.9,1.4,2.1,33.7,11.7,3.9,2.2,17.2,0.3,21.5,0.01,0.2,0.043,0.099,0.2,1.3,0.3,0.063,0.0,0.0,0.5,0.035,48.8,0.2,1.9,21.1,0.2,187.4,45.5,0.041,0.4,96.069,Vegetables
tortilla,467,1.9,0.6,0.4,0.8,98.4,5.4,14.3,4.7,0.0,0.9,78.7,0.0,0.7,0.2,0.0,0.2,8.1,0.3,0.1,0.0,0.0,0.4,0.028,137.9,0.2,7.5,37.4,0.5,287.6,206.9,0.011,0.6,264.7,Bread & Bakery
croutons seasoned,186,7.3,2.1,3.8,0.9,25.4,1.8,4.3,2.0,2.8,0.4,1.4,0.029,0.2,0.057,0.053,0.2,1.9,0.3,0.078,0.0,0.0,0.2,0.069,38.4,0.043,1.1,16.8,0.2,56.0,72.4,0.012,0.4,78.5,Other
buttermilk waffle,102,3.1,0.8,1.7,0.5,16.0,1.5,2.4,0.9,4.3,0.2,10.4,0.1,0.2,0.045,0.06,0.2,2.6,0.098,0.4,0.0,0.0,0.2,0.043,98.7,0.072,2.2,7.3,0.054,146.5,45.5,0.008,0.2,123.4,Breakfast Foods
flour tortilla,146,3.7,0.6,1.9,1.1,24.1,1.3,3.9,1.2,0.0,0.4,15.9,0.0,0.2,0.065,0.0,0.093,2.1,0.1,0.042,0.0,0.0,0.4,0.095,79.9,0.089,1.6,10.3,0.3,104.4,65.2,0.004,0.3,114.4,Bread & Bakery
glazed donut,55,3.0,1.2,0.9,0.5,6.2,3.0,0.8,0.3,3.9,0.082,2.9,0.098,0.002,0.062,0.077,0.061,0.3,0.059,0.021,0.2,0.016,0.2,0.025,13.1,0.07,0.3,2.2,0.086,15.2,13.3,0.056,0.031,23.931,Desserts & Sweets
corn tortilla,52,0.7,0.1,0.2,0.3,10.7,0.2,1.4,1.5,0.0,0.075,11.0,0.0,0.075,0.036,0.0,0.028,0.4,0.073,0.041,0.0,0.0,0.038,0.0,19.4,0.036,0.3,17.3,0.066,75.4,44.6,0.056,0.3,34.0,Vegetables
muffin,169,6.5,1.2,1.6,3.3,23.6,0.0,3.9,1.5,22.2,0.3,21.5,0.078,0.2,0.094,0.028,0.2,1.3,0.2,0.01,0.2,0.0,0.0,0.0,114.0,0.042,1.4,9.7,0.2,87.2,69.0,0.023,0.3,151.166,Bread & Bakery
croutons,33,0.5,0.1,0.2,0.1,5.9,0.0,1.0,0.4,0.0,0.035,0.4,0.0,0.047,0.061,0.0,0.078,0.4,0.073,0.06,0.0,0.0,0.0,0.0,6.1,0.068,0.3,2.5,0.093,9.2,9.9,0.026,0.093,14.2,Other
donut with jelly filling,289,15.9,4.1,8.7,2.0,33.2,17.9,5.0,0.8,22.1,0.4,30.3,0.044,0.3,0.086,0.081,0.1,1.8,0.7,0.05,0.0,0.0,0.4,0.012,21.3,0.1,1.5,17.0,0.2,72.3,67.2,0.009,0.6,77.736,Desserts & Sweets
sweet cinnamon rolls,309,13.6,2.6,4.0,6.2,42.2,26.3,5.1,2.0,54.8,0.3,20.6,0.039,0.3,0.003,0.073,0.2,2.0,0.3,0.085,1.7,0.0,1.7,0.088,59.8,0.034,1.3,14.1,0.2,63.1,92.1,0.085,0.5,125.783,Herbs & Spices
oat bran muffin,46,1.3,0.2,0.3,0.7,8.2,1.4,1.2,0.8,0.0,0.067,6.0,0.0,0.028,0.09,0.0,0.049,0.024,0.2,0.026,0.0,0.0,0.1,0.035,10.7,0.082,0.7,26.7,0.4,63.9,86.2,0.035,0.3,22.9,Bread & Bakery
french cruller donut,169,7.5,1.9,4.3,0.9,24.4,14.4,1.3,0.5,4.5,0.1,7.3,0.002,0.005,0.062,0.061,0.057,0.9,0.02,0.052,0.0,0.0,0.058,0.036,10.7,0.084,1.0,4.9,0.018,50.4,32.0,0.07,0.1,45.42,Desserts & Sweets
pancakes,86,3.7,0.8,0.9,1.7,10.8,0.0,2.4,0.0,22.4,0.2,20.1,0.025,0.082,0.031,0.03,0.1,0.6,0.2,0.069,0.1,0.0,0.0,0.0,83.2,0.049,0.7,6.1,0.06,60.4,50.2,0.03,0.2,100.942,Other
chocolate donut,250,11.9,3.1,6.8,1.5,34.4,19.2,2.7,1.3,34.2,0.1,9.8,0.078,0.091,0.059,0.009,0.051,0.3,0.2,0.04,0.041,0.0,0.1,0.071,127.8,0.1,1.4,20.4,0.2,97.2,63.6,0.051,0.3,179.637,Desserts & Sweets
sweet cheese rolls,238,12.1,4.0,6.0,1.3,28.8,0.0,4.7,0.8,50.2,0.2,19.4,0.0,0.016,0.06,0.048,0.083,0.5,0.3,0.086,0.1,0.0,0.0,0.0,77.9,0.049,0.5,12.5,0.1,64.7,90.4,0.009,0.4,124.9,Dairy & Cheese
eclair,234,19.2,11.5,5.4,1.1,11.2,2.0,4.4,0.4,121.5,0.1,54.4,0.2,0.1,0.02,0.056,0.2,0.7,0.4,0.005,0.2,0.04,0.7,0.047,31.5,0.034,0.9,7.2,0.1,67.5,63.9,0.091,0.4,68.0,Other
donut with cream filling,307,20.8,4.6,10.3,2.6,25.5,12.4,5.4,0.7,20.4,0.3,32.5,0.043,0.3,0.02,0.026,0.1,1.9,0.6,0.096,0.0,0.0,0.2,0.088,21.3,0.039,1.6,17.0,0.2,64.6,68.0,0.017,0.7,75.331,Dairy & Cheese
fruit toaster pastry,209,5.6,1.3,3.3,0.7,37.1,14.8,2.4,0.5,0.0,0.2,5.3,0.2,0.2,0.051,0.0,0.2,2.7,0.2,0.2,0.0,0.0,0.5,0.011,5.6,0.025,2.0,6.1,0.2,38.8,41.3,0.03,0.2,53.4,Other
donut,192,10.3,2.7,5.7,1.3,22.9,0.0,2.3,0.7,14.4,0.2,8.8,0.062,0.1,0.082,0.01,0.026,0.7,0.2,0.065,0.027,0.0,0.0,0.0,27.0,0.018,0.5,7.7,0.2,52.7,45.9,0.001,0.2,63.823,Desserts & Sweets
pancakes whole wheat,92,2.9,0.8,0.8,1.1,12.9,0.0,3.7,1.2,26.8,0.3,23.2,0.047,0.026,0.094,0.091,0.2,1.0,0.2,0.075,0.2,0.0,0.0,0.0,110.0,0.056,1.4,20.2,0.7,164.1,122.8,0.044,0.5,132.377,Grains & Cereals
keikitos,196,10.6,0.0,0.0,0.0,22.3,10.8,2.9,0.5,0.0,0.2,5.5,0.0,0.0,0.0,0.0,0.0,0.0,0.0,0.0,0.0,0.0,0.0,0.0,26.5,0.095,1.1,5.0,0.011,107.1,37.8,0.033,0.2,63.9,Other
zwieback,30,0.7,0.2,0.3,0.1,5.2,0.9,0.7,0.2,0.6,0.05,0.3,0.063,0.031,0.007,0.002,0.0,0.004,0.002,0.079,0.01,0.4,0.0,0.2,0.041,1.4,0.083,0.06,1.0,0.0,3.9,21.4,0.023,7.083,Other
chocolate coated donut,81,4.5,2.4,1.6,0.4,9.2,4.8,0.9,0.3,3.4,0.099,3.0,0.077,0.078,0.077,0.048,0.016,0.3,0.061,0.032,0.2,0.0,0.4,0.04,4.3,0.061,0.7,5.4,0.1,37.8,36.2,0.037,0.2,20.16,Desserts & Sweets
waffle toasted,103,3.2,0.5,1.6,0.7,16.3,1.7,2.4,0.8,5.0,0.2,10.1,0.1,0.2,0.023,0.019,0.2,2.9,0.1,0.3,0.0,0.0,0.3,0.029,101.3,0.059,2.3,7.9,0.035,141.6,47.5,0.009,0.2,126.4,Breakfast Foods
cinnamon toaster pastry,206,7.1,1.8,4.0,0.9,34.1,0.0,2.6,0.5,0.0,0.2,5.4,0.1,0.2,0.063,0.043,0.3,2.3,0.1,0.2,0.017,0.0,0.0,0.0,17.0,0.088,2.0,12.0,0.2,66.5,57.0,0.022,0.3,63.489,Herbs & Spices
wheat bran bread,89,1.2,0.3,0.6,0.2,17.2,3.5,3.2,1.4,0.0,0.2,13.6,0.0,0.1,0.082,0.0,0.1,1.6,0.2,0.079,0.0,0.0,0.1,0.069,26.6,0.003,1.1,29.2,0.6,66.6,81.7,0.057,0.5,50.7,Bread & Bakery
white bread,77,1.0,0.2,0.2,0.5,14.3,1.6,2.6,0.8,0.0,0.1,10.6,0.022,0.0,0.2,0.026,0.0,0.006,1.4,0.2,0.038,0.0,0.0,0.001,0.081,41.8,0.04,1.0,6.7,0.2,28.4,36.5,0.009,18.931,Bread & Bakery
oat bran bread,71,1.3,0.2,0.5,0.5,11.9,2.3,3.1,1.4,0.0,0.1,13.2,0.09,0.2,0.066,0.0,0.1,1.4,0.2,0.008,0.0,0.0,0.1,0.075,19.5,0.08,0.9,10.5,0.2,42.3,44.1,0.071,0.3,38.121,Bread & Bakery
whole wheat bread natures own,50,1.0,11.0,3.0,2.0,0.0,0.0,0.0,0.0,0.0,0.0,0.0,0.0,0.0,0.0,0.0,0.0,0.0,0.0,0.0,0.0,0.0,0.0,0.0,0.0,0.0,0.0,0.0,0.0,0.0,0.0,0.0,0.0,1.0,Bread & Bakery
high protein bread dr zaks,152,3.0,0.5,15.3,2.5,15.3,0.6,0.0,0.0,0.0,0.0,0.0,0.0,0.0,0.0,0.0,0.0,0.0,0.0,0.0,0.0,0.0,0.0,0.0,0.0,0.0,0.0,0.0,0.0,0.0,0.0,0.0,0.0,18.3,Protein Supplements
wheat bread,79,1.3,0.2,0.2,0.5,13.8,1.7,3.1,1.2,0.0,0.1,10.2,0.039,0.0,0.1,0.054,0.0,0.09,1.6,0.2,0.062,0.026,0.0,0.024,0.026,36.3,0.066,1.0,11.9,0.3,37.4,40.9,0.039,19.619,Bread & Bakery
egg bread toasted,117,2.4,0.6,1.1,0.4,19.5,0.7,3.9,0.9,20.7,0.2,10.5,0.096,0.1,0.066,0.091,0.2,1.8,0.05,0.004,0.0,0.001,0.1,0.063,37.7,0.005,1.2,7.8,0.2,43.3,46.6,0.046,0.3,65.618,Eggs
butter toastbrot ja,66,0.9,0.6,12.0,0.8,2.0,0.4,0.0,0.0,0.0,0.0,0.0,0.0,0.0,0.0,0.0,0.0,0.0,0.0,0.0,0.0,0.0,0.0,0.0,0.0,0.0,0.0,0.0,0.0,0.0,0.0,0.0,0.0,2.9,Other
vienna bread toasted,93,0.6,0.1,0.1,0.2,18.0,1.0,3.8,0.9,0.0,0.2,6.0,0.0,0.1,0.037,0.0,0.1,1.6,0.2,0.007,0.095,0.0,0.011,0.063,13.6,0.075,1.1,9.0,0.2,36.5,40.6,0.082,0.3,38.073,Bread & Bakery
vienna bread,92,0.6,0.2,0.1,0.3,18.1,0.8,3.8,0.8,0.0,0.2,8.9,0.0,0.1,0.08,0.0,0.081,1.5,0.1,0.062,0.095,0.0,0.007,0.076,14.1,0.018,1.2,9.0,0.2,36.5,41.0,0.057,0.3,38.633,Bread & Bakery
protein bread,47,0.4,0.009,0.091,0.2,8.3,0.3,2.3,0.6,0.0,0.008,7.6,0.0,0.0,0.043,0.0,0.083,0.8,0.0,0.025,0.0,0.0,0.003,0.007,23.6,0.091,0.8,12.4,0.3,35.2,61.2,0.085,0.3,36.0,Bread & Bakery
banana bread,186,6.0,1.3,2.6,1.8,31.1,0.0,2.5,0.6,24.5,0.2,16.6,0.068,0.078,0.073,0.035,0.1,0.8,0.2,0.037,1.0,0.0,0.0,0.0,12.0,0.004,0.8,8.0,0.1,33.1,76.4,0.096,0.2,54.061,Fruits
rice bran bread,66,1.2,0.2,0.4,0.5,11.7,1.3,2.4,1.3,0.0,0.081,11.1,0.0,0.2,0.063,0.0,0.051,1.8,0.2,0.092,0.0,0.0,0.2,0.019,18.6,0.039,1.0,21.6,0.4,48.1,58.1,0.061,0.4,36.2,Bread & Bakery
white fibre wonder bread,95,1.0,0.2,0.2,0.5,18.0,2.0,3.5,1.5,0.1,0.0,0.0,0.0,0.0,0.0,0.0,0.0,0.0,0.0,0.0,0.0,0.0,0.0,0.0,0.0,0.0,0.0,0.0,0.0,0.0,0.0,0.0,0.0,24.0,Bread & Bakery
focaccia,142,4.5,0.5,3.2,0.6,20.4,1.0,5.0,1.0,0.0,0.3,26.2,0.0,0.3,0.038,0.0,0.2,2.1,0.4,0.01,0.0,0.0,0.8,0.014,20.0,0.073,1.8,11.4,0.2,73.0,65.0,0.016,0.8,52.7,Other
oat bran bread toasted,70,1.3,0.2,0.5,0.5,11.8,2.3,3.1,1.3,0.0,0.1,10.4,0.07,0.1,0.035,0.0,0.046,1.3,0.079,0.023,0.0,0.0,0.1,0.084,19.2,0.049,0.9,9.2,0.2,31.3,33.2,0.08,0.3,37.631,Bread & Bakery
rye bread,83,1.1,0.2,0.4,0.3,15.5,1.2,2.7,1.9,0.0,0.2,11.9,0.0,0.1,0.037,0.0,0.1,1.2,0.1,0.098,0.1,0.0,0.1,0.063,23.4,0.005,0.9,12.8,0.3,40.0,53.1,0.088,0.4,45.6,Bread & Bakery
wheat germ bread,73,0.8,0.2,0.4,0.2,13.5,1.0,2.7,0.6,0.0,0.2,10.4,0.0,0.1,0.059,0.072,0.1,1.3,0.1,0.086,0.033,0.0,0.1,0.09,24.9,0.057,1.0,7.8,0.2,33.9,71.1,0.085,0.3,43.598,Bread & Bakery
protein bread toasted,46,0.4,0.059,0.082,0.2,8.2,0.2,2.2,0.6,0.0,0.049,5.8,0.0,0.036,0.023,0.0,0.067,0.7,0.03,0.06,0.0,0.0,0.069,0.025,23.1,0.045,0.8,9.5,0.1,32.1,58.8,0.015,0.2,35.3,Bread & Bakery
oatmeal bread,73,1.2,0.2,0.4,0.5,13.1,2.2,2.3,1.1,0.0,0.1,9.9,0.083,0.1,0.064,0.0,0.025,0.8,0.009,0.026,0.0,0.0,0.1,0.058,17.8,0.091,0.7,10.0,0.3,34.0,38.3,0.005,0.3,36.227,Bread & Bakery
arepa,215,5.3,2.8,1.5,1.0,36.4,0.9,5.4,2.5,4.9,0.3,49.8,0.011,0.021,0.0,0.0,0.05,0.9,0.2,0.1,0.0,0.0,0.3,0.041,87.2,0.09,1.0,26.5,0.1,114.7,86.2,0.04,0.8,137.897,Other
raisin bread toasted,86,1.4,0.3,0.7,0.2,16.5,1.8,2.5,1.4,0.0,0.1,8.1,0.0,0.027,0.077,0.0,0.1,1.0,0.001,0.065,0.1,0.0,0.013,0.089,20.9,0.099,0.9,8.1,0.2,34.2,71.3,0.013,0.2,43.7,Bread & Bakery
cracked wheat bread,74,1.1,0.3,0.5,0.2,14.0,0.0,2.5,1.6,0.0,0.2,10.1,0.0,0.1,0.011,0.0,0.042,1.0,0.1,0.08,0.0,0.0,0.0,0.0,12.2,0.074,0.8,14.7,0.4,43.3,50.1,0.055,0.4,32.2,Bread & Bakery
garlic bread,151,7.1,2.3,2.0,2.3,17.9,1.6,3.6,1.1,0.0,0.2,13.7,0.067,0.2,0.034,0.052,0.037,1.8,0.3,0.04,0.095,0.058,0.5,0.012,11.6,0.079,1.3,9.9,0.2,37.4,44.3,0.052,0.4,42.646,Bread & Bakery
rye bread toasted,82,1.0,0.2,0.4,0.3,15.4,1.2,2.7,1.9,0.0,0.2,9.0,0.0,0.1,0.039,0.0,0.019,1.1,0.009,0.076,0.047,0.0,0.1,0.048,23.2,0.099,0.9,12.5,0.3,40.0,53.1,0.072,0.4,45.128,Bread & Bakery
whole wheat bread,128,2.5,0.4,0.5,1.4,23.6,1.8,3.9,2.8,0.0,0.2,15.0,0.0,0.1,0.084,0.0,0.1,1.8,0.2,0.043,0.0,0.0,0.3,0.007,15.2,0.1,1.4,37.3,0.9,86.0,144.4,0.078,0.7,49.4,Bread & Bakery
whole wheat bread toasted,128,2.5,0.4,0.5,1.4,23.7,1.8,3.9,2.8,0.0,0.2,10.9,0.0,0.1,0.012,0.0,0.03,1.7,0.1,0.049,0.0,0.0,0.4,0.048,15.1,0.1,1.4,37.4,0.9,86.1,144.9,0.015,0.7,49.4,Bread & Bakery
pan dulce bread,231,7.3,1.4,2.2,1.0,35.5,7.9,5.9,1.4,18.9,0.1,13.6,0.048,0.2,0.038,0.082,0.1,2.2,0.4,0.058,0.8,0.0,0.2,0.049,54.2,0.045,1.8,15.1,0.3,59.2,64.9,0.014,0.5,106.92,Bread & Bakery
rice bran bread toasted,66,1.3,0.2,0.4,0.5,11.8,1.3,2.4,1.3,0.0,0.026,9.0,0.0,0.1,0.064,0.0,0.0,1.7,0.015,0.073,0.0,0.0,0.2,0.064,18.8,0.022,1.0,19.0,0.4,43.5,53.0,0.041,0.3,36.6,Bread & Bakery
pita bread whole wheat,74,0.7,0.1,0.053,0.3,15.4,0.2,2.7,2.1,0.0,0.1,8.6,0.0,0.083,0.068,0.0,0.073,0.8,0.2,0.028,0.0,0.0,0.2,0.076,4.2,0.016,0.9,19.3,0.5,50.4,47.6,0.046,0.4,26.0,Bread & Bakery
wheat germ bread toasted,73,0.8,0.2,0.4,0.2,13.6,1.0,2.7,0.6,0.3,0.2,7.3,0.0,0.011,0.084,0.063,0.022,1.1,0.063,0.076,0.03,0.0,0.1,0.092,25.0,0.059,1.0,9.5,0.3,43.8,71.3,0.008,0.4,43.706,Bread & Bakery
pumpernickel bread,65,0.8,0.1,0.2,0.3,12.4,0.1,2.3,1.7,0.0,0.2,9.9,0.0,0.034,0.06,0.0,0.094,0.8,0.1,0.065,0.0,0.0,0.1,0.001,17.7,0.008,0.7,14.0,0.3,46.3,54.1,0.061,0.4,35.6,Bread & Bakery
frybread,502,18.6,7.0,6.7,1.6,73.4,3.1,10.2,0.0,10.6,0.5,48.0,0.0,0.7,0.2,0.0,0.3,7.0,0.2,0.092,0.0,0.0,0.0,0.058,86.6,0.1,6.1,27.4,0.5,187.0,117.0,0.094,0.5,194.9,Other
white bread toasted,83,1.1,0.2,0.2,0.6,15.4,1.3,2.5,0.7,0.3,0.2,8.6,0.0,0.1,0.005,0.0,0.07,1.1,0.01,0.077,0.0,0.0,0.014,0.094,33.7,0.03,0.9,7.4,0.1,29.1,37.1,0.011,0.2,54.3,Bread & Bakery
piki bread,109,2.0,0.2,0.5,0.5,20.2,0.4,2.5,2.6,0.0,0.028,2.5,0.0,0.023,0.0,0.0,0.093,0.8,0.2,0.2,0.0,0.0,0.2,0.078,51.5,0.04,1.7,50.7,0.5,104.7,169.1,0.019,1.1,80.5,Bread & Bakery
wheat bread toasted,75,1.0,0.2,0.2,0.4,13.4,1.5,3.1,1.1,0.0,0.1,5.8,0.0,0.1,0.048,0.0,0.045,1.5,0.1,0.068,0.008,0.0,0.087,0.086,39.6,0.015,1.0,14.2,0.3,45.1,53.5,0.079,0.4,59.243,Bread & Bakery
pita bread,165,0.7,0.091,0.038,0.3,33.4,0.8,5.5,1.3,0.0,0.3,19.3,0.0,0.4,0.012,0.0,0.2,2.8,0.2,0.095,0.0,0.0,0.2,0.001,51.6,0.1,1.6,15.6,0.3,58.2,72.0,0.082,0.5,94.1,Bread & Bakery
potato bread,85,1.0,0.0,0.0,0.0,15.1,3.0,4.0,2.0,0.0,0.1,10.7,0.0,0.016,0.059,0.037,0.012,0.077,0.4,0.3,0.084,0.0,0.024,0.2,0.072,60.2,0.072,0.7,9.0,0.074,118.1,229.8,0.051,22.272,Vegetables
egg bread,115,2.4,0.6,0.9,0.4,19.1,0.7,3.8,0.9,20.4,0.2,13.9,0.095,0.2,0.066,0.009,0.2,1.9,0.1,0.006,0.0,0.087,0.1,0.078,37.2,0.084,1.2,7.6,0.2,42.4,46.0,0.077,0.3,64.622,Eggs
oatmeal bread toasted,73,1.2,0.2,0.4,0.5,13.2,2.2,2.3,1.1,0.0,0.1,7.8,0.043,0.011,0.079,0.0,0.086,0.8,0.026,0.038,0.004,0.0,0.1,0.023,18.0,0.083,0.7,10.3,0.3,34.3,38.5,0.043,0.3,36.622,Bread & Bakery
cheese bread,196,10.0,3.0,2.1,4.4,21.5,1.0,5.0,1.0,4.8,0.4,10.1,0.007,0.2,0.007,0.014,0.1,1.6,0.2,0.08,0.0,0.056,0.7,0.035,43.2,0.096,1.2,8.2,0.2,57.6,40.3,0.08,0.5,81.937,Dairy & Cheese
pumpernickel bread toasted,80,1.0,0.1,0.3,0.4,15.1,0.2,2.8,2.1,0.0,0.2,9.2,0.0,0.047,0.085,0.0,0.062,0.9,0.05,0.015,0.0,0.0,0.1,0.044,21.5,0.025,0.9,17.4,0.4,56.6,66.1,0.033,0.5,43.4,Bread & Bakery
raisin bread,88,1.4,0.3,0.7,0.2,16.7,1.8,2.5,1.4,0.0,0.1,10.8,0.0,0.1,0.037,0.0,0.1,1.1,0.1,0.003,0.052,0.0,0.05,0.032,21.1,0.032,0.9,8.3,0.2,34.9,72.6,0.096,0.2,44.09,Bread & Bakery
pumpernickel roll,77,0.8,0.1,0.2,0.3,14.8,0.1,3.0,1.5,0.0,0.1,9.0,0.0,0.1,0.027,0.0,0.018,0.8,0.2,0.028,0.0,0.0,0.2,0.054,18.8,0.067,0.8,15.1,0.5,47.9,58.2,0.069,0.4,39.7,Bread & Bakery
cinnamon raisin bagel,71,0.4,0.054,0.079,0.2,14.4,1.6,2.5,0.6,0.0,0.047,8.3,0.098,0.08,0.03,0.0,0.05,0.8,0.1,0.045,0.2,0.0,0.022,0.081,4.9,0.073,1.0,7.3,0.2,26.0,38.5,0.026,0.3,24.016,Herbs & Spices
english muffin,127,1.1,0.2,0.2,0.5,25.5,0.9,5.0,2.6,0.0,0.2,24.1,0.0,0.2,0.054,0.0,0.2,1.9,0.2,0.018,0.0,0.0,0.3,0.094,101.5,0.04,1.6,21.1,0.3,61.0,106.0,0.018,0.6,137.3,Bread & Bakery
rye dinner roll,123,1.5,0.3,0.5,0.3,22.8,0.5,4.4,2.1,0.0,0.3,12.9,0.0,0.2,0.008,0.0,0.1,1.7,0.2,0.015,0.0,0.0,0.1,0.028,12.9,0.029,1.2,23.2,0.3,68.4,77.4,0.029,0.4,44.9,Bread & Bakery
english muffin whole wheat,134,1.4,0.2,0.3,0.6,26.7,5.3,5.8,4.4,0.0,0.2,30.2,0.0,0.2,0.091,0.0,0.003,2.3,0.5,0.1,0.0,0.0,0.3,0.078,174.9,0.1,1.6,46.9,1.2,186.1,138.6,0.029,1.1,214.8,Bread & Bakery
dinner roll whole wheat,74,1.3,0.2,0.3,0.6,14.3,2.4,2.4,2.1,0.0,0.1,9.3,0.0,0.001,0.032,0.0,0.032,1.0,0.1,0.07,0.0,0.0,0.3,0.085,29.7,0.05,0.7,23.8,0.6,62.7,76.2,0.091,0.6,50.5,Bread & Bakery
dinner roll,76,1.8,0.4,0.9,0.3,12.9,0.5,2.4,1.1,0.0,0.1,10.4,0.0,0.1,0.059,0.0,0.071,1.1,0.1,0.072,0.0,0.0,0.1,0.074,49.3,0.032,1.0,10.1,0.3,29.1,32.2,0.097,0.3,68.5,Bread & Bakery
hotdog roll,117,1.6,0.4,0.3,0.7,21.1,3.1,4.1,0.8,0.0,0.2,14.4,0.004,0.007,0.2,0.095,0.03,0.1,1.8,0.0,0.048,0.5,0.0,0.1,0.008,60.5,0.095,1.4,9.7,0.2,42.4,51.2,0.087,27.796,Fast Food
bagel,245,1.5,0.0,0.3,0.9,47.9,6.0,10.0,4.0,0.0,0.4,36.8,0.0,0.0,0.4,0.068,0.0,0.2,3.3,0.4,0.1,0.0,0.0,0.3,0.019,19.6,0.2,2.7,50.0,1.4,139.2,161.7,0.099,63.783,Bread & Bakery
oat bran bagel,176,0.8,0.1,0.2,0.3,36.8,1.1,7.4,2.5,0.0,0.4,22.7,0.031,0.2,0.053,0.0,0.2,2.0,0.3,0.005,0.1,0.0,0.2,0.014,8.3,0.1,2.1,21.4,0.6,75.9,79.4,0.087,0.6,58.051,Bread & Bakery
pain au chocolat de la boulangerie,235,12.0,27.6,4.2,0.0,0.0,0.0,0.0,0.0,0.0,0.0,0.0,0.0,0.0,0.0,0.0,0.0,0.0,0.0,0.0,0.0,0.0,0.0,0.0,0.0,0.0,0.0,0.0,0.0,0.0,0.0,0.0,0.0,12.0,Other
egg bagel,72,0.5,0.1,0.1,0.2,13.8,0.0,2.8,0.6,6.2,0.1,8.5,0.012,0.1,0.016,0.064,0.064,0.9,0.2,0.053,0.2,0.0,0.0,0.0,3.4,0.09,1.0,6.5,0.1,21.8,17.7,0.088,0.2,22.349,Eggs
english muffin toasted,140,1.1,0.3,0.2,0.5,27.4,1.8,5.4,1.5,0.0,0.2,17.1,0.0,0.3,0.041,0.074,0.1,2.6,0.2,0.051,0.9,0.0,0.2,0.002,102.4,0.051,2.4,14.6,0.3,55.6,67.1,0.057,0.7,141.1,Bread & Bakery
english muffin whole wheat toasted,135,1.4,0.2,0.3,0.6,26.9,5.4,5.9,4.5,0.0,0.2,25.0,0.0,0.2,0.089,0.0,0.045,2.0,0.3,0.024,0.0,0.0,0.3,0.047,175.7,0.1,1.6,47.0,1.2,187.3,139.1,0.099,1.1,216.0,Bread & Bakery
biscuit,357,16.5,4.4,7.0,4.2,45.0,2.2,7.1,1.5,3.0,0.6,29.2,0.0,0.4,0.006,0.011,0.3,3.0,0.3,0.06,0.2,0.0,0.0,0.0,237.4,0.048,2.9,18.2,0.4,165.6,122.2,0.003,0.5,310.6,Bread & Bakery
french roll,105,1.6,0.4,0.7,0.3,19.1,0.1,3.3,1.2,0.0,0.2,13.2,0.0,0.2,0.07,0.0,0.1,1.7,0.2,0.087,0.0,0.0,0.1,0.088,34.6,0.048,1.0,7.6,0.2,31.9,43.3,0.067,0.3,60.8,Bread & Bakery
oat bran dinner roll,78,1.5,0.2,0.5,0.5,13.3,2.2,3.1,1.4,0.0,0.1,14.5,0.0,0.1,0.076,0.0,0.082,1.6,0.1,0.021,0.0,0.0,0.2,0.045,28.1,0.004,1.4,10.9,0.2,38.0,39.9,0.067,0.3,48.8,Bread & Bakery
pecan shortbread cookies,76,4.6,1.1,2.6,0.6,8.2,0.0,0.7,0.3,4.6,0.002,0.5,0.078,0.034,0.016,0.0,0.1,0.3,0.077,0.065,0.0,0.0,0.0,0.0,4.2,0.084,0.3,2.5,0.052,11.9,10.2,0.002,0.1,18.349,Nuts & Seeds
oatmeal cookies,113,4.5,1.1,2.5,0.6,17.2,6.2,1.6,0.7,0.0,0.1,1.4,0.001,0.003,0.051,0.0,0.044,0.6,0.076,0.059,0.1,0.0,0.046,0.07,9.3,0.029,0.6,8.3,0.2,34.5,35.5,0.044,0.2,34.069,Grains & Cereals
chocolate wafers,485,15.9,4.7,5.4,4.7,81.1,33.2,7.4,3.8,2.2,0.8,5.0,0.089,0.2,0.038,0.037,0.3,3.2,0.4,0.071,0.0,0.0,0.8,0.039,34.7,0.5,4.5,59.4,0.8,147.8,235.2,0.048,1.2,147.442,Desserts & Sweets
vanilla wafers low fat,353,12.2,3.1,5.2,3.1,58.9,30.0,4.0,1.5,40.8,0.3,4.1,0.037,0.2,0.045,0.028,0.3,2.5,0.3,0.027,0.0,0.0,0.2,0.082,38.4,0.036,1.9,11.2,0.2,83.2,77.6,0.001,0.3,116.995,Other
chocolate chip cookies mcdonalds,136,6.4,3.2,1.7,0.4,18.7,9.6,1.6,0.6,18.4,0.058,1.2,0.003,0.063,0.046,0.082,0.051,0.6,0.2,0.03,0.0,0.0,0.2,0.0,9.6,0.012,1.1,11.3,0.2,29.7,54.9,0.0,0.2,38.09,Fast Food
gingersnap cookies,29,0.7,0.2,0.4,0.062,5.4,1.4,0.4,0.2,0.0,0.012,0.4,0.0,0.026,0.0,0.0,0.007,0.2,0.016,0.09,0.0,0.0,0.07,0.063,5.4,0.021,0.4,3.4,0.1,5.8,24.2,0.079,0.06,12.5,Other
biscotti abbracci mulino bianco,54,2.6,1.6,6.8,2.6,0.8,0.051,0.4,0.0,0.0,0.0,0.0,0.0,0.0,0.0,0.0,0.0,0.0,0.0,0.0,0.0,0.0,0.0,0.0,0.0,0.0,0.0,0.0,0.0,0.0,0.0,0.0,0.0,3.8,Other
chocolate chip cookie,63,2.8,1.4,1.0,0.3,9.3,5.3,0.5,0.3,0.0,0.047,1.4,0.013,0.0,0.093,0.095,0.0,0.068,0.3,0.068,0.052,0.0,0.0,0.2,0.036,2.4,0.049,0.6,4.1,0.026,8.7,18.5,0.034,13.122,Desserts & Sweets
brownie,243,9.8,2.5,5.4,0.4,38.3,22.0,2.9,1.3,10.2,0.2,8.2,0.02,0.2,0.046,0.098,0.1,1.0,0.3,0.092,0.0,0.0,0.098,0.048,17.4,0.0,1.4,18.6,0.1,60.6,89.4,0.053,0.4,71.166,Desserts & Sweets
shortbread cookies,40,1.9,0.5,1.1,0.3,5.2,1.2,0.5,0.1,1.6,0.097,0.3,0.018,0.023,0.05,0.053,0.023,0.3,0.011,0.027,0.0,0.01,0.063,0.042,2.8,0.073,0.2,1.4,0.013,8.6,8.0,0.033,0.005,10.729,Other
oatmeal cookies with raisins,65,2.4,0.5,1.0,0.8,10.3,0.0,1.0,0.0,5.0,0.022,1.0,0.096,0.015,0.069,0.037,0.088,0.2,0.053,0.006,0.078,0.0,0.0,0.0,15.0,0.031,0.4,6.3,0.1,24.2,35.9,0.016,0.1,29.198,Grains & Cereals
peanut butter sandwich cookies,67,3.0,0.7,1.6,0.5,9.2,5.0,1.2,0.3,0.0,0.098,0.4,0.039,0.017,0.038,0.033,0.033,0.5,0.1,0.068,0.093,0.0,0.3,0.1,7.4,0.012,0.4,6.9,0.1,26.3,26.9,0.06,0.1,21.624,Spreads & Butters
sugar cookies,72,3.2,0.8,1.8,0.4,10.2,5.7,0.8,0.1,7.7,0.007,0.7,0.039,0.035,0.028,0.019,0.03,0.4,0.042,0.052,0.091,0.097,0.073,0.058,3.2,0.034,0.3,1.8,0.073,12.0,9.5,0.052,0.024,17.981,Other
chocolate covered graham crackers,68,3.2,1.8,1.1,0.1,9.3,5.8,0.8,0.4,0.0,0.067,0.4,0.016,0.017,0.019,0.0,0.097,0.3,0.004,0.095,0.0,0.0,0.062,0.071,8.1,0.019,0.5,8.1,0.1,18.8,29.3,0.033,0.1,22.313,Desserts & Sweets
raisin cookies,60,2.0,0.5,1.1,0.3,10.2,7.1,0.6,0.2,0.3,0.077,2.0,0.008,0.031,0.074,0.0,0.082,0.3,0.046,0.044,0.1,0.0,0.3,0.086,6.9,0.04,0.3,3.2,0.001,12.5,21.0,0.039,0.034,20.215,Other
vanilla wafers,28,1.2,0.3,0.7,0.1,4.3,0.0,0.3,0.1,0.0,0.045,0.3,0.0,0.071,0.067,0.0,0.057,0.2,0.013,0.09,0.0,0.0,0.0,0.0,1.5,0.028,0.1,0.7,0.038,3.8,6.4,0.036,0.06,7.5,Other
graham crackers,355,8.5,1.3,3.4,3.2,64.5,26.1,5.8,2.4,0.0,0.4,3.7,0.0,0.2,0.013,0.0,0.3,3.5,0.5,0.047,0.0,0.0,0.3,0.084,20.2,0.2,3.1,25.2,0.7,87.4,113.4,0.098,0.7,104.5,Other
peanut butter cookies,95,4.8,0.9,2.2,1.4,11.8,0.0,1.8,0.0,6.2,0.1,1.2,0.066,0.044,0.092,0.023,0.06,0.7,0.025,0.079,0.032,0.0,0.0,0.0,7.8,0.075,0.4,7.8,0.1,23.2,46.2,0.062,0.2,26.738,Spreads & Butters
vanilla sandwich cookie,72,3.0,0.4,1.3,1.1,10.8,5.9,0.7,0.2,0.0,0.044,0.3,0.0,0.096,0.036,0.0,0.08,0.4,0.036,0.085,0.0,0.0,0.2,0.085,4.1,0.053,0.3,2.1,0.08,11.3,13.7,0.064,0.051,19.1,Desserts & Sweets
sugar wafers with creme filling,51,2.3,1.2,0.8,0.3,7.1,4.3,0.4,0.2,0.0,0.06,0.2,0.0,0.016,0.069,0.0,0.031,0.2,0.03,0.051,0.0,0.0,0.3,0.059,2.7,0.019,0.4,1.6,0.052,7.3,11.8,0.085,0.074,13.1,Other
cheese puffs,197,12.8,1.9,3.8,6.9,18.6,1.1,2.1,0.6,2.5,0.3,0.6,0.012,0.01,0.039,0.035,0.065,1.6,0.3,0.092,0.0,0.0,1.5,0.043,20.0,0.038,0.7,6.3,0.033,44.8,66.2,0.031,0.2,54.854,Dairy & Cheese
saltine crackers,13,0.3,0.097,0.098,0.1,2.2,0.063,0.3,0.022,0.0,0.067,0.1,0.037,0.0,0.075,0.097,0.033,0.094,0.2,0.017,0.062,0.0,0.0,0.071,0.059,0.6,0.025,0.2,0.8,0.088,3.3,4.8,0.039,3.081,Other
trail mix,139,8.8,1.7,3.8,2.9,13.5,0.0,4.1,0.0,0.0,0.014,2.8,0.0,0.1,0.002,0.0,0.027,1.4,0.3,0.077,0.4,0.0,0.0,0.0,23.4,0.3,0.9,47.4,0.3,103.5,205.5,0.0,1.0,51.1,Snacks
corn cones,144,7.6,6.4,0.5,0.2,17.8,0.0,1.6,0.3,0.0,0.3,0.6,0.0,0.097,0.079,0.0,0.032,0.4,0.011,0.095,0.0,0.0,0.0,0.0,0.8,0.052,0.7,3.1,0.013,12.5,22.9,0.05,0.032,28.8,Vegetables
chocolate pretzels,50,1.8,0.8,0.6,0.2,7.8,0.0,0.8,0.0,0.0,0.037,0.3,0.0,0.068,0.094,0.0,0.078,0.003,0.033,0.052,0.076,0.0,0.0,0.0,8.1,0.081,0.2,4.5,0.071,16.0,24.8,0.0,0.1,18.726,Desserts & Sweets
french toast sticks,73,3.8,0.9,2.1,0.6,8.9,2.1,1.3,0.3,0.0,0.001,7.3,0.0,0.079,0.041,0.0,0.075,0.6,0.027,0.085,0.0,0.0,0.2,0.04,11.4,0.036,0.4,4.1,0.029,18.8,24.0,0.066,0.1,26.1,Breakfast Foods
crackers,82,4.2,0.9,1.0,2.1,9.8,1.3,1.1,0.4,0.0,0.1,0.5,0.2,0.0,0.081,0.079,0.0,0.052,0.7,0.067,0.087,0.0,0.0,0.5,0.036,19.2,0.011,0.6,2.9,0.076,39.7,18.9,0.053,15.764,Other
sesame sticks,54,3.7,0.6,1.1,1.7,4.7,0.084,1.1,0.3,0.0,0.09,0.2,0.0,0.025,0.006,0.0,0.045,0.2,0.033,0.018,0.0,0.0,0.4,0.043,17.0,0.08,0.055,4.5,0.068,13.8,17.7,0.021,0.1,26.81,Nuts & Seeds
cheese crackers,34,1.6,0.4,0.4,0.7,4.2,0.3,0.8,0.2,0.2,0.065,0.2,0.05,0.056,0.039,0.095,0.028,0.03,0.4,0.065,0.009,0.0,0.0,0.2,0.026,9.5,0.032,0.3,1.8,0.075,14.0,10.9,0.031,7.053,Dairy & Cheese
oriental rice cracker mix,143,7.2,1.1,2.8,3.0,14.6,0.8,4.9,3.7,0.0,0.1,0.7,0.0,0.033,0.038,0.0,0.083,0.9,0.1,0.026,0.037,0.0,1.6,0.068,15.3,0.069,0.7,33.4,0.4,74.1,92.8,0.067,0.8,46.416,Snacks
breadsticks,103,2.4,0.4,0.9,0.9,17.1,0.3,3.0,0.8,0.0,0.2,1.5,0.0,0.1,0.022,0.0,0.1,1.3,0.1,0.015,0.0,0.0,0.3,0.038,5.5,0.058,1.1,8.0,0.1,30.3,31.0,0.092,0.2,29.9,Other
milk crackers,50,1.7,0.3,0.7,0.6,7.7,1.8,0.8,0.2,1.2,0.095,0.5,0.073,0.078,0.056,0.09,0.09,0.5,0.032,0.055,0.017,0.0,0.1,0.016,18.9,0.01,0.4,2.4,0.054,33.3,12.5,0.097,0.022,29.845,Dairy & Cheese
matzo crackers whole wheat,98,0.4,0.005,0.019,0.2,22.1,0.0,3.7,3.3,0.0,0.002,1.3,0.0,0.1,0.088,0.0,0.013,1.5,0.3,0.078,0.0,0.0,0.0,0.0,6.4,0.079,1.3,37.5,1.0,85.4,88.5,0.04,0.7,37.2,Grains & Cereals
matzo crackers with egg,109,0.6,0.2,0.2,0.1,22.0,0.0,3.4,0.8,23.2,0.057,1.8,0.077,0.2,0.041,0.006,0.2,1.4,0.1,0.039,0.07,0.0,0.0,0.0,11.2,0.069,0.8,6.7,0.2,41.4,42.0,0.048,0.2,38.972,Eggs
granola bites,23,0.9,0.5,0.2,0.1,3.3,1.5,0.4,0.3,0.0,0.067,0.4,0.0,0.044,0.013,0.02,0.03,0.023,0.1,0.041,0.086,0.044,0.0,0.1,0.015,2.1,0.074,0.024,3.5,0.017,10.8,14.3,0.016,5.042,Grains & Cereals
crackers whole wheat,120,4.0,0.6,0.9,1.9,19.5,0.3,3.0,2.9,0.0,0.2,0.8,0.0,0.074,0.068,0.0,0.011,1.3,0.2,0.074,0.0,0.0,0.4,0.075,10.1,0.1,0.9,30.8,0.6,92.7,96.6,0.073,0.7,40.4,Grains & Cereals
tropical trail mix,619,23.9,11.9,3.5,7.2,91.8,0.0,8.8,0.0,0.0,0.1,12.6,0.0,0.6,0.099,0.0,0.2,2.1,1.7,0.5,10.6,0.0,0.0,0.0,79.8,0.7,3.7,134.4,1.4,260.4,992.6,0.0,1.6,218.6,Snacks
soft pretzels,389,3.6,0.8,1.2,1.1,79.8,0.3,9.4,2.0,3.5,0.9,17.3,0.0,0.5,0.079,0.0,0.3,4.9,0.0,0.002,0.0,0.0,0.6,0.071,26.5,0.1,4.5,24.2,0.0,90.9,101.2,0.03,1.1,125.8,Other
corn tostada shell,58,2.9,0.9,0.9,1.0,7.9,0.0,0.8,0.7,0.0,0.084,0.4,0.0,0.08,0.0,0.0,0.027,0.2,0.085,0.031,0.0,0.0,0.0,0.0,9.3,0.042,0.2,9.3,0.031,25.0,29.2,0.028,0.2,21.8,Vegetables
matzo crackers,111,0.4,0.03,0.045,0.2,23.4,0.098,2.8,0.8,0.0,0.0,1.2,0.0,0.1,0.077,0.0,0.013,1.1,0.1,0.078,0.0,0.0,0.026,0.047,3.6,0.01,0.9,7.0,0.2,24.9,31.4,0.022,0.2,31.9,Other
sesame crunch,9,0.6,0.096,0.2,0.3,0.9,0.6,0.2,0.1,0.0,0.027,0.073,0.0,0.061,0.051,0.0,0.015,0.025,0.049,0.013,0.0,0.0,0.002,0.0,11.5,0.096,0.019,4.5,0.055,7.4,5.5,0.033,0.013,13.351,Nuts & Seeds
trail mix with chocolate chips,707,46.6,8.9,19.8,16.5,65.6,0.0,20.7,0.0,5.8,0.2,9.6,0.0,0.6,0.01,0.0,0.3,6.4,1.4,0.4,1.9,0.0,0.0,0.0,159.1,1.2,4.9,235.1,1.6,565.0,946.1,0.0,4.6,298.8,Snacks
cracker meal,440,2.0,0.3,0.2,0.8,93.0,0.4,10.7,3.0,0.0,0.078,8.7,0.0,0.8,0.2,0.0,0.5,6.6,0.5,0.017,0.0,0.0,0.5,0.053,26.5,0.3,5.3,27.6,1.1,119.6,132.3,0.086,0.8,140.5,Snacks
puffed rice,153,0.2,0.037,0.0,0.0,34.1,0.0,2.4,0.6,0.0,0.053,1.1,0.0,1.0,0.093,0.0,0.7,13.4,0.1,0.055,0.0,0.0,0.0,0.0,2.3,0.02,12.0,9.5,0.6,37.2,42.9,0.094,0.4,51.6,Grains & Cereals
filinchen gutena,19,0.2,0.056,3.6,0.031,0.5,0.028,0.4,0.0,0.0,0.0,0.0,0.0,0.0,0.0,0.0,0.0,0.0,0.0,0.0,0.0,0.0,0.0,0.0,0.0,0.0,0.0,0.0,0.0,0.0,0.0,0.0,0.0,1.1,Other
melba toast crackers,117,1.0,0.1,0.2,0.4,23.0,0.3,3.6,1.9,0.0,0.2,1.5,0.0,0.1,0.055,0.0,0.071,1.2,0.2,0.087,0.0,0.0,0.1,0.029,27.9,0.046,1.1,17.7,0.3,58.8,60.6,0.042,0.6,58.5,Bread & Bakery
matzo crackers with egg onion,109,1.1,0.3,0.3,0.3,21.6,0.0,2.8,1.4,12.6,0.052,2.0,0.062,0.2,0.069,0.018,0.1,1.4,0.2,0.036,0.026,0.0,0.0,0.0,10.1,0.013,1.2,8.4,0.2,24.9,23.2,0.066,0.2,38.316,Eggs
cornnuts,126,4.4,0.7,2.7,0.9,20.3,0.2,2.4,2.0,0.0,0.2,0.4,0.0,0.024,0.0,0.0,0.015,0.5,0.1,0.094,0.0,0.0,0.6,0.097,2.5,0.001,0.5,32.0,0.1,77.8,78.7,0.064,0.5,32.1,Snacks
bagel chips,789,26.5,12.0,10.6,3.6,116.1,10.5,21.6,7.2,0.0,0.4,8.8,0.0,0.9,0.2,0.0,0.6,13.4,0.8,0.2,0.0,0.0,1.4,0.031,42.0,0.3,8.8,68.3,1.2,229.3,245.0,0.03,1.8,222.2,Snacks
pretzels,115,0.9,0.1,0.2,0.4,24.1,0.7,3.0,1.0,0.0,0.4,0.9,0.037,0.0,0.1,0.084,0.0,0.026,1.6,0.1,0.084,0.6,0.0,0.1,0.01,8.1,0.08,1.4,8.7,0.3,38.4,66.9,0.01,29.214,Other
gatto di patate home made,202,9.4,4.6,21.0,9.4,4.0,3.6,0.0,0.0,0.0,0.0,0.0,0.0,0.0,0.0,0.0,0.0,0.0,0.0,0.0,0.0,0.0,0.0,0.0,0.0,0.0,0.0,0.0,0.0,0.0,0.0,0.0,0.0,13.4,Other
baked potato,161,0.2,0.074,0.086,0.1,36.6,2.0,4.3,3.8,0.0,0.097,129.6,0.0,0.0,0.1,0.001,0.0,0.056,2.4,0.7,0.5,16.6,0.0,0.034,0.057,26.0,0.2,1.9,48.4,0.4,121.1,925.6,0.028,45.667,Vegetables
potato sticks,188,12.4,3.2,2.2,6.4,19.2,0.006,2.4,1.2,0.0,0.2,0.8,0.0,0.041,0.043,0.0,0.062,1.7,0.1,0.1,17.0,0.0,3.3,0.089,6.5,0.1,0.8,23.0,0.2,61.9,445.3,0.042,0.4,59.5,Vegetables
potato cooked,52,0.006,0.003,0.027,0.071,12.1,0.5,1.1,1.2,0.0,0.035,46.2,0.0,0.026,0.082,0.0,0.029,0.9,0.3,0.2,7.8,0.0,0.043,0.042,3.0,0.1,0.2,13.2,0.044,26.4,227.4,0.022,0.2,25.487,Vegetables
vivaldi potatoes sainsburys,23,0.1,5.0,0.5,0.0,0.0,0.0,0.0,0.0,0.0,0.0,0.0,0.0,0.0,0.0,0.0,0.0,0.0,0.0,0.0,0.0,0.0,0.0,0.0,0.0,0.0,0.0,0.0,0.0,0.0,0.0,0.0,0.0,0.1,Vegetables
potato ham chowder soup,192,12.5,3.9,5.9,0.8,13.4,0.0,6.5,1.4,21.6,0.9,204.7,0.0,0.0,0.0,0.0,0.0,0.0,0.0,0.0,0.0,0.0,0.0,0.0,0.0,0.0,1.7,0.0,0.0,0.0,0.0,0.0,0.0,35.5,Soups
russet potato baked,290,0.4,0.1,0.056,0.2,64.1,3.2,7.9,6.9,0.0,0.084,222.6,0.0,0.2,0.061,0.0,0.1,4.0,1.1,1.1,24.8,0.0,0.2,0.084,53.8,0.3,3.2,89.7,0.7,212.3,1644.5,0.01,1.0,161.1,Vegetables
french fries,13,0.4,0.01,0.3,0.067,2.2,0.088,0.2,0.2,0.0,0.056,5.9,0.0,0.043,0.019,0.0,0.042,0.2,0.076,0.085,1.5,0.0,0.061,0.086,0.8,0.028,0.076,1.9,0.022,7.4,36.3,0.0,0.018,5.362,Other
potato scalloped,216,9.0,5.5,2.5,0.4,26.4,0.0,7.0,4.7,29.4,0.8,198.3,0.0,0.2,0.018,0.0,0.2,2.6,1.3,0.4,26.0,0.0,0.0,0.0,139.7,0.4,1.4,46.6,0.4,154.4,926.1,0.064,1.0,214.2,Vegetables
cottage fries,11,0.4,0.084,0.2,0.055,1.9,0.019,0.2,0.2,0.0,0.058,4.4,0.0,0.026,0.063,0.0,0.086,0.1,0.003,0.016,0.8,0.0,0.043,0.076,0.9,0.053,0.025,1.9,0.086,6.7,32.5,0.06,0.027,4.413,Other
mashed potatoes,215,6.8,1.4,1.7,3.2,35.5,1.2,4.0,3.1,0.0,0.7,192.7,0.079,0.023,0.013,0.049,0.005,2.6,0.0,0.3,0.0,0.0,1.0,0.078,43.6,0.06,0.8,36.3,0.2,142.8,692.1,0.055,0.5,93.836,Vegetables
mashed potato with milk and butter,237,8.9,5.5,2.2,0.4,35.3,3.0,3.9,3.2,23.1,0.7,158.8,0.026,0.2,0.023,0.05,0.069,2.3,1.0,0.5,12.6,0.08,0.3,0.033,50.4,0.3,0.5,37.8,0.2,94.5,596.4,0.074,0.6,114.854,Dairy & Cheese
potato pancake,59,3.2,0.5,0.8,1.7,6.1,0.4,1.3,0.7,20.9,0.2,10.5,0.098,0.085,0.096,0.004,0.098,0.4,0.2,0.052,6.1,0.091,0.055,0.024,7.0,0.043,0.4,7.9,0.006,28.2,136.8,0.072,0.2,24.864,Vegetables
potato puffs,243,11.0,2.3,7.7,0.6,35.5,0.3,2.6,3.2,0.0,0.6,76.4,0.0,0.2,0.019,0.0,0.049,1.9,0.4,0.2,8.1,0.0,0.3,0.001,17.9,0.01,0.8,21.8,0.2,131.8,399.4,0.018,0.4,79.1,Vegetables
red potato baked,74,0.1,0.008,0.078,0.004,16.7,1.2,2.0,1.5,0.0,0.037,65.2,0.0,0.0,0.097,0.034,0.0,0.046,1.4,0.3,0.2,10.7,0.0,0.066,0.075,7.7,0.1,0.6,23.8,0.1,61.2,463.3,0.0,20.689,Vegetables
potatoes canned,132,0.3,0.098,0.021,0.1,29.7,0.0,3.6,4.2,0.0,0.7,263.5,0.0,0.1,0.011,0.0,0.015,2.7,0.5,0.4,22.8,0.0,0.0,0.0,117.0,0.2,2.2,42.0,0.2,66.0,615.0,0.049,1.2,179.8,Vegetables
shoestring french fries,4,0.1,0.059,0.083,0.06,0.7,0.062,0.099,0.099,0.0,0.055,1.2,0.0,0.008,0.004,0.0,0.092,0.075,0.003,0.048,0.3,0.0,0.022,0.048,0.3,0.057,0.052,0.5,0.057,2.4,10.6,0.038,0.053,1.604,Other
hash brown potato,144,9.0,1.3,4.1,3.0,15.3,0.3,1.4,1.4,0.0,0.3,26.1,0.041,0.0,0.023,0.012,0.0,0.055,1.0,0.1,0.068,2.9,0.0,1.4,0.069,10.1,0.004,0.3,11.1,0.099,51.9,188.2,0.043,27.245,Vegetables
baked chips lays,130,2.0,26.0,2.0,2.0,0.0,0.0,0.0,0.0,0.0,0.0,0.0,0.0,0.0,0.0,0.0,0.0,0.0,0.0,0.0,0.0,0.0,0.0,0.0,0.0,0.0,0.0,0.0,0.0,0.0,0.0,0.0,0.0,2.0,Snacks
corn chips,162,10.0,1.3,2.7,4.9,17.2,0.031,1.9,1.2,0.0,0.2,0.3,0.021,0.066,0.062,0.086,0.0,0.076,0.3,0.2,0.073,0.0,0.0,2.2,0.068,41.4,0.021,0.4,21.6,0.1,58.2,43.2,0.042,30.501,Snacks
nacho cheese tortilla chips low fat,90,1.0,0.3,0.4,0.3,18.5,0.8,2.4,1.8,0.6,0.2,0.5,0.0,0.058,0.036,0.003,0.039,0.4,0.048,0.088,1.6,0.0,1.0,0.088,36.2,0.04,1.4,28.0,0.2,69.3,112.1,0.056,1.0,62.9,Dairy & Cheese
corn chips barbecue,1036,64.7,8.8,18.8,32.0,111.3,0.0,13.9,10.3,0.0,1.5,2.4,0.0,0.1,0.014,0.0,0.4,3.3,0.3,0.5,3.4,0.0,0.0,0.0,259.4,0.3,3.0,152.5,1.5,409.9,467.3,0.005,2.1,466.0,Snacks
corn chips unsalted,490,29.4,3.8,8.0,15.0,50.5,1.2,5.8,3.9,0.0,0.024,0.9,0.0,0.1,0.028,0.0,0.1,1.3,0.0,0.2,1.8,0.0,1.2,0.026,109.1,0.2,1.5,61.6,0.0,161.9,162.8,0.087,0.7,202.0,Snacks
potato chips fat free,860,1.4,0.3,0.06,0.6,190.1,8.4,21.9,17.0,0.0,1.5,4.5,0.0,2.5,0.1,0.0,0.3,14.6,0.0,1.8,21.1,0.0,0.029,0.006,79.5,0.4,8.1,158.9,0.0,379.1,3695.6,0.038,1.7,339.1,Snacks
sweet chilli kettle baked chips,99,2.2,0.3,16.9,1.2,2.1,0.4,2.0,0.0,0.0,0.0,0.0,0.0,0.0,0.0,0.0,0.0,0.0,0.0,0.0,0.0,0.0,0.0,0.0,0.0,0.0,0.0,0.0,0.0,0.0,0.0,0.0,0.0,6.3,Snacks
taro chips,11,0.6,0.1,0.1,0.3,1.6,0.04,0.049,0.2,0.0,0.022,0.064,0.0,0.088,0.067,0.0,0.077,0.03,0.1,0.091,0.1,0.0,0.3,0.078,1.4,0.097,0.008,1.9,0.087,3.0,17.4,0.08,0.069,4.042,Snacks
potato chips reduced fat,801,35.4,7.1,8.2,18.6,113.7,0.4,12.1,10.0,0.0,0.8,1.7,0.0,0.4,0.028,0.0,0.5,11.9,0.5,1.1,43.7,0.0,9.3,0.076,35.7,1.0,2.3,151.3,0.7,328.1,2964.8,0.08,0.1,252.9,Snacks
onion snacks,150,6.8,1.3,4.0,0.9,19.5,1.4,2.3,1.2,0.0,0.3,0.6,0.087,0.092,0.01,0.0,0.048,1.0,0.061,0.084,0.5,0.0,0.8,0.003,8.7,0.072,1.1,8.4,0.1,21.6,42.9,0.002,0.086,40.199,Vegetables
potato chips cheese,843,46.2,14.6,13.1,16.3,98.1,0.0,14.5,8.8,6.8,0.8,3.1,0.057,0.3,0.0,0.0,0.3,8.5,1.3,0.6,92.0,0.0,0.0,0.0,122.4,0.4,3.1,127.5,0.8,508.3,2597.6,0.0,1.5,385.109,Dairy & Cheese
yuca cassava chips,9,0.4,0.1,0.1,0.1,1.2,0.006,0.054,0.002,0.0,0.041,0.062,0.0,0.049,0.0,0.0,0.087,0.058,0.06,0.066,0.0,0.0,0.067,0.047,0.9,0.019,0.099,0.8,0.083,1.7,14.8,0.002,0.078,2.621,Snacks
tortilla chips low fat,117,1.6,0.2,0.5,0.8,22.6,0.2,3.1,1.5,0.0,0.1,0.5,0.0,0.089,0.052,0.0,0.001,0.1,0.0,0.003,0.095,0.0,0.2,0.043,45.0,0.006,0.5,27.5,0.0,90.0,77.0,0.087,0.3,74.368,Snacks
ranch flavor tortilla chips,992,48.8,7.0,14.0,26.8,124.2,6.0,14.2,7.9,0.0,1.0,6.2,0.0,0.093,0.0,0.0,0.1,2.6,1.2,0.4,0.0,0.0,0.0,0.073,265.3,0.2,2.7,172.3,0.7,499.0,512.8,0.032,2.8,463.1,Snacks
potato chips,161,10.4,3.3,3.0,3.7,15.9,0.007,2.1,1.4,0.0,0.021,0.6,0.0,0.086,0.045,0.0,0.006,1.1,1.3,0.2,9.3,0.0,2.7,0.02,7.2,0.1,0.5,20.1,0.2,49.5,382.5,0.099,0.3,46.8,Snacks
tortilla chips,142,6.2,0.8,1.7,3.2,20.3,0.2,2.1,1.6,0.0,0.077,0.8,0.2,0.0,0.006,0.071,0.031,0.057,0.3,0.4,0.092,0.0,0.0,1.1,0.014,31.8,0.2,0.5,25.2,0.0,67.5,54.6,0.041,30.699,Snacks
sweet potato chips,149,9.1,0.8,2.6,3.4,15.9,2.5,0.8,2.5,0.0,0.05,1.3,0.0,0.013,0.088,0.0,0.069,0.6,0.4,0.1,0.0,0.0,2.7,0.08,16.5,0.1,0.6,18.2,0.4,40.6,259.0,0.087,0.1,45.4,Snacks
nacho cheese tortilla chips,156,8.2,1.2,2.7,3.7,18.2,0.8,2.2,1.5,0.0,0.2,0.5,0.021,0.2,0.023,0.085,0.0,0.021,0.4,0.2,0.038,0.1,0.0,0.0,0.002,41.1,0.071,0.3,22.5,0.1,75.6,66.9,0.072,30.369,Dairy & Cheese
vegetable chips,134,6.6,0.5,4.1,1.9,17.1,1.1,1.5,1.3,0.0,0.3,1.8,0.0,0.019,0.002,0.0,0.025,0.8,0.1,0.2,1.4,0.0,1.4,0.027,14.7,0.011,0.4,15.0,0.015,36.8,237.2,0.083,0.1,43.0,Snacks
taco flavor tortilla chips,1090,54.9,10.5,32.4,7.6,143.2,0.0,17.9,12.0,11.4,1.8,3.6,0.0,0.5,0.022,0.0,0.5,4.5,0.7,0.7,2.0,0.0,0.0,0.0,351.9,0.4,4.6,199.8,1.0,542.5,492.6,0.075,2.9,586.5,Snacks
potato chips barbecue,970,64.2,15.9,12.9,32.4,104.5,14.0,15.2,8.7,0.0,1.3,3.8,0.0,0.4,0.2,0.0,0.4,9.3,1.2,1.2,67.1,0.0,12.2,0.015,99.0,0.7,3.8,148.5,1.0,368.3,2496.8,0.02,1.9,362.5,Snacks
pita chips,137,4.6,0.4,3.3,0.6,20.5,1.4,3.5,1.1,0.0,0.3,0.6,0.033,0.0,0.2,0.042,0.0,0.077,2.1,0.2,0.039,0.0,0.0,2.1,0.051,5.1,0.065,1.4,11.1,0.2,37.2,38.7,0.003,29.893,Snacks
potato chips sour cream and onion,1051,67.1,17.6,12.1,34.5,102.0,0.0,16.0,10.3,13.9,1.1,3.6,0.073,0.4,0.1,0.079,0.4,8.0,1.6,1.3,73.9,0.0,0.0,0.0,142.6,0.6,3.2,146.5,0.8,348.5,2635.4,0.0,1.9,415.171,Dairy & Cheese
adobo fresco,780,60.2,8.4,43.1,5.9,53.6,5.8,5.8,3.7,0.0,49.4,63.6,0.0,0.1,0.094,0.0,0.037,1.4,0.0,0.0,16.7,0.0,7.7,0.088,354.2,0.088,9.2,66.2,0.0,109.4,538.6,0.024,0.7,503.4,Other
chili pepper sauce red,3,0.089,0.073,0.096,0.071,0.6,0.4,0.1,0.1,0.0,0.003,14.1,0.0,0.042,0.093,0.0,0.042,0.041,0.0,0.02,4.5,0.0,0.005,0.018,1.4,0.0,0.051,1.8,0.0,2.4,84.6,0.06,0.037,6.755,Condiments & Sauces
creamy ranch sauce mcdonalds,132,14.7,2.2,3.1,8.0,1.0,1.0,0.3,0.0,5.9,0.2,11.7,0.0,0.009,0.0,0.007,0.075,0.009,0.021,0.006,0.0,0.0,1.0,0.0,8.2,0.079,0.039,0.8,0.056,8.5,22.1,0.0,0.071,24.274,Fast Food
catsup,19,0.066,0.026,0.051,0.065,4.5,3.7,0.2,0.053,0.0,0.2,11.8,0.0,0.002,0.038,0.0,0.073,0.2,0.091,0.045,0.7,0.0,0.2,0.094,2.7,0.08,0.073,2.6,0.079,4.8,53.6,0.096,0.015,8.299,Other
chili pepper sauce green,3,0.032,0.048,0.037,0.016,0.8,0.4,0.1,0.3,0.0,0.03,14.1,0.0,0.002,0.07,0.0,0.046,0.1,0.0,0.07,10.2,0.0,0.006,0.036,0.8,0.062,0.023,1.8,0.0,2.1,84.6,0.023,0.09,12.206,Condiments & Sauces
red wine vinegar,3,0.0,0.0,0.0,0.0,0.011,0.0,0.055,0.0,0.0,0.092,14.1,0.0,0.0,0.0,0.0,0.0,0.0,0.0,0.0,0.053,0.0,0.0,0.0,0.9,0.095,0.049,0.6,0.021,1.2,5.8,0.0,0.065,1.221,Alcoholic Beverages
fish sauce,6,0.013,0.08,0.0,0.039,0.7,0.7,0.9,0.0,0.0,1.4,12.8,0.058,0.052,0.043,0.047,0.031,0.4,0.086,0.093,0.012,0.0,0.0,0.0,7.7,0.089,0.1,31.5,0.082,1.3,51.8,0.021,0.057,9.498,Seafood
coleslaw dressing reduced fat,56,3.4,0.5,1.5,1.3,6.8,6.6,0.0,0.045,4.3,0.3,6.3,0.0,0.057,0.0,0.01,0.084,0.097,0.071,0.096,0.0,0.0,0.3,0.068,6.1,0.0,0.08,0.9,0.069,5.1,8.5,0.08,0.071,16.403,Condiments & Sauces
sour dressing,21,2.0,1.6,0.2,0.035,0.6,0.6,0.4,0.0,0.6,0.094,9.0,0.023,0.046,0.046,0.075,0.02,0.033,0.08,0.084,0.1,0.0,0.2,0.024,13.6,0.017,0.091,1.2,0.021,10.4,19.4,0.058,0.064,16.853,Condiments & Sauces
guava sauce cooked,86,0.3,0.014,0.068,0.1,22.6,14.0,0.8,8.6,0.0,0.017,213.2,0.0,0.054,0.062,0.0,0.047,1.0,0.0,0.2,348.4,0.0,1.3,0.008,16.7,0.2,0.4,16.7,0.3,26.2,535.5,0.044,0.4,397.8,Condiments & Sauces
pizza sauce,136,2.9,1.2,1.2,0.2,21.8,9.5,5.5,5.0,0.0,0.9,218.5,0.0,0.0,0.2,0.074,0.0,0.1,3.6,0.9,0.3,28.5,0.0,0.0,0.0,136.1,0.3,2.3,52.9,0.6,126.0,892.1,0.0,35.8,Fast Food
sweetn sour sauce mcdonalds,48,0.3,0.075,0.091,0.1,11.0,10.0,0.2,0.0,0.0,0.2,16.1,0.0,0.037,0.0,0.0,0.06,0.1,0.042,0.069,0.3,0.0,0.2,0.0,1.7,0.076,0.2,1.7,0.049,4.5,27.7,0.0,0.05,13.7,Fast Food
nance syrup,4,0.002,0.0,0.0,0.0,0.8,0.6,0.028,0.3,0.0,0.035,2.8,0.0,0.035,0.0,0.0,0.084,0.069,0.0,0.012,0.4,0.0,0.0,0.0,1.6,0.015,0.013,0.6,0.069,0.3,7.2,0.0,0.0,3.227,Condiments & Sauces
french dressing reduced fat,37,2.2,0.2,0.9,0.8,4.7,4.6,0.072,0.2,0.0,0.072,8.7,0.0,0.066,0.066,0.0,0.085,0.049,0.068,0.094,0.0,0.0,0.5,0.007,1.8,0.048,0.1,1.3,0.068,2.6,17.1,0.063,0.079,9.052,Condiments & Sauces
peppercorn dressing,76,8.2,1.4,2.0,4.4,0.5,0.3,0.2,0.0,6.6,0.1,4.3,0.091,0.0,0.012,0.017,0.0,0.0,0.0,0.02,0.09,0.089,0.6,0.049,2.9,0.002,0.055,0.3,0.0,3.5,23.6,0.083,0.011,11.946,Condiments & Sauces
sorghum syrup,61,0.0,0.0,0.0,0.0,15.7,15.7,0.0,0.0,0.0,0.096,4.8,0.0,0.03,0.0,0.0,0.051,0.02,0.2,0.1,0.0,0.0,0.0,0.0,31.5,0.098,0.8,21.0,0.3,11.8,210.0,0.013,0.046,48.0,Condiments & Sauces
ranch dressing fat free,17,0.3,0.007,0.072,0.092,3.7,0.7,0.039,0.088,1.0,0.1,9.6,0.078,0.079,0.04,0.0,0.06,0.007,0.1,0.022,0.0,0.0,0.033,0.077,7.0,0.032,0.1,1.1,0.037,15.8,15.5,0.047,0.041,11.204,Condiments & Sauces
caesar dressing low calorie,17,0.7,0.1,0.2,0.4,2.8,2.4,0.028,0.053,0.3,0.2,11.0,0.087,0.038,0.065,0.0,0.079,0.036,0.089,0.0,0.0,0.0,0.1,0.096,3.6,0.067,0.016,0.3,0.029,2.9,4.4,0.05,0.029,7.293,Condiments & Sauces
sweet sour dressing,2,0.0,0.0,0.0,0.0,0.6,0.6,0.082,0.0,0.0,0.065,15.3,0.0,0.073,0.057,0.0,0.0,0.017,0.091,0.04,1.3,0.0,0.4,0.073,0.6,0.087,0.078,0.5,0.047,0.5,5.3,0.007,0.099,2.587,Condiments & Sauces
mayonnaise imitation fat free,13,0.4,0.005,0.3,0.031,2.5,1.6,0.043,0.3,1.4,0.1,12.6,0.0,0.0,0.0,0.0,0.029,0.0,0.0,0.0,0.0,0.0,0.04,0.023,1.0,0.095,0.008,0.3,0.0,0.8,7.8,0.037,0.037,4.313,Condiments & Sauces
sofrito,488,37.5,0.0,0.0,0.0,11.2,0.0,26.4,3.5,0.0,2.4,122.9,0.0,0.6,0.036,0.0,0.4,6.0,1.2,0.7,42.0,0.0,0.0,0.0,41.2,0.3,1.9,51.5,0.4,286.3,826.1,0.0,2.9,163.7,Other
turkey gravy instant,27,1.0,0.3,0.4,0.3,3.9,0.5,0.8,0.3,1.6,0.3,0.4,0.035,0.013,0.042,0.057,0.048,0.029,0.091,0.015,0.092,0.0,0.046,0.06,7.7,0.012,0.6,2.0,0.04,13.6,20.5,0.083,0.032,14.333,Poultry
teriyaki sauce,16,0.015,0.0,0.0,0.0,2.8,2.5,1.1,0.016,0.0,0.7,12.2,0.0,0.074,0.036,0.0,0.091,0.2,0.068,0.09,0.0,0.0,0.0,0.0,4.5,0.056,0.3,11.0,0.0,27.7,40.5,0.038,0.049,8.733,Condiments & Sauces
tomato sauce,59,0.7,0.1,0.1,0.3,13.0,8.7,2.9,3.7,0.0,0.083,223.6,0.0,0.029,0.032,0.002,0.0,0.2,2.4,0.8,0.2,17.2,0.0,3.5,0.083,34.3,0.3,2.4,36.8,0.3,66.2,727.7,0.09,20.864,Condiments & Sauces
barbecue sauce kraft,28,0.053,0.013,0.095,0.005,6.5,5.2,0.1,0.032,0.0,0.2,8.7,0.0,0.069,0.0,0.0,0.001,0.073,0.09,0.002,0.031,0.0,0.1,0.0,7.5,0.011,0.1,2.4,0.093,3.0,39.5,0.0,0.006,14.388,Condiments & Sauces
cranberry sauce sweetened,418,0.4,0.056,0.057,0.2,107.8,105.0,0.6,2.8,0.0,0.076,168.0,0.0,0.0,0.033,0.0,0.093,0.3,0.0,0.029,5.5,0.0,2.3,0.075,11.1,0.097,0.6,8.3,0.2,16.6,72.0,0.025,0.1,128.8,Condiments & Sauces
coleslaw dressing,62,5.3,0.8,1.4,2.9,3.8,3.2,0.1,0.024,4.2,0.1,6.4,0.032,0.021,0.055,0.079,0.078,0.0,0.049,0.017,0.0,0.057,0.5,0.01,2.2,0.01,0.01,0.3,0.057,4.2,1.4,0.091,0.062,11.62,Condiments & Sauces
onion gravy dry,77,0.7,0.4,0.2,0.024,16.2,0.0,2.2,1.4,0.5,1.0,1.0,0.0,0.017,0.061,0.082,0.046,0.9,0.026,0.068,1.7,0.0,0.0,0.0,67.2,0.026,0.2,8.2,0.035,48.7,62.9,0.091,0.2,89.6,Condiments & Sauces
corn syrup light,62,0.09,0.0,0.0,0.0,16.9,16.9,0.0,0.0,0.0,0.065,5.0,0.0,0.047,0.0,0.0,0.0,0.0,0.0,0.0,0.0,0.0,0.0,0.0,2.9,0.0,0.0,0.2,0.0,0.0,0.2,0.056,0.015,19.806,Condiments & Sauces
bacon tomato dressing,49,5.3,0.8,1.3,2.9,0.3,0.3,0.3,0.04,0.6,0.1,8.8,0.064,0.083,0.0,0.035,0.091,0.1,0.0,0.033,1.3,0.0,0.6,0.031,0.6,0.013,0.057,0.9,0.0,3.8,16.2,0.009,0.045,7.942,Red Meat
pancake syrup,53,0.075,0.025,0.094,0.042,13.9,8.4,0.0,0.0,0.0,0.064,6.0,0.0,0.024,0.0,0.0,0.037,0.036,0.075,0.0,0.0,0.0,0.0,0.0,1.0,0.024,0.038,0.4,0.016,2.0,1.2,0.079,0.097,15.031,Condiments & Sauces
balsamic vinegar,14,0.0,0.0,0.0,0.0,2.7,2.4,0.041,0.0,0.0,0.071,12.2,0.0,0.0,0.0,0.0,0.0,0.0,0.0,0.0,0.0,0.0,0.0,0.0,4.3,0.074,0.1,1.9,0.046,3.0,17.9,0.0,0.033,7.129,Condiments & Sauces
ranch dressing reduced fat,29,1.9,0.2,0.4,0.6,3.2,0.6,0.2,0.2,2.4,0.2,9.3,0.022,0.049,0.081,0.0,0.098,0.044,0.1,0.018,0.051,0.0,0.2,0.012,6.0,0.051,0.1,0.9,0.098,29.0,19.8,0.082,0.035,11.727,Condiments & Sauces
barbecue sauce mcdonalds,46,0.3,0.09,0.069,0.1,10.3,9.6,0.4,0.4,0.0,0.3,16.2,0.0,0.032,0.076,0.0,0.025,0.2,0.071,0.088,0.0,0.0,0.3,0.0,3.1,0.008,0.1,3.6,0.056,8.4,55.2,0.0,0.097,14.6,Fast Food
vinegar oil dressing,72,8.0,1.5,2.4,3.9,0.4,0.4,0.0,0.0,0.0,0.076,7.6,0.0,0.0,0.0,0.0,0.0,0.0,0.0,0.0,0.0,0.0,0.7,0.024,0.0,0.0,0.0,0.0,0.0,0.0,1.3,0.06,0.0,8.4,Condiments & Sauces
poppyseed dressing,66,5.5,1.0,1.4,2.9,4.0,3.9,0.2,0.03,2.5,0.1,6.4,0.005,0.03,0.014,0.038,0.069,0.083,0.027,0.092,0.04,0.053,0.4,0.044,9.7,0.093,0.048,1.5,0.006,8.1,10.1,0.083,0.091,19.612,Condiments & Sauces
honey mustard dressing,70,6.1,0.8,1.7,3.4,3.5,2.4,0.1,0.057,4.4,0.019,4.9,0.082,0.031,0.056,0.047,0.078,0.003,0.068,0.017,0.006,0.092,0.5,0.085,1.8,0.003,0.07,0.8,0.048,3.3,3.0,0.001,0.044,11.752,Condiments & Sauces
french dressing fat free,21,0.024,0.067,0.088,0.097,5.1,2.6,0.01,0.4,0.0,0.1,10.4,0.0,0.04,0.027,0.0,0.0,0.072,0.071,0.0,0.0,0.0,0.032,0.017,0.8,0.073,0.081,0.5,0.002,0.0,13.4,0.019,0.01,6.399,Condiments & Sauces
vinegar,3,0.0,0.0,0.0,0.0,0.089,0.063,0.0,0.0,0.0,0.024,14.1,0.0,0.0,0.0,0.0,0.0,0.0,0.0,0.0,0.0,0.0,0.0,0.0,0.9,0.089,0.002,0.1,0.072,0.6,0.3,0.031,0.028,1.02,Condiments & Sauces
spray dressing,13,0.9,0.1,0.0,0.0,1.3,1.1,0.07,0.075,0.0,0.012,5.7,0.0,0.0,0.0,0.0,0.0,0.0,0.0,0.0,0.055,0.0,0.0,0.0,0.5,0.0,0.096,0.0,0.0,0.0,0.0,0.0,0.0,2.931,Condiments & Sauces
honey mustard dressing fat free,25,0.2,0.031,0.1,0.056,5.8,2.7,0.2,0.2,0.2,0.2,8.4,0.01,0.077,0.049,0.0,0.019,0.093,0.001,0.039,0.3,0.0,0.1,0.018,3.6,0.014,0.053,2.0,0.027,5.6,10.4,0.096,0.061,10.426,Condiments & Sauces
mushroom gravy,119,6.4,1.0,2.8,2.4,13.0,0.0,3.0,1.0,0.0,1.4,211.8,0.0,0.022,0.056,0.0,0.1,1.6,2.6,0.067,0.0,0.0,0.0,0.0,16.7,0.2,1.6,4.8,0.7,35.7,252.3,0.078,1.7,41.7,Condiments & Sauces
white sauce,368,26.6,7.1,11.1,7.2,22.9,11.0,9.6,0.5,17.5,0.9,187.2,0.3,0.2,0.018,0.055,0.5,1.0,0.8,0.1,2.0,0.012,0.7,0.034,295.0,0.033,0.8,35.0,0.1,245.0,390.0,0.073,1.0,357.7,Condiments & Sauces
marinara pasta sauce,129,3.9,0.4,1.0,1.3,19.9,14.5,3.7,4.8,5.3,1.1,230.7,0.0,0.021,0.062,0.0,0.2,10.3,0.2,0.5,5.3,0.0,6.3,0.042,71.3,0.2,2.1,47.5,0.4,89.8,842.2,0.061,0.5,111.0,Condiments & Sauces
tomato sauce with mushrooms,86,0.3,0.027,0.025,0.1,20.7,14.1,3.6,3.7,0.0,1.1,215.5,0.0,0.2,0.016,0.0,0.3,3.1,0.9,0.3,30.4,0.0,4.7,0.049,31.9,0.5,2.2,46.6,0.5,78.4,931.0,0.019,0.5,92.8,Condiments & Sauces
pork gravy powder,25,0.6,0.3,0.3,0.007,4.3,1.7,0.6,0.2,0.7,0.4,0.3,0.002,0.011,0.04,0.063,0.037,0.2,0.094,0.015,0.095,0.0,0.007,0.056,9.3,0.011,0.3,2.3,0.06,12.6,15.7,0.097,0.009,15.363,Red Meat
beef gravy,123,5.5,2.7,2.2,0.2,11.2,0.5,8.7,0.9,7.0,1.5,203.8,0.079,0.068,0.067,0.025,0.064,1.5,0.027,0.049,0.0,0.0,0.013,0.005,14.0,0.2,1.6,4.7,0.5,69.9,188.7,0.085,2.3,41.982,Red Meat
green goddess dressing,64,6.5,0.9,1.4,3.5,1.1,1.0,0.3,0.094,6.0,0.1,6.8,0.052,0.076,0.048,0.071,0.04,0.042,0.0,0.028,0.037,0.0,0.7,0.061,5.1,0.004,0.067,1.1,0.0,4.7,8.7,0.002,0.081,13.2,Condiments & Sauces
salsa con queso,358,23.8,6.2,6.9,9.1,27.9,4.9,7.9,1.8,22.5,2.0,184.3,0.069,0.06,0.095,0.041,0.2,0.3,1.4,0.1,1.0,0.0,4.7,0.09,245.0,0.048,0.4,20.0,0.08,500.0,262.5,0.073,1.0,307.813,Other
cocktail sauce,19,0.2,0.0,0.0,0.0,4.2,1.8,0.2,0.3,0.0,0.2,9.9,0.002,0.078,0.066,0.0,0.069,0.1,0.033,0.042,1.7,0.0,0.2,0.014,3.9,0.023,0.1,2.6,0.096,4.5,46.4,0.075,0.086,10.667,Alcoholic Beverages
worcestershire sauce,13,0.0,0.0,0.0,0.0,3.3,1.7,0.0,0.0,0.0,0.2,13.4,0.036,0.023,0.009,0.0,0.051,0.1,0.0,0.0,2.2,0.0,0.036,0.042,18.2,0.09,0.9,2.2,0.0,10.2,136.0,0.067,0.023,24.673,Condiments & Sauces
barbecue sauce,29,0.1,0.009,0.047,0.064,6.9,5.7,0.1,0.2,0.0,0.2,9.3,0.0,0.064,0.037,0.0,0.086,0.1,0.005,0.035,0.1,0.0,0.1,0.027,5.6,0.042,0.1,2.2,0.038,3.4,39.4,0.044,0.038,13.1,Condiments & Sauces
tomato sauce with onions,103,0.5,0.007,0.047,0.2,24.4,0.0,3.8,4.4,0.0,1.3,210.9,0.0,0.2,0.003,0.0,0.3,3.0,0.9,0.7,31.1,0.0,0.0,0.0,41.7,0.4,2.3,46.6,0.7,95.6,1011.9,0.059,0.6,108.2,Condiments & Sauces
brown gravy dry,22,0.6,0.2,0.3,0.061,3.6,0.0,0.6,0.1,0.2,0.3,0.3,0.033,0.013,0.029,0.011,0.039,0.2,0.059,0.061,0.048,0.0,0.0,0.0,7.9,0.032,0.1,2.0,0.048,12.2,15.7,0.038,0.013,13.021,Condiments & Sauces
blue cheese dressing light,14,0.4,0.1,0.2,0.1,2.1,0.6,0.3,0.0,1.6,0.2,12.4,0.081,0.071,0.055,0.05,0.012,0.088,0.0,0.041,0.0,0.0,0.1,0.052,10.9,0.033,0.042,0.6,0.0,7.5,8.2,0.003,0.073,13.835,Dairy & Cheese
spanish tomato sauce,81,0.7,0.007,0.016,0.3,17.7,0.0,3.5,3.4,0.0,1.2,217.4,0.0,0.2,0.053,0.0,0.2,3.2,0.7,0.4,21.0,0.0,0.0,0.0,41.5,0.4,8.5,46.4,0.5,117.1,900.4,0.087,0.8,96.3,Condiments & Sauces
oyster sauce,9,0.066,0.016,0.02,0.044,2.0,0.0,0.2,0.024,0.0,0.5,14.4,0.0,0.089,0.005,0.05,0.049,0.3,0.009,0.023,0.036,0.0,0.0,0.0,5.8,0.037,0.069,0.7,0.083,4.0,9.7,0.072,0.022,8.095,Seafood
cheese sauce,30,2.2,1.2,0.7,0.2,0.8,0.033,1.5,0.071,5.7,0.002,10.0,0.003,0.035,0.08,0.0,0.015,0.073,0.083,0.082,0.067,0.023,0.096,0.095,46.7,0.1,0.047,2.9,0.084,34.4,21.3,0.078,0.2,51.263,Dairy & Cheese
hoisin sauce,35,0.5,0.036,0.2,0.3,7.1,4.4,0.5,0.4,0.5,0.3,7.1,0.0,0.014,0.069,0.0,0.068,0.2,0.061,0.088,0.097,0.0,0.046,0.031,5.1,0.061,0.2,3.8,0.025,6.1,19.0,0.058,0.022,13.882,Condiments & Sauces
pickle relish,20,0.061,0.093,0.083,0.036,5.3,4.4,0.097,0.2,0.0,0.1,9.3,0.0,0.0,0.042,0.0,0.011,0.05,0.09,0.053,0.2,0.0,0.026,0.018,0.5,0.038,0.1,0.8,0.04,2.1,3.8,0.0,0.005,6.381,Condiments & Sauces
tomato sauce with herbs cheese,144,4.7,1.5,0.9,2.0,25.0,0.0,5.2,5.4,7.3,1.3,203.6,0.0,0.2,0.035,0.0,0.3,2.9,0.7,0.008,24.4,0.0,0.0,0.0,90.3,0.4,2.1,46.4,0.5,131.8,868.6,0.029,0.9,157.1,Dairy & Cheese
french dressing,73,7.2,0.9,1.3,3.4,2.5,2.6,0.1,0.0,0.0,0.1,5.8,0.0,0.02,0.0,0.015,0.02,0.091,0.0,0.0,0.6,0.0,0.8,0.065,3.8,0.0,0.1,0.8,0.097,3.0,10.7,0.0,0.084,14.3,Condiments & Sauces
mayonnaise hellmanns,15,1.7,0.9,0.093,0.2,0.087,0.2,0.0,0.0,0.0,0.0,0.0,0.0,0.0,0.0,0.0,0.0,0.0,0.0,0.0,0.0,0.0,0.0,0.0,0.0,0.0,0.0,0.0,0.0,0.0,0.0,0.0,0.0,1.737,Condiments & Sauces
canadian maple syrup,76,0.0,0.0,0.0,0.0,19.1,17.0,0.0,0.0,0.0,0.086,9.1,0.0,0.013,0.0,0.0,0.4,0.062,0.0,0.0,0.0,0.0,0.0,0.0,30.8,0.0,0.088,5.9,0.7,0.0,63.7,0.0,0.2,49.95,Condiments & Sauces
maple syrup,52,0.047,0.036,0.014,0.085,13.4,13.6,0.09,0.0,0.0,0.059,6.5,0.0,0.063,0.0,0.0,0.3,0.088,0.054,0.036,0.0,0.0,0.0,0.0,20.4,0.093,0.014,4.2,0.6,0.4,42.4,0.008,0.3,33.895,Condiments & Sauces
barbecue sauce bulls eye,27,0.1,0.028,0.019,0.033,6.4,5.6,0.1,0.2,0.0,0.2,8.8,0.0,0.003,0.0,0.0,0.085,0.1,0.053,0.05,0.094,0.0,0.1,0.0,6.9,0.075,0.1,2.6,0.071,3.5,42.1,0.0,0.041,13.891,Condiments & Sauces
ranch dressing,65,6.7,1.0,1.4,3.9,0.9,0.7,0.2,0.0,3.9,0.1,6.9,0.067,0.098,0.061,0.05,0.042,0.011,0.083,0.1,0.093,0.0,0.015,0.3,0.024,4.2,0.085,0.05,0.8,0.092,27.9,9.6,0.017,8.046,Condiments & Sauces
tomato ketchup mp,15,0.0,4.0,4.0,0.0,0.2,0.0,0.0,0.0,0.0,0.0,0.0,0.0,0.0,0.0,0.0,0.0,0.0,0.0,0.0,0.0,0.0,0.0,0.0,0.0,0.0,0.0,0.0,0.0,0.0,0.0,0.0,0.0,0.2,Condiments & Sauces
mayonnaise light,36,3.3,0.5,0.8,1.9,1.4,0.5,0.032,0.0,2.4,0.1,9.9,0.003,0.006,0.082,0.094,0.0,0.0,0.073,0.09,0.09,0.0,0.0,0.3,0.05,0.9,0.039,0.058,0.3,0.056,2.3,4.7,0.061,4.966,Condiments & Sauces
mayonnaise dressing,103,11.7,1.6,2.7,6.8,0.066,0.093,0.0,0.0,0.0,0.081,3.3,0.0,0.008,0.0,0.0,0.005,0.011,0.0,0.095,0.0,0.0,1.8,0.015,1.1,0.0,0.0,0.2,0.0,3.8,2.1,0.082,0.1,12.917,Condiments & Sauces
malt syrup,67,0.0,0.0,0.0,0.0,15.0,15.0,1.3,0.0,0.0,0.05,4.4,0.0,0.099,0.091,0.0,0.095,1.7,0.095,0.1,0.0,0.0,0.0,0.0,12.8,0.093,0.2,15.1,0.033,49.6,67.2,0.098,0.048,29.3,Condiments & Sauces
gravy dry,86,2.0,0.7,0.8,0.4,14.5,0.0,3.3,0.0,1.0,1.4,1.0,0.0,0.04,0.077,0.072,0.1,0.9,0.072,0.011,1.8,0.0,0.0,0.0,37.5,0.038,0.3,11.3,0.1,50.8,65.5,0.091,0.4,59.4,Condiments & Sauces
cranberry orange relish,490,0.3,0.06,0.0,0.0,127.1,0.0,0.8,0.0,0.0,0.063,146.3,0.0,0.053,0.0,0.0,0.066,0.3,0.0,0.0,49.5,0.0,0.0,0.0,30.3,0.1,0.6,11.0,0.0,22.0,104.5,0.0,0.0,208.6,Condiments & Sauces
caesar dressing,80,8.5,1.3,2.0,4.8,0.5,0.4,0.3,0.036,5.7,0.2,5.0,0.092,0.083,0.098,0.0,0.058,0.045,0.044,0.047,0.057,0.097,0.7,0.039,7.1,0.042,0.2,0.3,0.043,2.8,4.3,0.073,0.018,16.717,Condiments & Sauces
italian dressing,35,3.1,0.4,0.8,1.6,1.8,1.6,0.032,0.0,0.0,0.1,9.3,0.083,0.0,0.042,0.0,0.0,0.0,0.097,0.0,0.011,0.025,0.0,0.3,0.059,1.9,0.063,0.081,0.7,0.099,2.2,12.3,0.055,5.108,Condiments & Sauces
brown gravy instant,25,0.8,0.4,0.4,0.049,4.0,0.6,0.6,0.2,0.8,0.3,0.4,0.0,0.018,0.033,0.081,0.03,0.2,0.033,0.042,0.1,0.0,0.05,0.026,7.8,0.089,0.5,2.1,0.084,14.2,24.6,0.06,0.087,14.0,Condiments & Sauces
roquefort cheese dressing,15,1.1,0.4,0.3,0.4,0.4,0.4,0.8,0.0,0.2,0.1,11.9,0.0,0.087,0.025,0.018,0.049,0.059,0.0,0.064,0.069,0.0,0.092,0.067,13.4,0.094,0.069,1.1,0.0,12.5,0.8,0.03,0.09,15.875,Dairy & Cheese
blue cheese dressing,71,7.7,1.2,2.0,4.1,0.7,0.5,0.2,0.045,4.7,0.2,6.0,0.048,0.056,0.072,0.049,0.094,0.05,0.031,0.026,0.1,0.071,0.6,0.036,5.6,0.011,0.058,1.2,0.068,11.1,13.2,0.038,0.055,14.429,Dairy & Cheese
duck sauce,80,0.063,0.033,0.065,0.04,19.7,9.9,0.1,0.2,0.0,0.1,12.2,0.0,0.021,0.085,0.0,0.09,0.044,0.0,0.098,0.3,0.0,0.047,0.012,3.6,0.033,0.1,1.6,0.1,2.9,28.3,0.029,0.1,24.017,Poultry
au jus,38,0.5,0.2,0.2,0.048,5.9,0.0,2.8,0.0,0.0,1.1,223.0,0.0,0.04,0.045,0.032,0.1,2.1,0.076,0.023,2.4,0.0,0.0,0.0,9.4,0.2,1.4,4.7,0.5,70.8,191.2,0.02,2.4,22.4,Other
corn syrup dark,57,0.0,0.0,0.0,0.0,15.5,15.5,0.0,0.0,0.0,0.047,4.4,0.0,0.025,0.0,0.0,0.045,0.071,0.013,0.062,0.0,0.0,0.0,0.0,3.6,0.089,0.044,1.6,0.079,2.2,8.8,0.078,0.069,19.122,Condiments & Sauces
buttermilk dressing light,30,1.9,0.2,0.4,0.6,3.2,0.6,0.2,0.2,2.4,0.2,9.3,0.023,0.059,0.052,0.0,0.012,0.051,0.1,0.085,0.061,0.0,0.2,0.026,6.0,0.041,0.1,0.9,0.01,29.0,19.8,0.098,0.002,11.699,Condiments & Sauces
cider vinegar,3,0.0,0.0,0.0,0.0,0.1,0.018,0.0,0.0,0.0,0.011,14.0,0.0,0.0,0.0,0.0,0.0,0.0,0.0,0.0,0.0,0.0,0.0,0.0,1.0,0.094,0.052,0.7,0.006,1.2,10.9,0.018,0.059,1.117,Condiments & Sauces
tartar sauce,32,2.5,0.5,0.5,1.4,2.0,0.6,0.2,0.078,1.1,0.1,10.1,0.056,0.023,0.008,0.0,0.074,0.094,0.076,0.034,0.3,0.0,0.3,0.089,3.9,0.001,0.047,0.9,0.03,2.6,10.2,0.05,0.098,9.096,Condiments & Sauces
pepper hot sauce,1,0.018,0.057,0.031,0.06,0.031,0.065,0.024,0.071,0.0,0.1,4.2,0.0,0.006,0.045,0.0,0.078,0.078,0.097,0.061,3.5,0.0,0.061,0.039,0.4,0.085,0.035,0.2,0.016,0.5,6.8,0.0,0.055,4.171,Condiments & Sauces
tomato chili sauce,6,0.095,0.076,0.097,0.064,1.2,0.6,0.2,0.4,0.0,0.083,4.1,0.0,0.021,0.033,0.0,0.028,0.043,0.0,0.086,1.0,0.0,0.1,0.025,1.2,0.017,0.087,0.7,0.0,3.1,22.2,0.052,0.082,4.085,Condiments & Sauces
turkey gravy dry,26,0.5,0.1,0.2,0.2,4.6,0.0,0.7,0.0,1.0,0.3,0.3,0.013,0.026,0.087,0.045,0.011,0.2,0.029,0.03,0.015,0.0,0.0,0.0,10.2,0.053,0.2,3.1,0.003,17.8,30.0,0.073,0.01,16.335,Poultry
salsa sauce,5,0.039,0.07,0.048,0.089,1.2,0.7,0.3,0.3,0.0,0.1,16.1,0.0,0.037,0.055,0.0,0.092,0.2,0.07,0.021,0.3,0.0,0.2,0.067,5.4,0.009,0.007,2.7,0.042,5.9,49.5,0.005,0.08,7.524,Condiments & Sauces
steak sauce,16,0.004,0.0,0.0,0.0,3.7,1.7,0.2,0.3,0.0,0.3,12.1,0.0,0.01,0.044,0.0,0.081,0.2,0.0,0.036,1.2,0.0,0.2,0.015,3.2,0.087,0.2,2.9,0.084,5.6,53.0,0.085,0.02,8.815,Red Meat
molasses,58,0.068,0.052,0.021,0.068,14.9,14.9,0.0,0.0,0.0,0.007,4.4,0.0,0.017,0.0,0.0,0.044,0.2,0.2,0.1,0.0,0.0,0.0,0.0,41.0,0.093,0.9,48.4,0.3,6.2,292.8,0.056,0.08,56.848,Other
italian dressing fat free,7,0.1,0.099,0.018,0.022,1.2,1.2,0.1,0.077,0.3,0.2,12.0,0.0,0.081,0.031,0.07,0.017,0.073,0.0,0.0,0.026,0.0,0.1,0.042,4.2,0.046,0.036,0.7,0.069,15.3,14.3,0.096,0.059,5.71,Condiments & Sauces
plum sauce,35,0.2,0.094,0.007,0.1,8.1,0.0,0.2,0.1,0.0,0.1,10.2,0.0,0.075,0.032,0.0,0.066,0.2,0.092,0.094,0.021,0.0,0.0,0.0,2.3,0.044,0.3,2.3,0.046,4.2,49.2,0.1,0.029,11.246,Condiments & Sauces
chow mein stir fry master foods,26,0.2,5.5,0.6,0.0,0.0,0.0,0.0,0.0,0.0,0.0,0.0,0.0,0.0,0.0,0.0,0.0,0.0,0.0,0.0,0.0,0.0,0.0,0.0,0.0,0.0,0.0,0.0,0.0,0.0,0.0,0.0,0.0,0.2,Pasta & Noodles
beef gravy instant,25,0.6,0.3,0.2,0.08,4.1,1.6,0.7,0.3,0.7,0.3,0.3,0.1,0.085,0.065,0.009,0.027,0.026,0.012,0.1,0.01,0.0,0.002,0.021,9.4,0.067,0.4,2.7,0.091,16.0,30.2,0.049,0.082,15.598,Red Meat
horseradish,2,0.085,0.007,0.005,0.029,0.6,0.4,0.003,0.2,0.0,0.039,4.3,0.0,0.0,0.056,0.052,0.0,0.02,0.037,0.048,0.081,1.2,0.0,0.012,0.027,2.8,0.052,0.04,1.4,0.062,1.6,12.3,0.016,1.133,Other
grenadine,54,0.0,0.0,0.0,0.0,13.4,9.3,0.0,0.0,0.0,0.038,6.5,0.0,0.0,0.0,0.0,0.064,0.0,0.0,0.0,0.0,0.0,0.0,0.0,1.2,0.044,0.011,0.8,0.0,0.8,5.6,0.051,0.066,14.63,Other
tabasco sauce,1,0.002,0.051,0.086,0.089,0.006,0.067,0.045,0.013,0.0,0.075,4.5,0.0,0.056,0.059,0.0,0.066,0.091,0.081,0.0,0.2,0.0,0.014,0.031,0.6,0.017,0.019,0.6,0.038,1.1,6.0,0.063,0.089,1.054,Condiments & Sauces
sweet sour sauce,26,0.084,0.0,0.0,0.0,6.7,3.3,0.02,0.065,0.0,0.024,10.5,0.0,0.048,0.079,0.0,0.08,0.026,0.021,0.09,1.5,0.0,0.1,0.002,1.8,0.011,0.021,1.4,0.1,1.2,17.3,0.006,0.072,10.183,Condiments & Sauces
salsa verde,6,0.1,0.0,0.0,0.0,1.0,0.5,0.2,0.3,0.0,0.034,13.4,0.0,0.027,0.084,0.0,0.005,0.2,0.021,0.093,1.8,0.0,0.097,0.003,1.4,0.075,0.079,2.9,0.076,6.2,38.9,0.086,0.067,4.826,Other
miso,40,1.2,0.2,0.2,0.6,5.1,1.2,2.6,1.1,0.0,0.7,8.6,0.0,0.0,0.082,0.063,0.045,0.06,0.2,0.015,0.04,0.0,0.0,0.065,0.094,11.4,0.046,0.5,9.6,0.2,31.8,42.0,0.092,10.193,Other
sprouted soybean cooked,76,4.2,0.6,0.9,2.4,6.1,0.4,8.0,0.8,0.0,0.2,74.7,0.0,0.2,0.023,0.0,0.052,1.0,0.7,0.079,7.8,0.0,0.2,0.024,55.5,0.3,1.2,56.4,0.7,126.9,333.7,0.042,1.0,83.6,Legumes & Beans
soy flour roasted,375,18.6,2.7,4.1,10.5,28.6,6.5,29.6,8.2,0.0,0.083,3.2,0.0,0.4,0.2,0.0,0.8,2.8,1.0,0.3,0.0,0.0,1.7,0.087,159.8,1.9,4.9,313.7,1.8,404.6,1734.9,0.029,3.0,249.7,Other
soy flour low fat,330,7.8,1.1,1.3,3.7,30.7,9.3,40.0,14.1,0.0,0.085,4.1,0.0,1.0,0.3,0.0,0.2,2.6,1.4,0.9,0.0,0.0,0.5,0.023,250.8,1.4,7.2,250.8,2.8,594.0,1839.2,0.055,3.6,350.6,Other
green soybean cooked,127,5.8,0.7,1.1,2.7,9.9,0.0,11.1,3.8,0.0,0.2,61.7,0.0,0.0,0.2,0.01,0.0,0.1,1.1,0.1,0.007,15.3,0.0,0.0,0.0,130.5,0.1,2.3,54.0,0.5,142.2,485.1,0.0,30.78,Legumes & Beans
azumaya tofu vitasoy,316,16.6,2.0,4.7,9.9,9.1,1.6,32.8,2.4,0.0,0.03,331.8,0.0,0.0,0.0,0.0,0.0,0.0,0.0,0.0,0.0,0.0,0.0,0.0,711.0,0.0,5.1,0.0,0.0,0.0,0.0,0.0,0.0,777.0,Plant-Based Protein
soy proteins isolate,96,1.0,0.1,0.2,0.5,2.1,0.0,22.8,1.6,0.0,0.3,1.4,0.0,0.037,0.01,0.0,0.085,0.4,0.079,0.006,0.0,0.0,0.0,0.0,50.4,0.5,4.1,11.0,0.4,219.6,22.9,0.011,1.1,82.0,Other
tofu yogurt,246,4.7,0.7,1.0,2.7,41.8,3.2,9.2,0.5,0.0,0.03,203.1,0.0,0.0,0.2,0.004,0.0,0.027,0.6,0.0,0.048,6.6,0.0,0.8,0.013,309.2,0.2,2.8,104.8,0.0,99.6,123.1,0.068,56.57,Plant-Based Protein
bacon meatless,446,42.5,6.7,10.2,22.2,9.1,0.0,15.4,3.7,0.0,2.1,70.5,0.0,6.3,0.047,0.0,0.7,10.9,0.2,0.7,0.0,0.0,9.9,0.0,33.1,0.2,3.5,27.4,0.3,100.8,244.8,0.004,0.6,107.3,Plant-Based Protein
meatless chicken fried,304,16.6,1.5,4.2,6.0,11.1,0.0,27.7,5.6,0.0,0.5,73.4,0.0,1.7,0.017,0.038,0.5,16.6,0.0,1.1,0.0,0.0,2.5,0.0,54.6,0.7,5.0,15.6,0.0,318.5,390.0,0.037,0.8,120.6,Plant-Based Protein
soymilk,109,4.8,0.5,1.0,2.9,8.4,6.1,7.1,1.0,0.0,0.1,221.1,0.0,0.0,0.2,0.007,0.061,0.5,8.0,0.0,0.6,17.5,0.069,6.1,0.0,340.2,0.3,1.2,0.0,0.0,0.0,342.6,0.099,22.2,Other
soy vermicelli,463,0.1,0.092,0.005,0.093,115.2,24.4,0.1,5.5,0.0,0.032,16.7,0.0,0.0,0.0,0.0,0.0,0.0,0.0,0.0,0.0,0.0,0.7,0.019,77.0,2.7,2.5,2.8,0.0,28.0,4.2,0.017,5.9,200.4,Other
tofu fried,35,2.6,0.4,0.6,1.5,1.2,0.4,2.4,0.5,0.0,0.021,6.6,0.0,0.0,0.01,0.036,0.0,0.054,0.073,0.041,0.094,0.0,0.0,0.011,0.099,48.4,0.051,0.6,7.8,0.2,37.3,19.0,0.038,6.832,Plant-Based Protein
tempeh,320,17.9,3.7,5.0,6.4,15.6,0.0,30.8,0.0,0.0,0.068,99.0,0.0,0.1,0.086,0.096,0.6,4.4,0.5,0.4,0.0,0.0,0.0,0.0,184.3,0.9,4.5,134.5,2.2,441.6,683.9,0.0,1.9,253.1,Plant-Based Protein
koyadofu,81,5.2,0.7,1.1,2.9,1.7,0.0,8.9,1.2,0.0,0.081,1.0,0.0,0.0,0.021,0.078,0.0,0.041,0.2,0.011,0.029,0.1,0.0,0.0,0.0,61.9,0.2,1.7,10.0,0.6,82.1,3.4,0.04,17.237,Other
meatless meatloaf,110,5.0,0.8,1.2,2.6,4.5,0.7,11.8,2.6,0.0,0.3,32.5,0.0,0.5,0.066,0.062,0.3,5.6,0.0,0.7,0.0,0.0,1.0,0.0,16.2,0.4,1.2,10.1,0.0,192.6,100.8,0.02,1.0,41.3,Plant-Based Protein
soya vanille joghurt alpro,21,0.6,0.1,2.7,2.6,1.0,0.09,0.3,0.0,0.0,0.0,0.0,0.0,0.0,0.0,0.0,0.0,0.0,0.0,0.0,0.0,0.0,0.0,0.0,0.0,0.0,0.0,0.0,0.0,0.0,0.0,0.0,0.0,1.9,Other
soybean curd cheese,340,18.2,2.6,4.0,10.3,15.5,3.6,28.1,0.0,0.0,0.094,159.5,0.0,0.0,0.006,0.0,0.3,1.1,0.3,0.2,0.0,0.0,1.4,0.011,423.0,0.9,12.6,513.0,2.0,499.5,447.8,0.068,3.9,497.4,Plant-Based Protein
soy sauce,8,0.054,0.025,0.059,0.099,0.8,0.097,1.3,0.1,0.0,0.9,11.4,0.0,0.0,0.012,0.04,0.0,0.073,0.4,0.046,0.01,0.0,0.0,0.0,0.0,5.3,0.031,0.2,11.8,0.2,26.6,69.6,0.087,2.293,Condiments & Sauces
soybean dry roasted,419,20.1,2.9,4.4,11.4,30.4,0.0,36.8,7.5,0.0,0.077,0.7,0.0,0.4,0.2,0.0,0.7,1.0,0.4,0.2,4.3,0.0,0.0,0.076,130.2,1.0,3.7,212.0,2.0,603.6,1268.5,0.028,4.4,233.0,Legumes & Beans
soybean oil,120,13.6,2.1,3.1,7.9,0.0,0.0,0.0,0.0,0.0,0.0,0.0,0.0,0.0,0.0,0.0,0.0,0.0,0.0,0.0,0.0,0.0,1.1,0.064,0.0,0.0,0.048,0.0,0.0,0.0,0.0,0.0,0.095,13.67,Legumes & Beans
meatless chicken,376,21.4,3.1,4.6,12.2,6.1,0.0,39.7,6.0,0.0,1.2,98.9,0.0,0.1,0.1,0.068,0.4,2.4,1.0,1.2,0.0,0.0,4.5,0.0,58.8,1.2,5.5,28.6,2.0,562.8,90.7,0.012,1.2,137.5,Plant-Based Protein
soybean cooked,296,15.4,2.2,3.4,8.7,17.1,5.2,28.6,10.3,0.0,0.075,107.6,0.0,0.0,0.3,0.022,0.0,0.5,0.7,0.3,0.4,2.9,0.0,0.6,0.099,175.4,0.7,8.8,147.9,1.4,421.4,885.8,0.064,72.517,Legumes & Beans
soymilk nonfat,68,0.046,0.0,0.0,0.046,10.1,8.9,6.0,0.5,0.0,0.1,225.2,0.1,0.064,0.092,0.063,0.4,0.8,0.0,0.084,0.0,0.071,0.2,0.063,281.9,0.3,0.9,24.3,0.0,211.4,255.2,0.046,0.2,299.508,Other
soy flour,23,1.1,0.2,0.2,0.6,1.8,0.4,1.8,0.5,0.0,0.023,0.3,0.0,0.0,0.062,0.058,0.0,0.002,0.2,0.069,0.009,0.0,0.0,0.1,0.061,10.7,0.2,0.3,22.3,0.1,25.7,130.8,0.086,5.488,Other
soybean lecithin oil,104,13.6,2.0,1.5,6.2,0.0,0.0,0.0,0.0,0.0,0.0,0.0,0.0,0.0,0.0,0.0,0.0,0.0,0.0,0.0,0.0,0.0,1.1,0.015,0.0,0.0,0.0,0.0,0.0,0.0,0.0,0.0,0.0,13.6,Legumes & Beans
soy chips,109,2.1,0.3,0.5,1.1,15.0,0.5,7.5,1.0,0.0,0.2,2.4,0.0,0.02,0.098,0.0,0.076,0.8,0.4,0.1,0.0,0.0,0.3,0.048,48.4,0.7,1.5,48.1,0.6,2.0,2.0,0.099,0.4,75.5,Plant-Based Protein
soy proteins concentrate,93,0.1,0.04,0.092,0.099,7.2,0.0,18.0,1.6,0.0,0.3,1.6,0.0,0.076,0.087,0.0,0.078,0.2,0.007,0.015,0.0,0.0,0.0,0.0,102.7,0.3,3.1,39.6,1.2,237.4,127.4,0.019,1.2,132.7,Other
soybean margarine,34,3.8,0.8,1.8,1.0,0.043,0.0,0.052,0.0,0.0,0.005,0.7,0.067,0.06,0.013,0.049,0.051,0.033,0.012,0.054,0.077,0.0,0.1,0.0,1.4,0.0,0.0,0.1,0.0,1.1,2.0,0.0,0.0,5.309,Legumes & Beans
chocolate soymilk nonfat,107,0.046,0.0,0.0,0.012,20.7,8.9,6.0,0.5,0.0,0.1,214.8,0.1,0.001,0.03,0.005,0.4,1.2,0.0,0.037,0.0,0.062,0.3,0.021,281.9,0.5,0.9,24.3,0.0,211.4,255.2,0.027,0.2,310.107,Desserts & Sweets
okara,93,2.1,0.2,0.4,0.9,15.3,0.0,3.9,0.0,0.0,0.07,99.6,0.0,0.0,0.035,0.017,0.0,0.063,0.1,0.1,0.1,0.0,0.0,0.0,0.0,97.6,0.2,1.6,31.7,0.5,73.2,259.9,0.048,21.6,Other
meatless meatballs,284,13.0,2.1,3.2,6.7,11.5,1.8,30.2,6.6,0.0,0.8,83.5,0.0,1.4,0.1,0.073,0.3,3.6,0.7,0.3,0.0,0.0,2.5,0.0,36.0,1.0,3.1,25.9,0.0,495.4,259.2,0.016,2.6,100.4,Plant-Based Protein
vanilla soymilk,131,4.3,0.5,1.0,2.3,15.3,9.7,7.9,1.5,0.0,0.1,214.0,0.0,0.1,0.032,0.0,0.2,1.2,0.9,0.2,0.0,0.0,0.3,0.042,60.8,0.3,1.6,60.8,0.5,126.4,286.7,0.08,0.3,91.4,Other
soymilk low fat,104,1.5,0.0,0.5,1.0,17.5,8.5,4.0,1.9,0.0,0.04,218.4,0.0,0.0,0.0,0.0,0.0,0.0,0.0,0.0,0.0,0.032,0.0,0.0,199.3,0.0,1.1,0.0,0.0,150.7,155.5,0.0,0.0,225.3,Other
tempeh cooked,55,3.2,1.0,1.1,0.7,2.6,0.0,5.1,0.0,0.0,0.084,16.9,0.0,0.021,0.022,0.07,0.1,0.6,0.1,0.079,0.0,0.0,0.0,0.0,27.2,0.2,0.6,21.8,0.4,71.6,113.5,0.0,0.4,38.7,Plant-Based Protein
vanilla soymilk light,83,2.1,0.2,0.6,1.4,9.4,1.0,6.4,1.5,0.0,0.2,223.6,0.0,0.0,0.062,0.09,0.4,0.0,0.0,0.0,0.0,0.025,0.0,0.0,298.9,0.0,1.1,31.6,0.0,250.3,284.3,0.0,0.2,319.4,Other
chocolate soymilk,153,3.7,0.6,0.9,2.0,24.2,19.1,5.5,1.0,0.0,0.1,208.0,0.0,0.2,0.098,0.079,0.056,0.6,1.2,0.2,0.2,4.1,0.026,0.3,0.074,306.2,0.5,1.2,36.5,0.0,123.9,347.5,0.023,35.156,Desserts & Sweets
soy oil,120,13.6,3.4,8.3,1.3,0.0,0.0,0.0,0.0,0.0,0.0,0.0,0.0,0.0,0.0,0.0,0.0,0.0,0.0,0.0,0.0,0.0,1.1,0.076,0.0,0.0,0.0,0.0,0.0,0.0,0.0,0.0,0.0,13.6,Oils & Fats
natto,169,8.8,1.3,1.9,5.0,11.5,3.9,14.2,4.3,0.0,0.026,44.0,0.0,0.0,0.1,0.089,0.0,0.2,0.0,0.2,0.1,10.4,0.0,0.009,0.085,173.6,0.5,6.9,92.0,1.2,139.2,583.2,0.033,39.429,Plant-Based Protein
gourd cooked,100,0.6,0.035,0.1,0.3,25.5,9.2,1.2,5.2,0.0,0.065,150.0,0.0,0.0,0.092,0.036,0.0,0.036,0.5,0.9,0.2,10.1,0.0,0.4,0.03,16.0,0.2,0.6,35.6,0.4,55.2,806.3,0.021,32.903,Other
napa cabbage cooked,13,0.2,0.0,0.0,0.0,2.4,0.0,1.2,0.0,0.0,0.012,105.0,0.0,0.051,0.094,0.0,0.096,0.5,0.07,0.052,3.5,0.0,0.0,0.0,31.6,0.1,0.8,8.7,0.2,20.7,94.8,0.025,0.2,39.7,Vegetables
kelp,2,0.067,0.037,0.064,0.044,0.5,0.069,0.07,0.018,0.0,0.019,4.1,0.0,0.031,0.006,0.0,0.005,0.027,0.061,0.07,0.2,0.0,0.04,0.015,8.4,0.021,0.1,6.1,0.017,2.1,4.5,0.07,0.038,9.303,Other
jute cooked,32,0.2,0.004,0.022,0.022,6.3,0.9,3.2,1.7,0.0,0.043,75.8,0.0,0.021,0.076,0.0,0.2,0.8,0.02,0.5,28.7,0.0,0.083,0.059,183.6,0.2,2.7,53.9,0.1,62.6,478.5,0.052,0.7,226.4,Other
red lettuce,4,0.08,0.036,0.056,0.024,0.6,0.1,0.4,0.3,0.0,0.057,26.8,0.0,0.0,0.041,0.007,0.0,0.061,0.097,0.1,0.026,1.0,0.0,0.067,0.021,9.2,0.093,0.3,3.4,0.095,7.8,52.4,0.044,1.595,Vegetables
broccoli cooked,98,1.1,0.2,0.1,0.5,20.1,3.9,6.7,9.2,0.0,0.1,249.9,0.0,0.0,0.2,0.3,0.0,0.3,1.5,1.7,0.6,181.7,0.0,4.1,0.4,112.0,0.2,1.9,58.8,0.5,187.6,820.4,0.008,38.3,Vegetables
lemongrass citronella,5,0.076,0.067,0.091,0.082,1.2,0.0,0.038,0.0,0.0,0.024,3.4,0.0,0.05,0.011,0.0,0.097,0.018,0.082,0.034,0.1,0.0,0.0,0.0,3.1,0.082,0.4,2.9,0.3,4.8,34.7,0.031,0.1,4.937,Other
pumpkin cooked,49,0.2,0.019,0.1,0.085,12.0,5.1,1.8,2.7,0.0,0.006,229.5,0.0,0.0,0.004,0.057,0.0,0.2,1.0,0.5,0.1,11.5,0.0,2.0,0.098,36.8,0.2,1.4,22.1,0.2,73.5,563.5,0.054,17.005,Vegetables
celery cooked,7,0.098,0.064,0.018,0.024,1.5,0.9,0.3,0.6,0.0,0.093,35.3,0.0,0.081,0.021,0.0,0.071,0.1,0.049,0.022,2.3,0.0,0.1,0.061,15.8,0.08,0.2,4.5,0.025,9.4,106.5,0.086,0.098,20.767,Vegetables
serrano pepper,2,0.075,0.072,0.002,0.028,0.4,0.2,0.1,0.2,0.0,0.067,5.5,0.0,0.0,0.09,0.015,0.0,0.009,0.059,0.095,0.099,2.7,0.0,0.088,0.021,0.7,0.063,0.083,1.3,0.058,2.4,18.6,0.047,0.902,Vegetables
sweet potato leaves cooked,22,0.2,0.099,0.008,0.006,4.7,3.5,1.4,1.2,0.0,0.2,57.1,0.0,0.057,0.016,0.0,0.2,0.6,0.1,0.1,1.0,0.0,0.6,0.012,21.1,0.008,0.4,30.7,0.1,25.6,199.7,0.083,0.2,30.0,Vegetables
eggplant cooked,33,0.2,0.049,0.056,0.09,8.1,3.2,0.8,2.5,0.0,0.2,88.8,0.0,0.066,0.086,0.0,0.028,0.6,0.008,0.081,1.3,0.0,0.4,0.021,5.9,0.042,0.2,10.9,0.1,14.9,121.8,0.0,0.1,19.0,Vegetables
asparagus cooked,3,0.074,0.004,0.0,0.063,0.6,0.2,0.4,0.3,0.0,0.0,13.9,0.0,0.0,0.065,0.036,0.0,0.025,0.2,0.036,0.022,1.2,0.0,0.2,0.099,3.5,0.031,0.1,2.1,0.063,8.1,33.6,0.049,1.458,Vegetables
rutabaga cooked,72,0.4,0.007,0.037,0.2,16.4,9.5,2.2,4.3,0.0,0.049,219.7,0.0,0.2,0.069,0.0,0.091,1.7,0.4,0.2,45.1,0.0,0.6,0.03,43.2,0.052,0.4,24.0,0.2,98.4,518.4,0.022,0.3,112.0,Other
sour pickles,17,0.3,0.079,0.018,0.1,3.5,1.6,0.5,1.9,0.0,1.9,145.8,0.0,0.0,0.013,0.0,0.006,0.0,0.069,0.096,1.6,0.0,0.1,0.038,0.0,0.1,0.6,6.2,0.036,21.7,35.7,0.0,0.079,8.4,Other
turnip greens cooked,29,0.3,0.091,0.065,0.1,6.3,0.8,1.6,5.0,0.0,0.4,134.2,0.0,0.077,0.2,0.0,0.1,0.6,0.4,0.3,39.5,0.0,2.7,0.5,197.3,0.4,1.2,31.7,0.5,41.8,292.3,0.013,0.2,251.2,Vegetables
jerusalem artichokes,110,0.047,0.0,0.065,0.036,26.2,14.4,3.0,2.4,0.0,0.011,117.0,0.0,0.3,0.052,0.0,0.049,2.0,0.6,0.1,6.0,0.0,0.3,0.014,21.0,0.2,5.1,25.5,0.014,117.0,643.5,0.083,0.2,63.742,Other
chrysanthemum cooked,20,0.036,0.0,0.0,0.0,4.3,2.0,1.6,2.3,0.0,0.042,92.5,0.0,0.0,0.086,0.092,0.0,0.2,0.7,0.061,0.1,23.9,0.0,2.5,0.1,69.0,0.1,3.7,18.0,0.4,43.0,569.0,0.001,8.597,Other
oriental radish dried,314,0.8,0.3,0.1,0.4,73.5,43.3,9.2,27.7,0.0,0.3,22.8,0.0,0.3,0.3,0.0,0.8,3.9,2.2,0.7,0.0,0.0,0.008,0.031,729.6,1.9,7.8,197.2,0.6,236.6,4053.0,0.091,2.5,848.6,Vegetables
tomatillos,42,1.3,0.2,0.2,0.6,7.7,5.2,1.3,2.5,0.0,0.019,121.0,0.0,0.088,0.093,0.0,0.099,2.4,0.2,0.074,15.4,0.0,0.5,0.033,9.2,0.1,0.8,26.4,0.2,51.5,353.8,0.055,0.3,38.2,Other
leeks dried,10,0.026,0.08,0.055,0.031,2.4,0.0,0.5,0.3,0.0,0.077,0.018,0.0,0.056,0.089,0.0,0.008,0.1,0.076,0.023,3.8,0.0,0.0,0.0,11.5,0.047,0.2,5.2,0.014,11.1,76.8,0.092,0.096,18.709,Other
sweet red peppers cooked,19,0.1,0.012,0.094,0.087,4.5,3.2,0.7,0.9,0.0,0.2,67.1,0.0,0.041,0.055,0.0,0.049,0.3,0.066,0.2,124.8,0.0,1.2,0.016,6.6,0.069,0.3,7.3,0.023,13.1,121.2,0.059,0.055,137.9,Vegetables
cucumber peeled,16,0.2,0.1,0.068,0.087,2.9,1.8,0.8,0.9,0.0,0.098,128.7,0.0,0.0,0.049,0.066,0.0,0.095,0.048,0.3,0.082,4.3,0.0,0.006,0.052,18.6,0.018,0.3,16.0,0.058,27.9,180.9,0.027,4.903,Vegetables
peas onions cooked,81,0.4,0.055,0.049,0.2,15.5,6.8,4.6,4.0,0.0,0.5,158.7,0.0,0.3,0.078,0.0,0.1,1.9,0.2,0.2,12.4,0.0,0.019,0.053,25.2,0.1,1.7,23.4,0.3,61.2,210.6,0.042,0.5,63.8,Other
tomato cooked,22,0.1,0.086,0.069,0.041,4.9,3.1,1.2,0.9,0.0,0.029,116.0,0.0,0.0,0.054,0.052,0.0,0.074,0.7,0.2,0.096,28.0,0.0,0.7,0.054,13.5,0.052,0.8,11.1,0.1,34.4,268.1,0.0,7.36,Vegetables
taro shoots cooked,20,0.1,0.068,0.003,0.037,4.5,0.0,1.0,0.0,0.0,0.3,133.4,0.0,0.024,0.014,0.0,0.035,1.1,0.1,0.2,26.5,0.0,0.0,0.0,19.6,0.1,0.6,11.2,0.2,36.4,481.6,0.083,0.8,52.3,Other
sweet pickles,146,0.7,0.1,0.021,0.2,33.8,29.2,0.9,1.6,0.0,0.7,121.9,0.0,0.079,0.077,0.0,0.006,0.2,0.037,0.005,1.1,0.0,0.6,0.018,97.6,0.021,0.4,11.2,0.1,28.8,160.0,0.0,0.2,136.1,Other
oriental radish cooked,25,0.4,0.1,0.026,0.2,5.0,2.7,1.0,2.4,0.0,0.4,139.7,0.0,0.0,0.059,0.0,0.089,0.2,0.2,0.021,22.2,0.0,0.0,0.016,25.0,0.1,0.2,13.2,0.041,35.3,419.0,0.019,0.2,56.2,Vegetables
irishmoss,2,0.049,0.06,0.096,0.091,0.6,0.098,0.037,0.082,0.0,0.084,4.1,0.0,0.004,0.02,0.0,0.027,0.009,0.036,0.061,0.2,0.0,0.04,0.012,3.6,0.055,0.4,7.2,0.029,7.9,3.2,0.098,0.052,4.975,Other
drumstick leaves cooked,25,0.4,0.0,0.0,0.0,4.7,0.4,2.2,0.8,0.0,0.1,34.3,0.0,0.041,0.091,0.0,0.2,0.8,0.007,0.4,13.0,0.0,0.084,0.085,63.4,0.004,1.0,63.4,0.4,28.1,144.5,0.042,0.2,85.5,Other
chicory greens,7,0.096,0.078,0.06,0.018,1.4,0.2,0.5,1.2,0.0,0.017,26.7,0.0,0.0,0.033,0.021,0.0,0.008,0.1,0.3,0.062,7.0,0.0,0.7,0.079,29.0,0.081,0.3,8.7,0.1,13.6,121.8,0.015,3.279,Vegetables
spinach cooked,41,0.5,0.042,0.01,0.2,6.8,0.8,5.3,4.3,0.0,0.1,164.2,0.0,0.0,0.2,0.3,0.0,0.4,0.9,0.3,0.4,17.6,0.0,3.7,0.9,244.8,0.3,6.4,156.6,1.7,100.8,838.8,0.029,18.5,Vegetables
radish pickled,42,0.5,0.1,0.068,0.2,7.8,3.0,1.7,3.3,0.0,1.2,137.3,0.0,0.054,0.001,0.0,0.021,0.5,0.3,0.2,0.0,0.0,0.0,0.008,42.0,0.3,0.3,12.0,0.072,46.5,499.5,0.054,0.3,55.6,Vegetables
sweet onion,106,0.3,0.0,0.0,0.0,25.0,16.6,2.6,3.0,0.0,0.063,302.0,0.0,0.0,0.1,0.047,0.0,0.062,0.4,0.3,0.4,15.9,0.0,0.038,0.033,66.2,0.2,0.9,29.8,0.3,89.4,393.9,0.067,31.6,Vegetables
salsify cooked,92,0.2,0.0,0.0,0.0,20.7,3.9,3.7,4.2,0.0,0.028,109.4,0.0,0.042,0.031,0.0,0.2,0.5,0.4,0.3,6.2,0.0,0.3,0.099,63.5,0.05,0.7,24.3,0.3,75.6,382.1,0.002,0.4,99.2,Other
radish seeds sprouted,16,1.0,0.3,0.2,0.4,1.4,0.0,1.4,0.0,0.0,0.067,34.2,0.0,0.006,0.077,0.0,0.054,1.1,0.3,0.1,11.0,0.0,0.0,0.0,19.4,0.07,0.3,16.7,0.082,42.9,32.7,0.073,0.2,34.5,Vegetables
red cabbage cooked,49,0.2,0.058,0.001,0.095,11.8,5.6,2.6,4.4,0.0,0.047,154.4,0.0,0.0,0.1,0.098,0.0,0.1,0.6,0.3,0.4,18.4,0.0,0.2,0.049,71.4,0.032,1.1,28.9,0.4,56.1,445.4,0.068,19.534,Vegetables
hot chile pepper dried,2,0.054,0.001,0.011,0.077,0.3,0.2,0.054,0.1,0.0,0.041,0.087,0.0,0.071,0.048,0.0,0.028,0.085,0.091,0.023,0.2,0.0,0.079,0.046,0.2,0.016,0.062,0.4,0.076,0.8,9.4,0.043,0.059,1.07,Vegetables
indian squash cooked,38,0.4,0.0,0.0,0.0,7.6,4.7,0.7,3.5,0.0,0.0,226.1,0.0,0.064,0.098,0.0,0.016,0.2,0.1,0.025,0.0,0.0,0.0,0.0,0.0,0.0,0.0,0.0,0.0,0.0,0.0,0.0,0.0,12.2,Vegetables
poi,269,0.3,0.063,0.058,0.1,65.4,0.9,0.9,1.0,0.0,0.091,171.9,0.0,0.0,0.3,0.08,0.0,0.031,2.6,0.7,0.7,9.6,0.0,5.5,0.022,38.4,0.4,2.1,57.6,0.9,93.6,439.2,0.098,68.761,Other
sesbania flower cooked,22,0.007,0.0,0.0,0.0,5.3,0.0,1.2,0.0,0.0,0.3,97.0,0.0,0.028,0.005,0.0,0.012,0.3,0.0,0.0,38.5,0.0,0.0,0.0,22.9,0.0,0.6,12.5,0.0,21.8,111.3,0.025,0.0,68.544,Other
acorn squash cooked,115,0.3,0.023,0.072,0.1,29.9,0.0,2.3,9.0,0.0,0.5,169.9,0.0,0.3,0.031,0.0,0.008,1.8,1.0,0.4,22.1,0.0,0.0,0.0,90.2,0.2,1.9,88.2,0.5,92.3,895.9,0.07,0.3,155.7,Vegetables
cauliflower cooked,29,0.6,0.055,0.019,0.3,5.1,2.6,2.3,2.9,0.0,0.094,115.3,0.0,0.0,0.008,0.062,0.0,0.056,0.5,0.6,0.2,54.9,0.0,0.004,0.068,19.8,0.041,0.4,11.2,0.2,39.7,176.1,0.059,11.26,Other
crookneck squash cooked,34,0.7,0.1,0.089,0.2,6.8,4.5,1.9,2.0,0.0,0.4,169.7,0.0,0.072,0.014,0.0,0.049,0.9,0.6,0.1,20.9,0.0,0.2,0.002,39.6,0.1,0.7,28.8,0.3,52.2,318.6,0.059,0.4,72.6,Vegetables
laver seaweed,1,0.012,0.066,0.045,0.052,0.1,0.071,0.2,0.09,0.0,0.075,2.2,0.0,0.005,0.089,0.0,0.096,0.057,0.068,0.013,1.0,0.0,0.062,0.052,1.8,0.073,0.087,0.049,0.021,1.5,9.3,0.08,0.09,3.176,Other
mountain yam cooked,119,0.1,0.014,0.007,0.099,29.0,0.0,2.5,0.0,0.0,0.4,111.9,0.0,0.1,0.089,0.0,0.081,0.2,0.7,0.3,0.0,0.0,0.0,0.0,11.6,0.2,0.6,14.5,0.4,58.0,717.8,0.026,0.5,43.8,Vegetables
arrowhead,12,0.084,0.0,0.0,0.0,2.4,0.0,0.6,0.0,0.0,0.082,8.7,0.0,0.029,0.06,0.0,0.084,0.2,0.09,0.012,0.1,0.0,0.0,0.0,1.2,0.066,0.3,6.1,0.072,20.9,110.6,0.09,0.094,4.68,Other
japanese cabbage,45,0.2,0.092,0.081,0.092,8.5,2.0,2.4,4.7,0.0,0.4,137.1,0.0,0.0,0.094,0.0,0.029,0.3,0.3,0.2,1.1,0.0,0.2,0.2,72.0,0.037,0.7,18.0,0.4,64.5,1279.5,0.008,0.3,89.6,Vegetables
mung bean sprouts cooked,24,0.1,0.05,0.007,0.062,4.5,3.5,2.5,1.0,0.0,0.3,115.8,0.0,0.02,0.092,0.0,0.1,1.0,0.3,0.032,14.1,0.0,0.061,0.039,14.9,0.2,0.8,17.4,0.2,34.7,125.2,0.0,0.6,37.9,Legumes & Beans
scallop squash cooked,29,0.3,0.034,0.081,0.1,5.9,2.7,1.9,3.4,0.0,0.4,171.0,0.0,0.085,0.037,0.0,0.036,0.8,0.1,0.2,19.4,0.0,0.2,0.035,27.0,0.1,0.6,34.2,0.2,50.4,252.0,0.055,0.4,58.5,Seafood
pumpkin leaves cooked,15,0.2,0.092,0.017,0.093,2.4,0.5,1.9,1.9,0.0,0.2,65.7,0.0,0.096,0.027,0.0,0.053,0.6,0.078,0.1,0.7,0.0,0.7,0.049,30.5,0.029,2.3,27.0,0.3,56.1,311.0,0.083,0.1,39.9,Vegetables
hungarian pepper,8,0.1,0.082,0.086,0.099,1.8,1.0,0.2,0.3,0.0,0.028,24.7,0.0,0.021,0.053,0.0,0.008,0.3,0.064,0.1,25.1,0.0,0.1,0.064,3.2,0.017,0.1,4.3,0.007,7.8,54.5,0.058,0.047,30.8,Vegetables
sweet potato baked,103,0.2,0.013,0.072,0.1,23.6,7.4,2.3,3.8,0.0,0.07,86.4,0.0,0.1,0.043,0.0,0.1,1.7,1.0,0.3,22.3,0.0,0.8,0.04,43.3,0.2,0.8,30.8,0.6,61.6,541.5,0.03,0.4,96.3,Vegetables
yam bean jicama,49,0.1,0.061,0.088,0.093,11.5,2.3,0.9,6.4,0.0,0.047,117.1,0.0,0.075,0.061,0.0,0.017,0.3,0.2,0.02,26.3,0.0,0.6,0.019,15.6,0.061,0.8,15.6,0.012,23.4,195.0,0.045,0.2,61.6,Legumes & Beans
olives,10,0.9,0.2,0.6,0.043,0.5,0.0,0.09,0.1,0.0,0.001,6.7,0.0,0.06,0.0,0.0,0.0,0.022,0.056,0.086,0.03,0.0,0.1,0.042,7.4,0.068,0.5,0.3,0.089,0.3,0.7,0.01,0.085,9.479,Other
mustard greens cooked,36,0.7,0.053,0.2,0.008,6.3,2.0,3.6,2.8,0.0,0.4,128.5,0.0,0.008,0.007,0.0,0.042,0.6,0.2,0.1,35.4,0.0,2.5,0.8,165.2,0.1,1.2,18.2,0.0,58.8,226.8,0.059,0.2,215.2,Condiments & Sauces
pumpkin flowers cooked,20,0.1,0.057,0.007,0.084,4.4,3.2,1.5,1.2,0.0,0.082,127.6,0.0,0.019,0.049,0.0,0.041,0.4,0.0,0.094,6.7,0.0,0.061,0.0,49.6,0.1,1.2,33.5,0.0,45.6,142.0,0.007,0.1,64.7,Vegetables
tree fern cooked,57,0.096,0.0,0.0,0.0,15.3,0.0,0.4,5.3,0.0,0.3,125.8,0.0,0.0,0.031,0.0,0.4,5.0,0.083,0.3,42.6,0.0,0.0,0.0,11.4,0.3,0.2,7.1,0.8,5.7,7.1,0.085,0.4,75.253,Other
endive,9,0.1,0.022,0.044,0.072,1.7,0.1,0.6,1.6,0.0,0.08,46.9,0.0,0.092,0.065,0.0,0.017,0.2,0.5,0.095,3.3,0.0,0.2,0.1,26.0,0.002,0.4,7.5,0.2,14.0,157.0,0.085,0.4,33.7,Other
wakame,36,0.5,0.1,0.002,0.2,7.3,0.5,2.4,0.4,0.0,0.7,64.0,0.0,0.087,0.2,0.0,0.2,1.3,0.6,0.07,2.4,0.0,0.8,0.039,120.0,0.2,1.7,85.6,1.1,64.0,40.0,0.035,0.3,134.7,Other
chinese cabbage pak choi cooked,20,0.3,0.014,0.046,0.1,3.0,1.4,2.7,1.7,0.0,0.5,162.4,0.0,0.068,0.012,0.0,0.1,0.7,0.1,0.3,44.2,0.0,0.2,0.049,158.1,0.088,1.8,18.7,0.2,49.3,630.7,0.055,0.3,211.8,Vegetables
agar,1,0.058,0.087,0.01,0.028,0.3,0.005,0.053,0.027,0.0,0.049,4.6,0.0,0.0,0.027,0.08,0.0,0.097,0.006,0.091,0.066,0.0,0.0,0.003,0.075,2.7,0.002,0.046,3.4,0.027,0.3,11.3,0.1,0.587,Other
watercress,4,0.006,0.071,0.027,0.0,0.4,0.099,0.8,0.2,0.0,0.038,32.3,0.0,0.0,0.028,0.085,0.0,0.034,0.003,0.1,0.085,14.6,0.0,0.3,0.069,40.8,0.063,0.056,7.1,0.048,20.4,112.2,0.095,1.59,Other
beet greens cooked,39,0.3,0.025,0.067,0.1,7.9,0.9,3.7,4.2,0.0,0.3,128.3,0.0,0.2,0.009,0.0,0.4,0.7,0.5,0.2,35.9,0.0,2.6,0.7,164.2,0.4,2.7,97.9,0.7,59.0,1309.0,0.097,0.7,218.9,Vegetables
winter squash cooked,76,0.7,0.1,0.083,0.3,18.1,6.8,1.8,5.7,0.0,0.068,182.9,0.0,0.017,0.009,0.0,0.1,1.0,0.5,0.3,3.7,0.0,0.2,0.036,45.1,0.2,0.9,26.7,0.4,39.0,494.1,0.086,0.5,76.0,Vegetables
okra,4,0.082,0.001,0.019,0.053,0.9,0.2,0.2,0.4,0.0,0.098,10.7,0.0,0.041,0.067,0.0,0.024,0.1,0.018,0.044,2.7,0.0,0.001,0.085,9.8,0.038,0.082,6.8,0.031,7.3,35.6,0.066,0.04,14.081,Vegetables
yautia tannier,132,0.5,0.1,0.0,0.0,31.9,0.0,2.0,2.0,0.0,0.031,98.6,0.0,0.1,0.015,0.0,0.071,0.9,0.3,0.3,7.0,0.0,0.0,0.0,12.2,0.3,1.3,32.4,0.3,68.9,807.3,0.001,0.7,56.9,Other
mustard spinach cooked,29,0.4,0.0,0.0,0.0,5.0,0.0,3.1,3.6,0.0,0.5,170.1,0.0,0.081,0.1,0.0,0.1,0.8,0.2,0.2,117.0,0.0,0.0,0.0,284.4,0.05,1.4,12.6,0.5,32.4,513.0,0.018,0.2,414.9,Condiments & Sauces
rhubarb cooked,278,0.1,0.08,0.009,0.067,74.9,68.9,0.9,4.8,0.0,0.007,162.7,0.0,0.0,0.071,0.066,0.0,0.06,0.5,0.1,0.041,7.9,0.0,0.5,0.081,348.0,0.024,0.5,28.8,0.2,19.2,230.4,0.057,80.893,Other
baby zucchini,2,0.089,0.02,0.047,0.006,0.3,0.0,0.3,0.1,0.0,0.041,10.2,0.0,0.06,0.035,0.0,0.092,0.063,0.052,0.009,3.8,0.0,0.0,0.0,2.3,0.019,0.098,3.6,0.035,10.2,50.5,0.057,0.084,6.89,Vegetables
romanesco cooked,39,0.4,0.028,0.077,0.2,7.7,0.0,3.7,4.0,0.0,0.3,109.2,0.0,0.039,0.085,0.0,0.1,0.8,0.8,0.3,88.6,0.0,0.0,0.0,39.0,0.081,0.9,23.2,0.3,69.5,339.2,0.067,0.8,144.3,Other
amaranth leaves,6,0.075,0.072,0.033,0.025,1.1,0.0,0.7,0.0,0.0,0.071,25.7,0.0,0.046,0.029,0.0,0.042,0.2,0.039,0.009,12.1,0.0,0.0,0.3,60.2,0.052,0.6,15.4,0.2,14.0,171.1,0.058,0.3,74.73,Grains & Cereals
seaweed dry,52,0.3,0.006,0.076,0.2,9.2,0.0,3.1,7.3,6.6,0.9,2.8,0.0,0.014,0.01,0.043,0.3,0.8,0.0,0.003,5.8,0.011,1.1,0.0,59.8,0.021,13.3,138.4,1.2,52.0,588.8,0.0,0.5,98.8,Other
yam cooked,158,0.2,0.061,0.018,0.059,37.4,0.7,2.0,5.3,0.0,0.017,95.4,0.0,0.0,0.1,0.035,0.0,0.088,0.8,0.4,0.3,16.5,0.0,0.5,0.083,19.0,0.2,0.7,24.5,0.5,66.6,911.2,0.006,45.477,Vegetables
corn dried,119,3.0,0.6,1.1,1.3,18.8,6.0,4.1,5.8,0.0,0.029,1.8,0.0,0.095,0.048,0.0,0.011,2.3,0.4,0.3,0.0,0.0,0.1,0.0,7.1,0.014,0.7,42.2,0.3,97.4,219.3,0.053,0.9,39.5,Vegetables
cucumber,23,0.2,0.068,0.044,0.041,5.4,2.5,1.0,0.8,0.0,0.061,142.8,0.0,0.064,0.08,0.0,0.066,0.1,0.4,0.046,4.2,0.0,0.049,0.038,24.0,0.065,0.4,19.5,0.1,36.0,220.5,0.082,0.3,36.0,Vegetables
arrowroot,78,0.2,0.094,0.083,0.1,16.1,0.0,5.1,1.6,0.0,0.052,96.9,0.0,0.2,0.4,0.0,0.06,2.0,0.4,0.3,2.3,0.0,0.0,0.0,7.2,0.1,2.7,30.0,0.2,117.6,544.8,0.061,0.8,35.2,Other
bamboo shoots cooked,14,0.3,0.007,0.059,0.1,2.3,0.0,1.8,1.2,0.0,0.04,115.1,0.0,0.0,0.067,0.071,0.0,0.051,0.4,0.068,0.1,0.0,0.0,0.0,0.0,14.4,0.083,0.3,3.6,0.1,24.0,639.6,0.046,5.76,Vegetables
green tomato,42,0.4,0.024,0.018,0.1,9.3,7.3,2.2,2.0,0.0,0.055,169.3,0.0,0.1,0.027,0.0,0.017,0.9,0.9,0.1,42.6,0.0,0.7,0.003,23.7,0.2,0.9,18.2,0.2,51.0,371.3,0.051,0.1,81.1,Vegetables
savoy cabbage cooked,41,0.2,0.076,0.023,0.003,9.2,0.0,3.1,4.8,0.0,0.05,156.4,0.0,0.0,0.076,0.039,0.0,0.066,0.012,0.3,0.3,28.9,0.0,0.0,0.0,51.0,0.089,0.6,40.8,0.3,56.1,312.8,0.077,17.612,Vegetables
witloof chicory,9,0.031,0.076,0.077,0.027,2.1,0.0,0.5,1.6,0.0,0.022,50.1,0.0,0.029,0.016,0.0,0.068,0.015,0.053,0.096,1.5,0.0,0.0,0.0,10.1,0.083,0.1,5.3,0.063,13.8,111.8,0.035,0.079,15.994,Vegetables
turnips cooked,34,0.1,0.082,0.089,0.076,7.9,4.7,1.1,3.1,0.0,0.017,146.0,0.0,0.0,0.001,0.096,0.0,0.011,0.5,0.2,0.1,18.1,0.0,0.082,0.063,34.3,0.025,0.3,12.5,0.2,29.6,210.6,0.017,12.408,Vegetables
dried tomatoes,5,0.053,0.032,0.032,0.086,1.1,0.8,0.3,0.2,0.0,0.069,0.3,0.0,0.013,0.022,0.0,0.056,0.2,0.072,0.034,0.8,0.0,0.079,0.09,2.2,0.082,0.2,3.9,0.065,7.1,68.5,0.061,0.085,4.838,Vegetables
radicchio,15,0.2,0.031,0.048,0.024,2.9,0.4,0.9,0.6,0.0,0.033,60.5,0.0,0.039,0.039,0.0,0.077,0.2,0.2,0.048,5.2,0.0,1.5,0.2,12.4,0.2,0.4,8.5,0.087,26.0,196.3,0.042,0.4,22.6,Vegetables
mixed vegetables cooked,118,0.3,0.0,0.09,0.1,23.8,5.7,5.2,8.0,0.0,0.089,151.5,0.0,0.0,0.1,0.053,0.0,0.2,1.5,0.3,0.1,5.8,0.0,0.7,0.083,45.5,0.2,1.5,40.0,0.7,92.8,307.6,0.022,37.698,Vegetables
yellow tomato,32,0.6,0.03,0.003,0.2,6.3,0.0,2.1,1.5,0.0,0.088,202.0,0.0,0.0,0.056,0.067,0.0,0.089,2.5,0.2,0.1,19.1,0.0,0.0,0.0,23.3,0.2,1.0,25.4,0.3,76.3,547.0,0.071,10.8,Vegetables
cardoon cooked,26,0.1,0.014,0.058,0.092,6.4,0.0,0.9,2.0,0.0,0.2,112.2,0.0,0.047,0.081,0.0,0.044,0.4,0.1,0.009,2.0,0.0,0.0,0.0,86.4,0.011,0.9,51.6,0.2,27.6,470.4,0.088,0.2,98.7,Vegetables
drumstick pods cooked,42,0.2,0.0,0.0,0.0,9.7,0.0,2.5,5.0,0.0,0.3,104.3,0.0,0.08,0.039,0.0,0.037,0.7,0.8,0.1,114.5,0.0,0.0,0.0,23.6,0.028,0.5,49.6,0.3,57.8,539.3,0.028,0.5,156.0,Other
lentil sprouts,82,0.4,0.067,0.053,0.2,17.0,0.0,6.9,0.0,0.0,0.044,51.9,0.0,0.2,0.046,0.0,0.082,0.9,0.4,0.1,12.7,0.0,0.0,0.0,19.3,0.3,2.5,28.5,0.4,133.2,247.9,0.089,1.2,58.8,Legumes & Beans
red chili peppers,18,0.2,0.088,0.05,0.1,4.0,2.4,0.8,0.7,0.0,0.03,39.6,0.0,0.076,0.085,0.0,0.036,0.6,0.04,0.2,64.7,0.0,0.3,0.039,6.3,0.042,0.5,10.4,0.071,19.4,144.9,0.014,0.1,77.2,Vegetables
fennel,73,0.5,0.0,0.0,0.0,17.1,0.0,2.9,7.3,0.0,0.1,211.1,0.0,0.0,0.049,0.011,0.0,0.022,1.5,0.5,0.1,28.1,0.0,1.4,0.1,114.7,0.2,1.7,39.8,0.4,117.0,968.8,0.025,28.2,Vegetables
sweet corn white,63,0.9,0.1,0.3,0.4,13.9,2.4,2.4,2.0,0.0,0.016,55.5,0.0,0.0,0.1,0.06,0.0,0.03,1.2,0.6,0.074,5.0,0.0,0.079,0.084,1.5,0.049,0.4,27.0,0.1,65.0,197.1,0.094,19.356,Vegetables
brussels sprouts cooked,8,0.1,0.099,0.044,0.062,1.5,0.4,0.5,0.5,0.0,0.051,18.7,0.0,0.012,0.0,0.0,0.079,0.1,0.022,0.043,13.0,0.0,0.076,0.059,7.6,0.074,0.3,4.2,0.017,11.8,66.6,0.055,0.067,23.5,Vegetables
carrots cooked,16,0.092,0.096,0.074,0.008,3.8,1.6,0.3,1.4,0.0,0.025,41.5,0.0,0.053,0.063,0.0,0.051,0.3,0.1,0.036,1.7,0.0,0.5,0.036,13.8,0.036,0.2,4.6,0.084,13.8,108.1,0.021,0.073,21.214,Vegetables
lotus root cooked,6,0.056,0.029,0.092,0.016,1.4,0.0,0.1,0.3,0.0,0.0,7.2,0.0,0.023,0.015,0.0,0.022,0.007,0.083,0.053,2.4,0.0,0.0,0.0,2.3,0.032,0.059,2.0,0.042,6.9,32.3,0.029,0.097,6.591,Vegetables
scots kale cooked,36,0.5,0.014,0.0,0.3,7.3,0.0,2.5,0.0,0.0,0.4,118.6,0.0,0.068,0.042,0.0,0.056,1.0,0.08,0.2,68.6,0.0,0.0,0.0,171.6,0.2,2.5,74.1,0.5,49.4,356.2,0.037,0.3,253.0,Vegetables
corn cooked,99,1.5,0.2,0.4,0.6,21.6,4.7,3.5,2.5,0.0,0.039,75.6,0.0,0.0,0.006,0.053,0.0,0.017,1.7,0.8,0.1,5.7,0.0,0.006,0.055,3.1,0.025,0.5,26.8,0.2,79.3,224.5,0.084,29.288,Vegetables
stinging nettles,37,0.007,0.0,0.0,0.0,6.7,0.2,2.4,6.1,0.0,0.09,78.0,0.0,0.027,0.099,0.0,0.1,0.3,0.0,0.098,0.0,0.0,0.0,0.4,428.1,0.012,1.5,50.7,0.7,63.2,297.3,0.045,0.3,444.816,Other
baby carrots,5,0.053,0.015,0.043,0.002,1.2,0.7,0.031,0.4,0.0,0.097,13.6,0.0,0.002,0.035,0.0,0.035,0.095,0.09,0.092,0.4,0.0,0.0,0.053,4.8,0.089,0.1,1.5,0.001,4.2,35.6,0.081,0.025,6.999,Vegetables
sweet yellow peppers,50,0.4,0.012,0.0,0.0,11.8,0.0,1.9,1.7,0.0,0.017,171.2,0.0,0.08,0.064,0.0,0.052,1.7,0.3,0.3,341.3,0.0,0.0,0.0,20.5,0.2,0.9,22.3,0.2,44.6,394.3,0.047,0.3,378.5,Vegetables
roselle,28,0.4,0.0,0.0,0.0,6.4,0.0,0.5,0.0,0.0,0.079,49.4,0.0,0.005,0.0,0.0,0.017,0.2,0.0,0.0,6.8,0.0,0.0,0.0,122.6,0.0,0.8,29.1,0.0,21.1,118.6,0.0,0.0,137.5,Other
chicory roots,65,0.2,0.052,0.054,0.041,15.8,7.9,1.3,1.4,0.0,0.055,72.0,0.0,0.0,0.08,0.007,0.0,0.029,0.4,0.3,0.2,4.5,0.0,0.0,0.0,36.9,0.051,0.7,19.8,0.2,54.9,261.0,0.076,18.997,Vegetables
kale cooked,42,1.4,0.2,0.1,0.8,6.3,1.4,3.5,4.7,0.0,0.018,106.0,0.0,0.2,0.028,0.058,0.0,0.2,0.5,0.049,0.069,21.0,0.0,1.9,0.5,177.0,0.2,1.0,29.5,0.5,49.6,169.9,0.082,16.697,Vegetables
pupusas con frijoles,289,11.4,2.8,3.8,3.7,39.7,1.6,7.0,7.3,0.0,0.4,65.7,0.0,0.061,0.0,0.0,0.026,1.1,0.4,0.2,0.0,0.0,0.5,0.099,64.3,0.2,1.8,68.0,0.4,181.4,384.3,0.07,1.2,131.5,Other
mustard cabbage,36,0.1,0.016,0.057,0.033,7.2,1.8,1.4,4.0,0.0,0.9,117.9,0.0,0.0,0.031,0.093,0.0,0.1,0.9,0.2,0.4,0.0,0.0,0.049,0.1,85.8,0.077,0.9,19.2,0.3,34.6,314.9,0.024,13.276,Condiments & Sauces
butternut squash cooked,80,0.2,0.013,0.076,0.036,21.0,3.9,1.8,6.4,0.0,0.002,175.6,0.0,0.1,0.022,0.0,0.033,1.9,0.7,0.2,30.2,0.0,2.6,0.029,82.0,0.1,1.2,58.0,0.3,54.0,568.0,0.065,0.3,142.8,Vegetables
burdock root cooked,146,0.2,0.0,0.0,0.0,35.1,5.9,3.5,3.0,0.0,0.4,125.6,0.0,0.005,0.067,0.0,0.079,0.5,0.6,0.5,4.3,0.0,0.8,0.063,81.3,0.1,1.3,64.7,0.4,154.4,597.6,0.053,0.6,128.7,Other
cassava,330,0.6,0.2,0.2,0.061,78.4,3.5,2.8,3.7,0.0,0.099,122.9,0.0,0.0,0.2,0.051,0.0,0.082,1.8,0.2,0.2,42.4,0.0,0.4,0.011,33.0,0.2,0.6,43.3,0.8,55.6,558.3,0.086,85.964,Other
peas carrots cooked,77,0.7,0.1,0.004,0.3,16.2,7.0,4.9,5.0,0.0,0.5,137.3,0.0,0.4,0.016,0.0,0.1,1.8,0.3,0.1,13.0,0.0,0.8,0.057,36.8,0.1,1.5,25.6,0.3,78.4,252.8,0.035,0.7,78.1,Vegetables
romaine lettuce,8,0.1,0.049,0.085,0.079,1.5,0.6,0.6,1.0,0.0,0.083,44.5,0.0,0.09,0.051,0.0,0.006,0.1,0.092,0.026,1.9,0.0,0.011,0.099,15.5,0.07,0.5,6.6,0.002,14.1,116.1,0.045,0.1,21.1,Vegetables
chowchow pickles,296,2.2,0.4,0.4,1.0,65.3,58.5,3.7,3.7,0.0,1.3,168.8,0.0,0.0,0.067,0.0,0.066,0.0,0.2,0.022,14.7,0.0,0.4,0.2,56.4,0.2,3.4,51.5,0.2,53.9,490.0,0.091,0.6,149.4,Other
celeriac cooked,42,0.3,0.0,0.0,0.0,9.1,0.0,1.5,0.0,0.0,0.084,143.1,0.0,0.033,0.091,0.0,0.065,0.7,0.3,0.2,5.6,0.0,0.0,0.0,40.3,0.044,0.7,18.6,0.1,102.3,268.2,0.093,0.3,57.5,Vegetables
okra cooked,35,0.3,0.032,0.033,0.034,7.2,3.8,3.0,4.0,0.0,0.4,148.1,0.0,0.2,0.097,0.0,0.024,1.4,0.3,0.3,26.1,0.0,0.4,0.057,123.2,0.1,0.4,57.6,0.5,51.2,216.0,0.065,0.7,164.2,Vegetables
white icicle radish,14,0.1,0.076,0.083,0.091,2.6,0.0,1.1,1.4,0.0,0.049,95.4,0.0,0.002,0.097,0.0,0.095,0.3,0.2,0.079,29.0,0.0,0.0,0.0,27.0,0.036,0.8,9.0,0.047,28.0,280.0,0.044,0.1,62.0,Vegetables
orange tomato,18,0.2,0.097,0.062,0.046,3.5,0.0,1.3,1.0,0.0,0.001,105.2,0.0,0.0,0.067,0.06,0.0,0.027,0.7,0.2,0.071,17.8,0.0,0.0,0.0,5.6,0.079,0.5,8.9,0.099,32.2,235.3,0.006,6.093,Fruits
spaghetti squash cooked,42,0.4,0.091,0.0,0.2,10.0,3.9,1.0,2.2,0.0,0.4,143.1,0.0,0.026,0.099,0.0,0.017,1.3,0.6,0.2,5.4,0.0,0.2,0.083,32.6,0.097,0.5,17.1,0.2,0.0,181.4,0.056,0.3,52.1,Vegetables
white corn cooked,100,1.5,0.2,0.4,0.6,22.4,8.0,3.4,2.8,0.0,0.082,75.0,0.0,0.0,0.099,0.093,0.0,0.05,1.7,0.8,0.1,6.4,0.0,0.037,0.017,2.1,0.052,0.6,31.9,0.2,94.8,259.6,0.056,30.302,Vegetables
artichoke cooked,64,0.4,0.059,0.077,0.2,14.3,1.2,3.5,10.3,0.0,0.087,100.9,0.0,0.0,0.017,0.1,0.0,0.1,1.3,0.3,0.028,8.9,0.0,0.2,0.035,25.2,0.2,0.7,50.4,0.3,87.6,343.2,0.074,28.845,Vegetables
avocado,432,39.6,5.7,26.5,4.9,23.0,1.8,5.4,18.1,0.0,0.045,197.7,0.0,0.0,0.2,0.2,0.0,0.4,4.7,3.8,0.7,27.0,0.0,5.6,0.078,32.4,0.5,1.5,78.3,0.4,140.4,1309.5,0.052,87.302,Vegetables
string beans wellsley farms,8,0.0,0.0,0.0,0.0,1.7,0.3,0.3,0.087,1.0,0.0,0.0,0.0,0.0,0.0,0.0,0.0,0.0,0.0,0.0,0.0,0.0,0.0,0.0,0.0,0.0,0.0,0.0,0.0,0.0,0.0,0.0,0.0,2.09,Legumes & Beans
lambs quarters cooked,58,1.3,0.085,0.2,0.6,9.0,1.1,5.8,3.8,0.0,0.5,160.0,0.0,0.2,0.077,0.0,0.5,1.6,0.1,0.3,66.6,0.0,0.0,0.9,464.4,0.4,1.3,41.4,0.9,81.0,518.4,0.005,0.5,552.2,Other
peas cooked,134,0.4,0.065,0.05,0.2,25.0,9.5,8.6,8.8,0.0,0.074,124.6,0.0,0.0,0.4,0.1,0.0,0.2,3.2,0.2,0.3,22.7,0.0,0.2,0.011,43.2,0.3,2.5,62.4,0.8,187.2,433.6,0.005,43.499,Other
beets cooked,22,0.085,0.026,0.024,0.07,5.0,4.0,0.8,1.0,0.0,0.035,43.5,0.0,0.0,0.033,0.023,0.0,0.065,0.2,0.079,0.026,1.8,0.0,0.016,0.099,8.0,0.021,0.4,11.5,0.2,19.0,152.5,0.009,7.012,Other
shallots dried,3,0.013,0.063,0.043,0.061,0.7,0.3,0.1,0.1,0.0,0.059,0.087,0.0,0.0,0.044,0.02,0.0,0.013,0.018,0.05,0.096,0.4,0.0,0.093,0.043,1.6,0.082,0.021,0.9,0.088,2.7,14.9,0.032,1.07,Other
green lettuce,23,0.2,0.027,0.075,0.1,4.3,1.2,2.0,2.0,0.0,0.05,142.5,0.0,0.0,0.1,0.077,0.0,0.1,0.6,0.2,0.1,13.8,0.0,0.3,0.2,54.0,0.012,1.3,19.5,0.4,43.5,291.0,0.086,8.829,Vegetables
kohlrabi cooked,48,0.2,0.041,0.004,0.094,11.0,4.6,3.0,1.8,0.0,0.035,149.0,0.0,0.0,0.013,0.029,0.0,0.037,0.6,0.3,0.3,89.1,0.0,0.9,0.008,41.3,0.2,0.7,31.4,0.2,74.3,561.0,0.037,16.506,Other
kanpyo dried,139,0.3,0.041,0.012,0.1,35.1,0.0,4.6,5.3,0.0,0.056,10.8,0.0,0.0,0.0,0.087,0.0,0.085,1.6,1.4,0.3,0.1,0.0,0.0,0.0,151.2,0.2,2.8,67.5,0.6,101.5,854.3,0.058,45.8,Other
prairie turnips boiled,18,0.086,0.0,0.0,0.0,4.2,0.7,0.2,1.0,0.0,0.012,9.5,0.0,0.009,0.0,0.0,0.041,0.088,0.0,0.026,0.3,0.0,0.0,0.0,14.4,0.045,0.1,6.9,0.008,2.8,15.1,0.0,0.035,20.299,Vegetables
broccoli raab cooked,21,0.4,0.086,0.017,0.1,2.7,0.5,3.3,2.4,0.0,0.077,77.7,0.0,0.0,0.1,0.004,0.0,0.1,1.7,0.4,0.2,31.5,0.0,2.2,0.2,100.3,0.06,1.1,23.0,0.3,69.7,291.6,0.069,9.289,Vegetables
summer squash cooked,49,1.0,0.2,0.031,0.3,9.9,6.4,2.7,2.9,0.0,0.036,245.1,0.0,0.1,0.1,0.095,0.0,0.023,1.3,0.4,0.2,30.2,0.0,0.3,0.028,57.2,0.3,1.0,41.6,0.6,75.4,460.2,0.032,17.09,Vegetables
taro cooked,187,0.1,0.012,0.064,0.056,45.7,0.6,0.7,6.7,0.0,0.055,84.2,0.0,0.0,0.1,0.042,0.0,0.002,0.7,0.4,0.4,6.6,0.0,3.9,0.073,23.8,0.3,1.0,39.6,0.6,100.3,638.9,0.005,53.993,Other
spring onion scallions,6,0.077,0.029,0.055,0.031,1.5,0.5,0.4,0.5,0.0,0.048,18.0,0.0,0.0,0.025,0.06,0.0,0.043,0.1,0.097,0.055,3.8,0.0,0.1,0.006,14.4,0.057,0.3,4.0,0.09,7.4,55.2,0.056,2.554,Vegetables
hubbard squash cooked,57,0.7,0.1,0.042,0.3,12.3,5.6,2.8,5.5,0.0,0.5,173.1,0.0,0.0,0.084,0.001,0.0,0.064,0.6,0.6,0.2,12.4,0.0,0.2,0.029,19.0,0.095,0.5,24.7,0.2,26.6,406.6,0.053,21.554,Vegetables
jalapeno pepper,4,0.002,0.06,0.018,0.095,0.9,0.6,0.1,0.4,0.0,0.028,12.8,0.0,0.0,0.066,0.048,0.0,0.023,0.2,0.074,0.079,16.6,0.0,0.5,0.011,1.7,0.045,0.033,2.1,0.059,3.6,34.7,0.069,1.593,Vegetables
new zealand spinach cooked,22,0.3,0.027,0.028,0.1,3.8,0.5,2.3,2.5,0.0,0.6,170.6,0.0,0.022,0.038,0.0,0.2,0.7,0.5,0.4,28.8,0.0,2.2,0.5,86.4,0.1,1.2,57.6,0.9,39.6,183.6,0.055,0.6,125.3,Vegetables
spirulina dried,20,0.5,0.2,0.019,0.1,1.7,0.2,4.0,0.3,0.0,0.031,0.3,0.0,0.2,0.014,0.0,0.3,0.9,0.2,0.037,0.7,0.0,0.4,0.08,8.4,0.4,2.0,13.7,0.1,8.3,95.4,0.03,0.1,17.6,Other
chinese cabbage pe tsai cooked,17,0.2,0.011,0.059,0.086,2.9,0.0,1.8,2.0,0.0,0.3,113.3,0.0,0.021,0.044,0.0,0.008,0.6,0.042,0.2,18.8,0.0,0.0,0.0,38.1,0.022,0.4,11.9,0.2,46.4,267.8,0.075,0.2,64.2,Vegetables
zucchini cooked,27,0.6,0.1,0.095,0.3,4.8,3.1,2.1,1.8,0.0,0.077,171.4,0.0,0.008,0.097,0.0,0.039,0.9,0.5,0.1,23.2,0.0,0.2,0.075,32.4,0.075,0.7,34.2,0.3,66.6,475.2,0.025,0.6,65.6,Vegetables
green olives pickled,4,0.4,0.064,0.3,0.047,0.1,0.051,0.073,0.057,0.0,0.1,2.0,0.0,0.0,0.068,0.033,0.0,0.088,0.062,0.078,0.012,0.0,0.0,0.1,0.072,1.4,0.071,0.045,0.3,0.0,0.1,1.1,0.017,0.801,Other
grape leaves,13,0.3,0.085,0.063,0.1,2.4,0.9,0.8,1.5,0.0,0.005,10.3,0.0,0.041,0.061,0.0,0.027,0.3,0.034,0.02,1.6,0.0,0.3,0.035,50.8,0.03,0.4,13.3,0.4,12.7,38.1,0.092,0.007,57.8,Fruits
dill pickled cucumber,17,0.2,0.08,0.055,0.065,3.7,1.9,0.9,1.6,0.0,1.3,134.9,0.0,0.098,0.029,0.0,0.096,0.1,0.048,0.046,1.1,0.0,0.1,0.026,60.1,0.059,0.5,10.0,0.065,17.2,131.6,0.025,0.2,68.1,Vegetables
skunk cabbage,11,0.1,0.0,0.0,0.0,1.8,0.0,1.5,1.2,0.0,0.016,51.8,0.0,0.089,0.064,0.0,0.096,0.5,0.033,0.08,30.8,0.0,0.0,0.0,43.1,0.05,0.9,39.8,0.009,21.8,174.7,0.07,0.1,79.4,Vegetables
banana pepper,9,0.1,0.018,0.073,0.098,1.8,0.6,0.5,1.1,0.0,0.039,30.3,0.0,0.04,0.082,0.0,0.064,0.4,0.098,0.1,27.3,0.0,0.2,0.033,4.6,0.058,0.2,5.6,0.028,10.6,84.5,0.032,0.097,35.6,Fruits
purslane cooked,21,0.2,0.0,0.0,0.0,4.1,0.0,1.7,0.0,0.0,0.3,107.5,0.0,0.037,0.053,0.0,0.1,0.5,0.094,0.051,12.1,0.0,0.0,0.0,89.7,0.1,0.9,77.1,0.4,42.6,561.2,0.018,0.2,108.7,Other
swamp cabbage,20,0.2,0.0,0.0,0.0,3.6,0.0,2.0,1.9,0.0,0.4,91.1,0.0,0.045,0.063,0.0,0.034,0.5,0.1,0.086,15.7,0.0,0.0,0.0,52.9,0.097,1.3,29.4,0.1,41.2,278.3,0.087,0.2,77.6,Vegetables
onion cooked,7,0.034,0.095,0.098,0.092,1.5,0.7,0.2,0.2,0.0,0.04,13.2,0.0,0.0,0.048,0.07,0.0,0.026,0.044,0.072,0.078,0.8,0.0,0.022,0.084,3.3,0.067,0.069,1.7,0.084,5.3,24.9,0.055,2.171,Vegetables
cabbage cooked,35,0.019,0.0,0.012,0.061,8.3,4.2,1.9,2.9,0.0,0.011,138.9,0.0,0.0,0.063,0.031,0.0,0.042,0.4,0.3,0.2,56.3,0.0,0.2,0.2,72.0,0.067,0.3,22.5,0.3,49.5,294.0,0.023,13.566,Vegetables
taro leaves cooked,35,0.6,0.1,0.065,0.2,5.6,0.0,3.9,2.9,0.0,0.3,133.6,0.0,0.2,0.074,0.0,0.6,1.8,0.077,0.1,51.5,0.0,0.0,0.0,124.7,0.2,1.7,29.0,0.5,39.2,667.0,0.035,0.3,190.9,Other
leeks cooked,38,0.2,0.086,0.098,0.1,9.4,2.6,1.0,1.2,0.0,0.067,112.6,0.0,0.007,0.066,0.0,0.095,0.2,0.009,0.1,5.2,0.0,0.6,0.055,37.2,0.038,1.4,17.4,0.3,21.1,107.9,0.004,0.057,55.6,Other
split peas cooked,227,0.8,0.1,0.2,0.3,40.2,5.7,16.3,16.3,0.0,0.5,136.2,0.0,0.4,0.1,0.0,0.1,1.7,1.2,0.086,0.8,0.0,0.028,0.063,27.4,0.4,2.5,70.6,0.8,194.0,709.5,0.059,2.0,104.3,Other
sweet corn yellow,58,0.4,0.029,0.1,0.2,14.2,2.6,4.1,1.5,0.0,0.05,55.9,0.0,0.0,0.079,0.016,0.0,0.093,0.9,0.5,0.068,5.9,0.0,0.086,0.0,3.7,0.075,0.3,16.8,0.014,46.7,135.8,0.029,20.347,Vegetables
collard cooked,63,1.4,0.049,0.095,0.3,10.7,0.0,5.1,7.6,0.0,0.013,171.3,0.0,0.082,0.046,0.0,0.2,1.1,0.4,0.2,34.6,0.0,1.7,0.8,267.9,0.077,2.1,39.9,1.0,60.8,222.3,0.062,0.4,329.4,Other
swiss chard cooked,35,0.1,0.0,0.0,0.0,7.2,1.9,3.3,3.7,0.0,0.7,162.1,0.0,0.01,0.076,0.0,0.2,0.6,0.3,0.1,31.5,0.0,3.3,0.6,101.5,0.3,4.0,150.5,0.6,57.8,960.8,0.083,0.6,151.3,Other
nopales cooked,22,0.003,0.064,0.007,0.071,4.9,1.7,2.0,3.0,0.0,0.087,140.5,0.0,0.043,0.042,0.0,0.039,0.4,0.2,0.004,7.9,0.0,0.0,0.031,244.4,0.05,0.7,70.0,0.6,23.8,290.6,0.043,0.3,262.963,Other
tahitian taro cooked,60,0.9,0.2,0.015,0.4,9.4,0.0,5.7,0.0,0.0,0.4,118.5,0.0,0.078,0.094,0.0,0.3,0.7,0.2,0.2,52.1,0.0,0.0,0.0,204.1,0.1,2.1,69.9,0.2,91.8,853.5,0.085,0.1,274.3,Other
green chili pepper,18,0.097,0.067,0.088,0.034,4.3,2.3,0.9,0.7,0.0,0.023,39.5,0.0,0.0,0.051,0.041,0.0,0.035,0.4,0.073,0.1,109.1,0.0,0.3,0.017,8.1,0.059,0.5,11.3,0.1,20.7,153.0,0.055,6.188,Vegetables
parsnips cooked,114,0.5,0.081,0.2,0.018,27.2,7.7,2.1,6.4,0.0,0.021,128.4,0.0,0.0,0.1,0.037,0.0,0.01,1.2,0.9,0.1,20.8,0.0,1.6,0.065,59.2,0.2,0.9,46.4,0.5,110.4,587.2,0.056,36.576,Other
tomato stewed,97,3.3,0.6,1.3,1.1,16.1,0.0,2.4,2.1,0.0,0.6,99.2,0.0,0.0,0.1,0.083,0.0,0.073,1.4,0.3,0.1,22.4,0.0,0.0,0.0,32.0,0.1,1.3,18.5,0.2,46.7,303.8,0.08,24.1,Vegetables
sweet green peppers cooked,19,0.1,0.037,0.031,0.039,4.5,2.3,0.7,0.9,0.0,0.2,67.1,0.0,0.055,0.092,0.0,0.033,0.3,0.087,0.2,54.3,0.0,0.4,0.067,6.6,0.092,0.3,7.3,0.032,13.1,121.2,0.09,0.009,67.4,Vegetables
jalapeno peppers canned,37,1.3,0.1,0.031,0.7,6.4,2.9,1.3,3.5,0.0,2.3,120.9,0.0,0.017,0.092,0.0,0.046,0.5,0.6,0.3,13.6,0.0,0.9,0.06,31.3,0.2,2.6,20.4,0.2,24.5,262.5,0.03,0.5,60.0,Vegetables
pumpkin canned,83,0.7,0.4,0.098,0.032,19.8,8.1,2.7,7.1,0.0,0.6,220.4,0.0,0.092,0.015,0.0,0.1,0.9,1.0,0.1,10.3,0.0,2.6,0.067,63.7,0.3,3.4,56.4,0.4,85.8,504.7,0.064,0.4,107.7,Vegetables
peas onions canned,61,0.5,0.064,0.009,0.2,10.3,0.0,3.9,2.8,0.0,0.5,103.7,0.0,0.1,0.089,0.0,0.055,1.5,0.2,0.2,3.6,0.0,0.0,0.0,20.4,0.1,1.0,19.2,0.3,61.2,115.2,0.061,0.7,42.5,Other
sweet mashed potato canned,258,0.5,0.1,0.042,0.2,59.1,13.9,5.0,4.3,0.0,0.2,188.4,0.0,0.076,0.05,0.0,0.2,2.4,1.3,0.6,13.3,0.0,2.8,0.058,76.5,0.7,3.4,61.2,2.5,132.6,535.5,0.016,0.5,162.1,Vegetables
hominy canned,119,1.5,0.2,0.4,0.7,23.5,3.0,2.4,4.1,0.0,0.6,136.2,0.0,0.055,0.084,0.0,0.066,0.003,0.3,0.032,0.0,0.0,0.037,0.026,16.5,0.081,1.0,26.4,0.1,57.8,14.9,0.03,1.7,49.0,Other
tomato puree canned,95,0.5,0.098,0.028,0.2,22.5,12.1,4.1,4.8,0.0,0.002,219.7,0.0,0.0,0.056,0.076,0.0,0.2,3.7,1.1,0.3,26.5,0.0,4.9,0.038,45.0,0.7,4.5,57.5,0.4,100.0,1097.5,0.001,32.936,Vegetables
dried tomatoes canned in oil,6,0.4,0.072,0.3,0.076,0.7,0.0,0.2,0.2,0.0,0.056,1.6,0.0,0.005,0.026,0.0,0.038,0.1,0.095,0.062,3.1,0.0,0.0,0.0,1.4,0.032,0.057,2.4,0.084,4.2,47.0,0.063,0.038,6.037,Vegetables
mixed vegetables canned,88,0.6,0.1,0.039,0.3,17.5,0.0,3.5,9.3,0.0,0.5,221.1,0.0,0.0,0.03,0.097,0.0,0.098,1.2,0.3,0.2,9.3,0.0,0.0,0.0,51.5,0.3,1.6,36.8,1.0,90.7,338.1,0.02,31.4,Vegetables
capers canned,2,0.089,0.021,0.098,0.089,0.4,0.011,0.2,0.3,0.0,0.2,7.2,0.0,0.089,0.018,0.0,0.036,0.094,0.099,0.078,0.4,0.0,0.066,0.083,3.4,0.049,0.1,2.8,0.037,0.9,3.4,0.042,0.092,4.856,Other
red peppers canned,15,0.058,0.03,0.069,0.098,3.7,2.4,0.7,0.9,0.0,0.9,67.5,0.0,0.05,0.017,0.0,0.016,0.6,0.002,0.1,49.6,0.0,0.5,0.037,5.1,0.076,0.4,10.2,0.1,12.4,136.5,0.027,0.1,60.443,Vegetables
carrots canned,104,0.6,0.1,0.009,0.3,24.4,11.2,2.6,8.2,0.0,0.2,422.2,0.0,0.0,0.061,0.069,0.0,0.1,1.9,0.6,0.5,9.1,0.0,3.3,0.028,140.7,0.5,2.4,40.9,2.0,90.8,717.3,0.1,36.875,Vegetables
tomatoes in tomato juice canned,41,0.3,0.08,0.013,0.1,9.6,5.7,1.9,2.4,0.0,0.3,226.3,0.0,0.1,0.083,0.0,0.1,1.7,0.3,0.3,22.3,0.0,1.6,0.024,74.4,0.2,2.3,26.4,0.2,45.6,451.2,0.06,0.3,113.2,Fruit Juices
asparagus canned,62,0.7,0.2,0.015,0.3,10.2,4.1,7.4,4.1,0.0,0.1,387.7,0.0,0.2,0.3,0.0,0.4,3.5,0.5,0.4,67.8,0.0,1.2,0.2,61.7,0.4,2.5,37.0,0.6,156.2,706.9,0.025,1.9,154.4,Vegetables
sweet red peppers canned,25,0.4,0.013,0.006,0.2,5.5,0.0,1.1,1.7,0.0,1.9,127.8,0.0,0.066,0.097,0.0,0.088,0.8,0.024,0.2,65.1,0.0,0.0,0.0,57.4,0.2,1.1,15.4,0.2,28.0,204.4,0.088,0.3,132.3,Vegetables
onions canned,12,0.084,0.045,0.06,0.042,2.5,1.4,0.5,0.8,0.0,0.2,59.3,0.0,0.049,0.022,0.0,0.001,0.062,0.048,0.095,2.7,0.0,0.038,0.087,28.4,0.042,0.011,3.8,0.074,17.6,69.9,0.025,0.2,34.925,Other
turnip greens canned,27,0.4,0.1,0.047,0.2,4.0,0.6,2.0,1.9,0.0,0.082,136.4,0.0,0.017,0.1,0.0,0.078,0.5,0.3,0.098,22.3,0.0,2.1,0.4,169.9,0.1,2.2,28.8,0.4,30.2,203.0,0.066,0.3,202.7,Vegetables
hearts of palm,9,0.2,0.056,0.029,0.02,1.5,0.0,0.8,0.8,0.0,0.1,29.8,0.0,0.054,0.018,0.0,0.012,0.1,0.072,0.08,2.6,0.0,0.0,0.0,19.1,0.066,1.0,12.5,0.5,21.5,58.4,0.09,0.4,26.0,Other
spinach canned,44,0.9,0.1,0.074,0.4,6.8,0.0,4.9,3.7,0.0,0.7,218.1,0.0,0.014,0.1,0.0,0.2,0.6,0.073,0.2,31.6,0.0,0.0,0.0,194.2,0.3,3.7,131.0,1.2,74.9,538.2,0.053,1.0,245.8,Vegetables
sweet potato canned,568,1.3,0.3,0.08,0.5,133.5,98.3,6.3,16.0,0.0,0.3,493.7,0.0,0.2,0.074,0.0,0.3,2.9,2.1,0.3,67.0,0.0,6.0,0.098,95.7,0.8,5.1,82.9,3.2,172.3,1180.3,0.037,1.2,324.9,Vegetables
corn canned,49,0.6,0.032,0.1,0.2,11.1,3.3,1.6,1.4,0.0,0.2,66.1,0.0,0.0,0.065,0.07,0.0,0.022,0.7,0.4,0.011,2.1,0.0,0.098,0.0,3.2,0.02,0.3,12.0,0.085,36.8,108.8,0.051,14.834,Vegetables
peas carrots canned,97,0.7,0.1,0.052,0.3,21.6,7.2,5.5,8.4,0.0,0.7,224.8,0.0,0.0,0.2,0.091,0.0,0.1,1.5,0.3,0.2,16.8,0.0,1.0,0.059,58.7,0.3,1.9,35.7,0.9,117.3,255.0,0.05,36.729,Vegetables
crookneck squash canned,27,0.1,0.088,0.065,0.027,6.2,2.5,1.3,2.9,0.0,0.006,201.7,0.0,0.039,0.013,0.0,0.034,0.9,0.1,0.018,5.7,0.0,0.3,0.052,25.2,0.2,1.5,27.3,0.2,44.1,201.6,0.026,0.6,42.9,Vegetables
tomatoes canned,77,0.7,0.062,0.1,0.3,17.6,10.6,4.0,4.6,0.0,0.3,216.4,0.0,0.2,0.083,0.0,0.1,3.0,0.7,0.4,22.3,0.0,3.0,0.038,82.3,0.4,3.1,48.4,0.4,77.4,709.1,0.096,0.7,134.6,Vegetables
pimento canned,44,0.6,0.004,0.081,0.3,9.8,5.2,2.1,3.6,0.0,0.006,178.8,0.0,0.061,0.016,0.0,0.1,1.2,0.068,0.4,163.0,0.0,1.3,0.098,11.5,0.071,3.2,11.5,0.2,32.6,303.4,0.099,0.4,193.8,Other
sweet green peppers canned,25,0.4,0.037,0.015,0.2,5.5,0.0,1.1,1.7,0.0,1.9,127.8,0.0,0.077,0.026,0.0,0.012,0.8,0.087,0.2,65.1,0.0,0.0,0.0,57.4,0.2,1.1,15.4,0.2,28.0,204.4,0.061,0.3,132.3,Vegetables
peas canned,57,0.8,0.1,0.021,0.4,9.5,0.0,3.5,0.0,0.0,0.2,65.5,0.0,0.0,0.088,0.019,0.0,0.04,0.8,0.0,0.0,7.4,0.0,0.0,0.0,19.2,0.091,0.9,14.4,0.2,52.0,84.0,0.0,13.89,Other
chili peppers canned,29,0.4,0.013,0.053,0.2,6.4,0.0,1.0,2.4,0.0,0.6,129.6,0.0,0.054,0.039,0.0,0.07,0.9,0.1,0.2,47.5,0.0,0.0,0.0,50.0,0.0,1.8,5.6,0.0,15.3,157.1,0.043,0.1,109.5,Vegetables
green peppers canned,15,0.074,0.096,0.015,0.062,3.7,2.3,0.7,0.9,0.0,0.9,67.5,0.0,0.052,0.037,0.0,0.01,0.6,0.093,0.1,49.6,0.0,0.5,0.003,5.1,0.062,0.4,10.2,0.1,12.4,136.5,0.034,0.1,60.468,Vegetables
grape leaves canned,20,0.6,0.065,0.016,0.3,3.3,0.0,1.2,2.8,0.0,0.8,21.5,0.0,0.083,0.054,0.0,0.1,1.3,1.2,0.01,3.2,0.0,0.5,0.075,81.8,0.5,0.8,4.0,0.004,9.6,8.2,0.044,0.1,93.7,Fruits
sauerkraut canned,27,0.2,0.023,0.056,0.01,6.1,2.5,1.3,4.1,0.0,0.9,131.4,0.0,0.0,0.047,0.041,0.0,0.052,0.2,0.1,0.2,20.9,0.0,0.2,0.096,42.6,0.1,2.1,18.5,0.2,28.4,241.4,0.094,12.078,Other
beets canned,69,0.2,0.017,0.06,0.099,16.2,13.2,2.0,3.0,0.0,0.02,225.4,0.0,0.077,0.093,0.0,0.037,0.4,0.4,0.1,6.9,0.0,0.051,0.028,32.0,0.2,1.5,39.4,0.6,39.4,349.3,0.063,0.6,61.8,Other
stewed tomatoes canned,66,0.5,0.078,0.058,0.2,15.8,9.0,2.3,2.6,0.0,0.6,233.4,0.0,0.0,0.1,0.057,0.0,0.02,1.8,0.3,0.091,20.1,0.0,2.1,0.039,86.7,0.3,3.4,30.6,0.2,51.0,527.9,0.082,21.684,Vegetables
tomato paste canned,215,1.2,0.3,0.2,0.4,49.5,31.9,11.3,10.7,0.0,2.1,192.6,0.0,0.2,0.018,0.0,0.4,8.1,0.4,0.6,57.4,0.0,11.3,0.005,94.3,1.0,7.8,110.0,0.8,217.5,2656.7,0.07,1.7,232.2,Vegetables
bacon ranch salad mcdonalds,389,20.1,5.2,7.9,5.2,19.4,4.9,28.1,3.2,70.2,0.9,246.8,0.0,0.2,0.0,0.0,0.2,9.6,1.8,0.0,30.9,0.0,0.0,0.0,146.7,0.0,1.9,0.0,0.0,0.0,0.0,0.0,0.0,250.3,Fast Food
caesar salad with grilled chicken mcdonalds,201,5.6,3.0,1.5,0.6,11.3,4.8,29.1,3.3,71.0,0.6,245.5,0.0,0.2,0.0,0.0,0.2,11.3,1.5,0.0,31.4,0.0,0.0,0.0,189.4,0.0,1.8,0.0,0.0,0.0,754.8,0.0,0.0,271.9,Fast Food
caesar salad mcdonalds,94,4.4,2.5,1.0,0.3,9.1,4.4,6.8,3.4,10.7,0.2,191.1,0.0,0.018,0.1,0.0,0.016,0.5,0.0,0.0,30.0,0.0,0.0,0.0,183.2,0.0,1.3,19.2,0.0,168.3,460.1,0.068,0.0,238.2,Fast Food
vegetable salad,22,0.054,0.053,0.03,0.016,4.4,0.0,1.7,0.0,0.0,0.025,131.8,0.0,0.065,0.027,0.0,0.007,0.8,0.2,0.1,32.0,0.0,0.0,0.0,17.9,0.053,0.9,15.2,0.2,53.8,237.4,0.055,0.3,56.916,Vegetables
vegetable salad with chicken,70,1.5,0.4,0.5,0.4,2.5,0.0,11.6,0.0,47.9,0.1,126.5,0.077,0.034,0.032,0.056,0.068,3.9,0.4,0.3,11.6,0.0,0.0,0.0,24.7,0.08,0.7,21.8,0.2,113.3,297.9,0.014,0.6,52.69,Poultry
potato salad,358,20.5,3.6,6.2,9.3,27.9,0.0,6.7,3.3,170.0,1.3,190.0,0.048,0.2,0.038,0.0,0.2,2.2,1.3,0.4,25.0,0.0,0.0,0.0,47.5,0.3,1.6,37.5,0.3,130.0,635.0,0.081,0.8,132.547,Vegetables
taco salad taco bell,906,48.9,15.9,21.2,4.0,80.5,0.0,35.7,16.0,101.3,1.9,358.8,0.0,0.8,0.2,0.09,0.6,8.0,1.1,0.5,0.0,0.0,2.9,0.072,506.4,0.8,9.4,143.9,1.4,549.0,1220.6,0.095,6.2,696.9,Fast Food
iceberg lettuce,8,0.045,0.089,0.015,0.076,1.7,1.1,0.5,0.7,0.0,0.022,54.5,0.0,0.0,0.015,0.07,0.0,0.059,0.061,0.046,0.042,1.6,0.0,0.1,0.079,10.3,0.033,0.2,4.0,0.061,11.4,80.4,0.007,3.064,Vegetables
cornsalad,12,0.2,0.0,0.0,0.0,2.0,0.0,1.1,0.0,0.0,0.067,52.0,0.0,0.0,0.096,0.002,0.0,0.072,0.2,0.024,0.2,21.4,0.0,0.0,0.0,21.3,0.092,1.2,7.3,0.2,29.7,257.0,0.006,3.593,Other
potato salad with egg,393,23.5,3.6,5.0,12.5,40.5,12.4,4.9,3.3,42.5,0.8,177.5,0.09,0.002,0.046,0.003,0.063,2.0,1.1,0.3,2.0,0.083,1.7,0.047,37.5,0.1,1.3,37.5,0.3,132.5,605.0,0.039,0.8,113.038,Eggs
side salad mcdonalds,17,0.2,0.014,0.061,0.031,3.7,1.9,0.9,1.4,0.0,0.037,81.7,0.0,0.098,0.059,0.0,0.042,0.2,0.0,0.0,13.7,0.0,0.0,0.0,20.9,0.0,0.6,0.0,0.0,0.0,191.4,0.0,0.0,41.4,Fast Food
caesar salad with crispy chicken mcdonalds,349,16.4,4.3,6.5,4.7,19.2,4.5,25.7,3.4,55.6,0.7,243.4,0.0,0.2,0.0,0.0,0.2,9.6,1.8,0.0,30.9,0.0,0.0,0.0,188.5,0.0,1.8,0.0,0.0,0.0,784.9,0.0,0.0,285.9,Fast Food
grape apple salad with walnuts,191,8.2,1.1,1.4,5.3,25.6,20.3,3.5,3.6,1.6,0.087,124.7,0.069,0.063,0.051,0.008,0.1,0.3,0.3,0.2,7.8,0.0,0.2,0.077,70.1,0.2,0.5,27.7,0.3,97.8,264.1,0.016,0.6,119.357,Fruits
vegetable salad with cheese egg,68,3.9,2.0,1.2,0.3,3.2,0.0,5.8,0.0,65.1,0.044,130.8,0.01,0.013,0.056,0.012,0.1,0.7,0.3,0.002,6.5,0.0,0.0,0.0,66.5,0.083,0.4,15.9,0.2,88.2,247.3,0.036,0.7,86.317,Eggs
celtuce,1,0.088,0.0,0.0,0.0,0.3,0.0,0.071,0.1,0.0,0.094,7.6,0.0,0.033,0.091,0.0,0.031,0.02,0.047,0.034,1.6,0.0,0.0,0.0,3.1,0.047,0.079,2.2,0.049,3.1,26.4,0.074,0.045,5.255,Vegetables
arugula,5,0.1,0.029,0.015,0.057,0.7,0.4,0.5,0.3,0.0,0.018,18.3,0.0,0.015,0.055,0.0,0.053,0.07,0.035,0.044,3.0,0.0,0.043,0.067,32.0,0.072,0.3,9.4,0.095,10.4,73.8,0.011,0.091,36.9,Vegetables
vegetable salad with shrimp,71,1.7,0.4,0.5,0.3,4.4,0.0,9.7,0.0,119.5,0.3,140.2,0.0,0.049,0.018,0.058,0.1,0.8,0.3,0.099,6.1,0.0,0.0,0.0,39.3,0.1,0.6,25.2,0.082,107.0,269.0,0.088,0.8,61.8,Seafood
coleslaw,292,18.9,3.1,5.1,10.2,28.4,23.3,1.8,3.6,7.6,0.4,140.2,0.018,0.075,0.03,0.0,0.0,0.017,0.4,0.5,0.2,27.9,0.0,1.0,0.1,57.3,0.039,0.4,15.3,0.2,38.2,246.4,0.0,53.118,Vegetables
shiitake mushrooms cooked,10,0.007,0.061,0.051,0.064,2.6,0.7,0.3,0.4,0.0,0.048,15.0,0.0,0.0,0.038,0.098,0.0,0.063,0.3,0.6,0.064,0.032,0.08,0.0,0.0,0.5,0.2,0.042,2.5,0.086,5.2,21.1,0.055,3.573,Vegetables
crimini mushrooms,1,0.018,0.054,0.014,0.025,0.3,0.1,0.2,0.064,0.0,0.086,5.5,0.0,0.0,0.087,0.074,0.041,0.076,0.2,0.094,0.001,0.0,0.099,0.015,0.0,1.1,0.098,0.007,0.5,0.048,7.2,26.9,0.038,0.681,Vegetables
portabella mushrooms grilled,35,0.7,0.023,0.021,0.3,5.4,2.7,4.0,2.7,0.0,0.047,109.7,0.0,0.0,0.07,0.04,0.0,0.5,7.6,1.5,0.1,0.0,0.093,0.0,0.0,3.6,0.5,0.5,15.7,0.012,163.4,528.8,0.074,13.4,Vegetables
shiitake mushrooms dried,11,0.061,0.014,0.004,0.058,2.7,0.046,0.3,0.4,0.0,0.086,0.3,0.0,0.039,0.094,0.0,0.063,0.5,0.8,0.042,0.1,0.056,0.0,0.0,0.4,0.2,0.022,4.8,0.051,10.6,55.2,0.091,0.3,4.01,Vegetables
chanterelle mushrooms,2,0.063,0.0,0.0,0.0,0.4,0.076,0.033,0.2,0.0,0.028,4.9,0.0,0.0,0.002,0.077,0.0,0.052,0.2,0.083,0.01,0.0,0.048,0.0,0.0,0.8,0.067,0.2,0.7,0.024,3.1,27.3,0.064,0.757,Vegetables
cloud ear fungus dried,80,0.2,0.0,0.0,0.0,20.4,0.0,2.6,19.6,0.0,0.036,4.1,0.0,0.097,0.038,0.0,0.2,1.8,0.1,0.099,0.0,0.0,0.0,0.0,44.5,0.022,1.6,23.2,0.5,51.5,211.1,0.089,0.4,88.9,Other
mushrooms cooked,44,0.7,0.05,0.004,0.3,8.3,3.7,3.4,3.4,0.0,0.011,142.1,0.0,0.0,0.1,0.016,0.0,0.5,7.0,3.4,0.1,6.2,0.043,0.091,0.0,9.4,0.8,2.7,18.7,0.2,135.7,555.4,0.05,16.7,Vegetables
pepeao dried,72,0.1,0.0,0.0,0.0,19.4,0.0,1.2,0.0,0.0,0.072,2.7,0.0,0.0,0.2,0.091,0.0,0.056,0.7,5.2,0.2,0.3,0.0,0.0,0.0,27.1,1.2,1.5,35.0,0.3,27.8,169.9,0.022,22.1,Other
truffles,61,4.1,2.2,1.5,0.1,5.4,4.6,0.7,0.3,6.4,0.034,1.6,0.064,0.049,0.082,0.061,0.028,0.086,0.013,0.045,0.019,0.0,0.2,0.082,18.8,0.005,0.2,5.8,0.09,20.5,35.6,0.032,0.2,29.59,Other
jews ear,25,0.095,0.0,0.0,0.0,6.7,0.0,0.5,0.0,0.0,0.027,91.7,0.0,0.002,0.009,0.0,0.2,0.012,2.0,0.082,0.6,0.0,0.0,0.0,15.8,0.4,0.6,24.8,0.04,13.9,42.6,0.034,0.7,24.249,Other
enoki mushrooms,1,0.099,0.027,0.0,0.01,0.2,0.034,0.062,0.089,0.0,0.084,2.7,0.0,0.0,0.087,0.031,0.0,0.021,0.2,0.0,0.095,0.0,0.072,0.088,0.0,0.0,0.099,0.034,0.5,0.015,3.2,10.8,0.096,0.433,Vegetables
morel mushrooms,4,0.07,0.056,0.031,0.007,0.7,0.096,0.4,0.4,0.0,0.08,11.6,0.0,0.0,0.062,0.074,0.0,0.008,0.3,0.028,0.055,0.0,0.005,0.0,0.0,5.5,0.056,1.6,2.5,0.06,25.0,53.0,0.069,1.727,Vegetables
oyster mushroom,5,0.035,0.016,0.039,0.099,0.9,0.2,0.5,0.3,0.0,0.098,13.4,0.0,0.0,0.016,0.017,0.0,0.077,0.7,0.2,0.056,0.0,0.097,0.0,0.0,0.5,0.008,0.2,2.7,0.055,18.0,63.0,0.048,1.804,Seafood
